county_fips,streets_per_node_avg
1001,2.455156431054461
1003,2.501281366791244
1005,2.5263852242744065
1007,2.39880209633142
1009,2.3345195729537367
1011,2.409679618268575
1013,2.520200333889816
1015,2.6169149709302326
1017,2.5737989103516594
1019,2.390085756117967
1021,2.4833101529902644
1023,2.3490131578947366
1025,2.3629277566539924
1027,2.476793248945148
1029,2.413758048119281
1031,2.6910485933503843
1033,2.6519561815336465
1035,2.4588928922371442
1037,2.30002904443799
1039,2.651706308169597
1041,2.5106564364876385
1043,2.4763858093126387
1045,2.5705996131528046
1047,2.4776057506220623
1049,2.5141331249185876
1051,2.3976985331310066
1053,2.496560239901217
1055,2.6727432738244907
1057,2.5317031560989482
1059,2.589180503481521
1061,2.7591105620753558
1063,2.2666229937766134
1065,2.3735437805336344
1067,2.5202185792349727
1069,2.7881355932203387
1071,2.4256279139720256
1073,2.649292910183039
1075,2.5143082173798903
1077,2.5941411795070333
1079,2.4766509433962263
1081,2.453625456442358
1083,2.5851003940701816
1085,2.299334811529933
1087,2.375559284116331
1089,2.4764347060787233
1091,2.408270676691729
1093,2.5369272237196765
1095,2.5888860303576022
1097,2.508615250206281
1099,2.445527236381809
1101,2.6561052888130634
1103,2.7264219915192283
1105,2.3520309477756287
1107,2.3954869358669835
1109,2.46670397313934
1111,2.4806389157792843
1113,2.5504457050243112
1115,2.2914243417574283
1117,2.3304733727810647
1119,2.4033816425120773
1121,2.4592971749187917
1123,2.407061688311688
1125,2.4847607696237017
1127,2.43766846361186
1129,2.3336798336798337
1131,2.3755274261603376
1133,2.3379394432026013
2013,2.2322097378277155
2020,2.594742321707444
2050,2.3847736625514404
2060,2.2222222222222223
2068,2.2665534804753817
2070,2.3325415676959618
2090,2.4836454761276707
2100,2.2857142857142856
2105,2.206489675516224
2110,2.501110288675056
2122,2.250034046030233
2130,2.2531120331950207
2150,2.3699059561128526
2158,2.3886138613861387
2164,2.2071005917159763
2170,2.29225
2180,2.6385696040868454
2185,2.450189155107188
2188,2.58852867830424
2195,2.4026402640264033
2198,2.2942830365510782
2220,2.2477558348294435
2230,3.093220338983051
2240,2.4051094890510947
2261,2.299917830731306
2275,2.2163934426229512
2282,2.1870503597122304
2290,2.429223744292237
4001,2.3060218978102194
4003,2.6029917726252805
4005,2.4879017154843064
4007,2.3167636171337915
4009,2.386681589255736
4011,2.4525240384615383
4012,2.5820166618787703
4013,2.7681971241064547
4015,2.6837293066426544
4017,2.445786794316541
4019,2.6590904731764393
4021,2.720114842526536
4023,2.4443221427261053
4025,2.4376047470217874
4027,2.7847016504443505
5001,2.602147913107152
5003,2.516460905349794
5005,2.3755642023346297
5007,2.4955776370386547
5009,2.4750051429746964
5011,2.5499707773232028
5013,2.595061728395062
5015,2.337916446324696
5017,2.594650205761317
5019,2.535724786827404
5021,2.7477732793522267
5023,2.3635781383432963
5025,2.3208333333333333
5027,2.5413050466088074
5029,2.4161868202175305
5031,2.5744739756367663
5033,2.3722233340004
5035,2.70945945945946
5037,2.543025540275049
5039,2.6022552537160437
5041,2.5445859872611467
5043,2.4314994606256737
5045,2.5135480209958856
5047,2.3979278587874138
5049,2.4647372857544254
5051,2.5000428192172652
5053,2.4078194532739987
5055,2.4852362204724407
5057,2.466049382716049
5059,2.535868625756266
5061,2.5191018766756037
5063,2.433114035087719
5065,2.4122614951517045
5067,2.5975118916941087
5069,2.683104284559418
5071,2.3737745098039214
5073,2.3903839253677788
5075,2.628035790370686
5077,2.509183673469388
5079,2.3925276752767526
5081,2.5467091295116773
5083,2.5344699777613044
5085,2.4942182001005535
5087,2.3345975558364938
5089,2.3971949509116413
5091,2.5963855421686746
5093,2.754325259515571
5095,2.4955577492596253
5097,2.2873321042928634
5099,2.780330882352941
5101,2.2061337355455004
5103,2.4886145988508197
5105,2.3598152424942263
5107,2.6102613129381766
5109,2.404303880013042
5111,2.5698550724637683
5113,2.2988088027458105
5115,2.425510376244305
5117,2.5647279549718576
5119,2.66900650101703
5121,2.594465648854962
5123,2.5172413793103448
5125,2.4214270545763434
5127,2.4102026554856737
5129,2.258503401360544
5131,2.8725033788857184
5133,2.6038483305036784
5135,2.4892067620286085
5137,2.2506690454950937
5139,2.4265898979324785
5141,2.3360193392425463
5143,2.474062250598564
5145,2.476403156170909
5147,2.585929648241206
5149,2.391390728476821
6001,2.7911931818181817
6003,2.3127272727272725
6005,2.3164340643691257
6007,2.4390463649594567
6009,2.36545768566494
6011,2.5987721198988805
6013,2.580457798255073
6015,2.3880510440835265
6017,2.3573848482664173
6019,2.8487066861883847
6021,2.532770171861346
6023,2.366309171597633
6025,2.91160797034291
6027,2.4716197508075686
6029,2.685098601981298
6031,2.817261587639851
6033,2.3996251561849236
6035,2.5317145688800795
6037,2.8359641235694384
6039,2.647263361236317
6041,2.4760244936410745
6043,2.270263957019388
6045,2.296821439700841
6047,2.6478739066424177
6049,2.434394193188163
6051,2.4124685138539044
6053,2.6203427719821164
6055,2.581024667931689
6057,2.3416901702705526
6059,2.6189918078345134
6061,2.5180331099724085
6063,2.438609746883264
6065,2.611670657392979
6067,2.6757456222737046
6069,2.365038560411311
6071,2.6703807875378622
6073,2.574890594418666
6075,3.3057542436212235
6077,2.7936034506492917
6079,2.5471818053397373
6081,2.8039727340504847
6083,2.6211883408071746
6085,2.710275847546852
6087,2.4288294486969986
6089,2.2999041227229147
6091,2.4068698597000484
6093,2.4266051981024916
6095,2.6106841307642346
6097,2.4530638214565386
6099,2.7611725732858305
6101,2.733868943007783
6103,2.435375474822246
6105,2.1524951809809383
6107,2.755262861645841
6109,2.3403111739745404
6111,2.628559834735133
6113,2.686790436757045
6115,2.510071210579857
8001,2.831358653526741
8003,2.861516034985423
8005,2.72584338941249
8007,2.3208621390809268
8009,2.8426896977174585
8011,2.667530224525043
8013,2.7223059016842392
8014,2.7774380923265056
8015,2.5426739023186977
8017,2.886363636363636
8019,2.389610389610389
8021,2.8142747505755947
8023,2.467804249839021
8025,2.752808988764045
8027,2.3954703832752613
8029,2.521622655951014
8031,3.2757344300822564
8033,2.354
8035,2.589009990917348
8037,2.326078353779185
8039,2.440907658367476
8041,2.6873186081324656
8043,2.4857512953367875
8045,2.382287411808392
8047,3.4286620164870008
8049,2.4032858028518294
8051,2.4343200740055506
8053,2.351123595505618
8055,2.485854189336235
8057,2.1894736842105265
8059,2.6337675748669467
8061,2.7860169491525424
8063,2.930688554491564
8065,2.7065727699530515
8067,2.3819869642504443
8069,2.6088009037602884
8071,2.488799732530926
8073,2.811057108140948
8075,2.9794970986460347
8077,2.5928416485900216
8079,2.384297520661157
8081,2.296241709653648
8083,2.5680287382128424
8085,2.468298653610771
8087,2.726032070965541
8089,2.8045977011494254
8091,2.349602724177072
8093,2.3902439024390243
8095,3.361616161616161
8097,2.3650290544109884
8099,2.824757281553398
8101,2.782571752265861
8103,2.285525154457193
8105,2.7304550758459745
8107,2.3812734082397005
8109,2.4378818737270875
8111,2.7032258064516133
8113,2.365658362989324
8115,3.1253481894150417
8117,2.525619128949616
8119,2.348145878026356
8121,2.8201754385964914
8123,2.7383803270245908
8125,2.834129178185474
9001,2.5986604361370715
9003,2.7064875785692912
9005,2.4879163945133898
9007,2.4911721432074545
9009,2.658286358511837
9011,2.578961361219425
9013,2.5551654038070595
9015,2.605325914149444
10001,2.6473576006772284
10003,2.7650861134007205
10005,2.659707250652445
11001,3.2706372014666534
12001,2.6359809149593043
12003,2.4533401325854154
12005,2.738651505729768
12007,2.5393258426966288
12009,2.7832521759135003
12011,2.916182725339441
12013,2.4401780745687263
12015,2.868054707534497
12017,2.6955651668710865
12019,2.5404710480304438
12021,2.6771316446664293
12023,2.5233085434427722
12027,2.658404686795854
12029,2.5762996087199554
12031,2.7279090560735733
12033,2.7274715926353528
12035,2.6024616368286444
12037,2.6375150784077204
12039,2.5867298578199054
12041,2.553125
12043,2.5123010130246017
12045,2.5722166499498496
12047,2.611940298507463
12049,2.6440257808626675
12051,2.6611777839799045
12053,2.72540750952883
12055,2.8328621320472314
12057,2.78834311605396
12059,2.393793103448276
12061,2.8439356301976457
12063,2.574002574002574
12065,2.6062389640965278
12067,2.574866310160428
12069,2.6627735743665264
12071,2.875529136269477
12073,2.63218881069169
12075,2.6811224489795915
12077,2.3619791666666665
12079,2.713888888888889
12081,2.804843537414966
12083,2.7717630613314697
12085,2.6138296389237414
12086,3.01741552444477
12087,2.5677382319173363
12089,2.4731525784157364
12091,2.6249698140545763
12093,2.535831689677844
12095,2.82932753771414
12097,2.798439431396786
12099,2.713054441734529
12101,2.673780107325596
12103,2.8936619146806613
12105,2.7518161248064783
12107,2.6527409117137912
12109,2.6386075949367087
12111,2.8659633222403174
12113,2.536448769739258
12115,2.7899096698996795
12117,2.657273646037691
12119,2.7635504990876893
12121,2.595788926436184
12123,2.6698070883804395
12125,2.3989696622781906
12127,2.758819104926664
12129,2.4352727272727277
12131,2.48529916485528
12133,2.50647171620326
13001,2.8080198722498224
13003,2.6457142857142864
13005,2.754032258064516
13007,2.6230838593327324
13009,2.563594470046083
13011,2.4070660522273424
13013,2.4393617021276595
13015,2.45722759912582
13017,2.7927429274292743
13019,2.746648793565684
13021,2.6922637412867103
13023,2.7220447284345046
13025,2.501969611705121
13027,2.8045738045738045
13029,2.610715496778569
13031,2.5914369908129657
13033,2.7201581027667983
13035,2.4385964912280698
13037,2.7308319738988582
13039,2.4646563540238886
13043,2.586848635235732
13045,2.4605695509309973
13047,2.3668022369089985
13049,2.6392203659506763
13051,2.7833589237405865
13053,2.7152751058099267
13055,2.4142136248948702
13057,2.335533081933493
13059,2.6585946804287417
13061,2.537433155080214
13063,2.5189584719186544
13065,2.7026573426573433
13067,2.4359083320685992
13069,2.6185312962050267
13071,2.6939125464418403
13073,2.453891308464306
13075,2.742724097788125
13077,2.4274615058624103
13079,2.4511627906976745
13081,2.9706196581196584
13083,2.2934526613283093
13085,2.4018227009113504
13087,2.7879057358826147
13089,2.5051113916832968
13091,2.7309286898839136
13093,2.801068883610452
13095,2.8681672025723475
13097,2.370902279113331
13099,2.610325752919484
13101,2.5300813008130083
13103,2.5131834582292534
13105,2.5733610822060355
13107,2.664528201015772
13109,2.6257498846331333
13111,2.2864271457085827
13113,2.400100233879051
13115,2.5911845730027547
13117,2.335184196476241
13119,2.4676169817167652
13121,2.6002411659851106
13123,2.257864238410596
13125,2.4927302100161546
13127,2.6306916426512967
13129,2.4768683274021357
13131,2.751736111111111
13133,2.5618069815195077
13135,2.376362035997208
13137,2.3697461506450272
13139,2.4562729192132458
13141,2.3271812080536907
13143,2.375
13145,2.307454890788224
13147,2.4195646027707096
13149,2.4216133942161338
13151,2.447980163240004
13153,2.562044639759454
13155,2.6666666666666665
13157,2.4151424925563587
13159,2.4403349616189813
13161,2.6837284482758617
13163,2.6661162483487453
13165,2.5755494505494507
13167,2.612776025236593
13169,2.463608562691132
13171,2.62557781201849
13173,2.609575185434929
13175,2.7423810567857925
13177,2.58694109297374
13179,2.529475275318506
13181,2.303538175046555
13183,2.4510061242344707
13185,2.7364169174718835
13187,2.2505314303067108
13189,2.5763523216850173
13191,2.4390243902439024
13193,2.6172914147521156
13195,2.4064594759293114
13197,2.425858290723156
13199,2.5256143273635985
13201,2.7218309859154934
13205,2.8346681922196795
13207,2.506660323501427
13209,2.6993067590987874
13211,2.4358717434869743
13213,2.4230229293401964
13215,2.7308898259271275
13217,2.4574047073526346
13219,2.5244835501147667
13221,2.345844504021448
13223,2.2681818181818185
13225,2.5214128035320087
13227,2.4072784810126584
13229,2.6279761904761907
13231,2.506190823015295
13233,2.4328219432821943
13235,2.752596789423985
13237,2.4334889148191365
13239,2.3630252100840337
13241,2.2405129547238944
13243,2.5575606720597386
13245,2.6618422313811942
13247,2.4030390738060783
13249,2.5902439024390245
13251,2.51865398683248
13253,2.889119170984456
13255,2.672038450664405
13257,2.474538745387454
13259,2.492468134414832
13261,2.613065326633166
13263,2.4798099762470307
13265,2.3488664987405543
13267,2.666859289222768
13269,2.7687861271676297
13271,2.8497072218607675
13273,2.7918502202643167
13275,2.687529191966371
13277,2.834562359730683
13279,2.7542540561931146
13281,2.2107208872458406
13283,2.6964091403699677
13285,2.5998431782540514
13287,2.702583025830258
13289,2.5399820305480683
13291,2.1870722433460075
13293,2.709577754891864
13295,2.4271844660194173
13297,2.4155701754385963
13299,2.7714001986097316
13301,2.6065330363771344
13303,2.5160818713450293
13305,2.7302699896157843
13307,2.478891820580475
13309,2.66711051930759
13311,2.2519640852974185
13313,2.4704106280193243
13315,2.782366957903098
13317,2.4516290726817043
13319,2.5475671750181554
13321,2.7352277852954443
15001,2.493958889063236
15003,2.564262276847784
15005,2.8205128205128207
15007,2.3652226233453666
15009,2.5086166744294363
16001,2.613491747862398
16003,2.3446625179511726
16005,2.5154335532516487
16007,2.370006770480704
16009,2.3196544276457884
16011,2.639087018544936
16013,2.513507164669955
16015,2.3436548223350253
16017,2.3195891203703702
16019,2.571120933922702
16021,2.244907407407408
16023,2.6024626209322785
16025,2.5667384284176533
16027,2.596635514018692
16029,2.406539888682746
16031,2.63390134529148
16033,2.7398736529171317
16035,2.3793103448275863
16037,2.393302180685358
16039,2.6180858806404657
16041,2.4604166666666667
16043,2.5956306677658696
16045,2.527766679984019
16047,2.641815530441123
16049,2.305578823923605
16051,2.7016361886429254
16053,2.6821178821178817
16055,2.5950298210735587
16057,2.4813373024959926
16059,2.4548720251459364
16061,2.6534047436878345
16063,2.644105340881122
16065,2.6524566473988442
16067,2.7836296544783634
16069,2.657651489216022
16071,2.410586552217453
16073,2.4291637871458187
16075,2.6791732909379973
16077,2.577482214661305
16079,2.4428692940175787
16081,2.4798624754420437
16083,2.6367964451967842
16085,2.4024971623155507
16087,2.485701906412478
17001,2.7441033320853614
17003,2.725722757598221
17005,2.648325358851675
17007,2.7421790722761603
17009,2.3947895791583167
17011,2.901639344262295
17013,2.3121131741821404
17015,2.7100355239786857
17017,2.8321888412017167
17019,2.9670029424127784
17021,2.8788029925187035
17023,2.694160583941606
17025,2.5592105263157894
17027,2.621222606689735
17029,2.8594122319301034
17031,3.078392482128084
17033,2.6082937136819857
17035,2.657850309510411
17037,2.912
17039,2.8869315854158133
17041,2.9571703561116465
17043,2.8093874415031084
17045,2.5169033555360056
17047,2.620216606498195
17049,2.6219163853544534
17051,2.541629364368845
17053,2.955200823892894
17055,2.8867617107942976
17057,2.7284964636094
17059,2.667089410272669
17061,2.6834211593027972
17063,2.50344188509399
17065,2.7642424242424237
17067,2.7653403643336527
17069,2.6002621231979033
17071,2.7494047619047617
17073,2.850788002033553
17075,2.9440366972477063
17077,2.411701492537313
17079,2.5548507462686567
17081,2.6369443025038324
17083,2.5050108932461868
17085,2.4490238611713666
17087,2.4804270462633453
17089,2.7987244311652493
17091,2.9090025277075635
17093,2.769952153110048
17095,2.88125
17097,2.6523368689329487
17099,2.8843085106382977
17101,2.7066839714471125
17103,2.816875
17105,2.9866800703694394
17107,2.93941018766756
17109,2.8850653819683414
17111,2.7475611706380936
17113,2.8720058321183086
17115,2.853555171872548
17117,2.7112654787073387
17119,2.6588575293611263
17121,2.7700795947901597
17123,2.819402074435632
17125,2.8457142857142856
17127,2.6355036171396766
17129,2.6724035608308605
17131,2.853149955634428
17133,2.560750853242321
17135,2.8114285714285714
17137,2.625526641883519
17139,2.887012230634828
17141,2.8040847201210286
17143,2.7860173986844896
17145,2.6350277998411435
17147,2.9456688877498722
17149,2.6126949973103817
17151,2.357487922705314
17153,2.63177431328879
17155,2.7046818727490995
17157,2.6131944444444444
17159,2.8861283643892337
17161,2.8341687552213863
17163,2.6390210351349803
17165,2.754188144329897
17167,2.833318018928604
17169,2.5240963855421685
17171,2.60578911095796
17173,2.8190138765869506
17175,3.103397341211226
17177,2.757262569832402
17179,2.7457513716044426
17181,2.355595026642984
17183,2.7716570413149717
17185,2.4247930082796687
17187,2.9871520342612414
17189,2.591218773656321
17191,2.5701754385964914
17193,2.4253312641757194
17195,2.861794500723589
17197,2.7499696614214635
17199,2.721014492753623
17201,2.8333975792151724
17203,2.69244550612123
18001,2.9540396710208032
18003,2.737285369197624
18005,2.8841530054644817
18007,3.1690938511326863
18009,3.0493273542600896
18011,2.795874049945711
18013,2.230592558566835
18015,2.721123829344433
18017,2.846881390593047
18019,2.5367244525547443
18021,2.743234932349324
18023,3.1253902185223725
18025,2.3923029174425823
18027,2.7016011644832605
18029,2.3589915966386554
18031,2.7162461266046924
18033,2.9178662150719727
18035,2.901410708560436
18037,2.5116121758737315
18039,2.7570303712036
18041,2.6371635610766044
18043,2.605
18045,2.7613787008395936
18047,2.416009019165727
18049,2.724271844660194
18051,2.5504217088375505
18053,2.959582790091265
18055,2.8257997218358835
18057,2.656421052631579
18059,2.72606530160487
18061,2.399875039050297
18063,2.6290553745928342
18065,2.803719008264463
18067,2.930651031136272
18069,2.8216325159556606
18071,2.8065420560747665
18073,2.5767562879444927
18075,3.16188149053146
18077,2.534719643520237
18079,2.44303048239124
18081,2.618980568853844
18083,2.7935779816513757
18085,2.72972972972973
18087,2.7735099337748346
18089,2.8560415619239152
18091,2.8775069423017587
18093,2.691698243196693
18095,2.8909874508809734
18097,2.7586543013897016
18099,2.907032900694235
18101,2.3350858745180507
18103,2.863256784968685
18105,2.5395786785828283
18107,2.6533985102420856
18109,2.359861591695502
18111,2.940308988764045
18113,2.760337552742616
18115,2.5274151436031334
18117,2.523712043671102
18119,2.7056145675265557
18121,2.6405588484335305
18123,2.4401891252955084
18125,2.532336578581363
18127,2.675502299685306
18129,2.5356770833333333
18131,2.8147833474936275
18133,2.585373711340206
18135,2.5568296795952783
18137,2.5984455958549217
18139,2.8475903614457834
18141,2.8156883430035418
18143,2.620936639118457
18145,2.7523670793882014
18147,2.5058986814712005
18149,2.824784384929641
18151,2.7150819672131146
18153,2.8062455642299504
18155,2.4285714285714284
18157,2.6433832867665736
18159,3.005970149253731
18161,2.489583333333333
18163,2.7549364021804967
18165,2.8769230769230765
18167,2.911569749924676
18169,2.5055527511357902
18171,2.712166172106825
18173,2.6509603841536613
18175,2.427827380952381
18177,2.9345238095238093
18179,3.03490990990991
18181,2.684594953519256
18183,2.743212149102623
19001,3.081476766390834
19003,2.9507512520868118
19005,2.5140562248995986
19007,2.8149666837519223
19009,2.7951183431952664
19011,3.0754290876242094
19013,3.0363905325443787
19015,2.9672316384180792
19017,3.0064102564102564
19019,3.0023866348448687
19021,3.1340621403912543
19023,3.1954732510288064
19025,3.1524422973698334
19027,2.8892828999211977
19029,2.9923187710033607
19031,2.9378362223550507
19033,3.0702319587628866
19035,3.0316901408450705
19037,2.9900373599003736
19039,2.9044943820224716
19041,3.095291479820628
19043,2.447974068071313
19045,2.7997701809824758
19047,2.9611570247933883
19049,2.8186295503211998
19051,2.865603644646925
19053,2.967925873129009
19055,2.7976373908577297
19057,2.8119143239625166
19059,2.9056965055050266
19061,2.6816318563341794
19063,3.052839116719243
19065,2.8383875739644973
19067,2.934963099630996
19069,3.2284615384615383
19071,2.7426823940585408
19073,3.0928348909657317
19075,3.2142857142857144
19077,2.8690476190476186
19079,3.1348314606741567
19081,3.30804248861912
19083,3.0775037745344735
19085,2.7894512973202894
19087,2.91640866873065
19089,2.9589552238805967
19091,2.9804878048780488
19093,3.0447504302925985
19095,2.888707037643208
19097,2.634934497816594
19099,2.9528269164065213
19101,2.853902953586498
19103,2.711039511616076
19105,2.759966428871171
19107,2.9809885931558937
19109,3.165627435697584
19111,2.9898291293734744
19113,2.8448366425044647
19115,2.808654496281271
19117,2.9531680440771346
19119,3.1845827439886847
19121,2.8509513742071877
19123,2.933085501858736
19125,2.8648538961038965
19127,3.0706638115631693
19129,2.7410668047643707
19131,3.1490733279613217
19133,2.7977080219232686
19135,2.794805194805195
19137,3.024359775140537
19139,2.767132867132867
19141,3.174172544763972
19143,3.2242079610073118
19145,2.9889964788732395
19147,3.0135912179822273
19149,2.9968366943455917
19151,3.1538948701709937
19153,2.9011549330384567
19155,2.8223694589051904
19157,3.0281625115420128
19159,3.109845402766477
19161,3.0925207756232687
19163,2.7080314634651215
19165,2.8607399794450155
19167,3.205233033524121
19169,3.0060139523694973
19171,3.0756390193009917
19173,2.990846681922197
19175,3.023008849557522
19177,2.87459807073955
19179,2.894658753709199
19181,2.78064288237372
19183,2.9828418230562996
19185,2.9681122448979598
19187,2.9705195563339166
19189,3.1665285832642915
19191,2.5839837122497453
19193,2.9177592371871275
19195,2.9680772086117297
19197,3.2678100263852237
20001,2.9702188733405097
20003,2.9352548036758566
20005,2.8620331950207474
20007,2.8164165931156218
20009,3.2468085106382985
20011,2.8358827278521352
20013,3.061302681992337
20015,2.709487951807229
20017,2.623330990864371
20019,2.6645496535796767
20021,2.9971711456859973
20023,2.7529493407356003
20025,2.652552926525529
20027,2.847262247838617
20029,3.135689851767389
20031,2.981198076082204
20033,2.722165474974464
20035,2.895873786407767
20037,3.044839255499154
20039,2.801159420289855
20041,2.9121372031662274
20043,2.6622276029055687
20045,2.73057595670661
20047,3.0889655172413795
20049,2.7943984723106303
20051,2.7072147651006717
20053,2.7579838399384378
20055,2.8103994927076728
20057,2.967674661105318
20059,2.7554282267792516
20061,2.6912530847271734
20063,2.9361022364217253
20065,2.8201892744479493
20067,2.906356413166856
20069,2.924593395761459
20071,2.8836501901140683
20073,2.751531393568147
20075,2.735074626865672
20077,3.1379310344827585
20079,3.0019054878048776
20081,2.9266221952698603
20083,2.689607708189952
20085,2.8829961727720064
20087,2.637713997985901
20089,2.8324407039020656
20091,2.6923580710764883
20093,2.7546296296296298
20095,2.7834821428571432
20097,2.7386443046820403
20099,2.902171136653896
20101,2.78914535246413
20103,2.64733225545675
20105,2.8198508318990245
20107,2.7538990219402595
20109,2.785185185185185
20111,2.7936581953835398
20113,2.861549851924975
20115,2.9046267385750784
20117,2.8933010003031217
20119,2.7489711934156382
20121,2.7259663032705648
20123,3.1060000000000003
20125,2.880214861235452
20127,2.819548872180451
20129,2.75
20131,3.0230210016155086
20133,2.92806822395254
20135,2.7671738128169663
20137,2.842796610169492
20139,2.8996088657105608
20141,2.7979323308270683
20143,3.074268567141785
20145,2.9753804834377795
20147,2.7299107142857144
20149,2.6181950157270752
20151,3.1230684326710816
20153,2.6174458380843784
20155,3.1283484293698214
20157,2.980074719800747
20159,2.855721393034826
20161,2.7379279075039675
20163,2.8566371681415927
20165,2.850940665701881
20167,2.7222959522229595
20169,2.9143008755638102
20171,2.768697374938088
20173,2.792602104216718
20175,2.793568013906997
20177,2.853650479022134
20179,2.9322916666666665
20181,2.8723877278790573
20183,2.9008841321544905
20185,2.9733898958735057
20187,3.022058823529412
20189,2.7043269230769234
20191,2.9928432010409884
20193,3.006175562417292
20195,2.688333333333333
20197,2.6894912030432714
20199,2.8201438848920866
20201,2.973948641607741
20203,2.750189250567752
20205,2.821393523061825
20207,3.0019569471624266
20209,2.811126532500578
21001,2.304291287386216
21003,2.462770562770563
21005,2.452830188679245
21007,2.687376725838264
21009,2.5535331905781584
21011,2.249199231262012
21013,2.2413087934560325
21015,2.3851744186046506
21017,2.445089757127772
21019,2.613679890560876
21021,2.512217194570136
21023,2.3955882352941176
21025,2.119617224880382
21027,2.258728179551122
21029,2.37429264349232
21031,2.309563294637921
21033,2.450914340712224
21035,2.6229907452508523
21037,2.465079365079365
21039,2.4907407407407405
21041,2.5110837438423643
21043,2.2577925396014313
21045,2.27181060938185
21047,2.6182859399684046
21049,2.399800928998009
21051,2.1774322169059013
21053,2.3923512747875355
21055,2.4433811802232857
21057,2.256392536281963
21059,2.7014299332697806
21061,2.3146306818181817
21063,2.1451612903225805
21065,2.2119815668202767
21067,2.678102258765712
21069,2.272319425751458
21071,2.20800302000755
21073,2.5631648936170213
21075,2.7966280295047414
21077,2.4059405940594054
21079,2.2454022988505753
21081,2.3043478260869565
21083,2.7492272024729516
21085,2.3059390048154094
21087,2.2623645784267548
21089,2.376237623762376
21091,2.581947743467933
21093,2.5423094203983827
21095,2.241345999033972
21097,2.3657927590511862
21099,2.3119718309859154
21101,2.4923159881369643
21103,2.3250975292587777
21105,2.491349480968858
21107,2.5724381625441697
21109,2.257045675413022
21111,2.628586046851588
21113,2.4712024250589426
21115,2.198329853862213
21117,2.4602430555555554
21119,2.1561668145519075
21121,2.2372720814586793
21123,2.3739002932551316
21125,2.3090845194166225
21127,2.242171189979123
21129,2.2703812316715544
21131,2.0671006509764647
21133,2.2149122807017543
21135,2.2426655490360434
21137,2.327885597548519
21139,2.4261874197689344
21141,2.4270235818992987
21143,2.4413265306122454
21145,2.735398230088496
21147,2.217309853877857
21149,2.515204170286707
21151,2.379924446842957
21153,2.108782880071333
21155,2.3294460641399417
21157,2.512099921935988
21159,2.146551724137931
21161,2.4797086368366283
21163,2.4094579008073818
21165,2.182718271827183
21167,2.4977142857142858
21169,2.386097152428811
21171,2.373566686783344
21173,2.2933458294283042
21175,2.1778509674763282
21177,2.416901408450704
21179,2.3705882352941177
21181,2.344011142061281
21183,2.403029183598079
21185,2.4166406005630283
21187,2.327380952380953
21189,2.1984732824427478
21191,2.355675675675676
21193,2.1783567134268536
21195,2.21494576134994
21197,2.2656855151045696
21199,2.4042303172737958
21201,2.283582089552239
21203,2.2542439794709828
21205,2.2494226327944573
21207,2.3682688832670764
21209,2.5013449899125755
21211,2.3477914842817347
21213,2.625742574257426
21215,2.2099871959026887
21217,2.5451244813278007
21219,2.479889042995839
21221,2.4853291038858054
21223,2.2176744186046506
21225,2.6780762564991334
21227,2.609377378596438
21229,2.284513805522209
21231,2.2784272051009564
21233,2.4899497487437188
21235,2.2801197880672657
21237,2.2149532710280373
21239,2.5817610062893084
22001,2.8019239177962394
22003,2.579009900990099
22005,2.400132494203379
22007,2.407624633431085
22009,2.5314395148420044
22011,2.3286427145708584
22013,2.4923262112548903
22015,2.5863182618907805
22017,2.7016581632653063
22019,2.661171018625791
22021,2.3776041666666665
22023,2.2374407582938387
22025,2.358964598401218
22027,2.3960342979635585
22029,2.487830687830688
22031,2.482336688375765
22033,2.854004910743911
22035,2.6347075743048896
22037,2.5121107266435985
22039,2.625
22041,2.5008561643835616
22043,2.4448788115715403
22045,2.639659314260756
22047,2.73944048272079
22049,2.4851359898798235
22051,2.973869680851064
22053,2.8450363196125914
22055,2.6942658328195197
22057,2.4374203821656053
22059,2.3790528233151185
22061,2.47048524262131
22063,2.37786373103243
22065,2.507659422871393
22067,2.5406546990496306
22069,2.432882414151925
22071,3.3820760799484204
22073,2.666264928234908
22075,2.387858347386172
22077,2.4087779690189333
22079,2.658692996742671
22081,2.424403183023873
22083,2.4442335073564307
22085,2.3497068610362857
22087,2.8179640718562875
22089,2.4414305806710868
22091,2.3759750390015597
22093,2.3928443649373885
22095,2.471992045077892
22097,2.5934819897084047
22099,2.3762886597938144
22101,2.5712672238536256
22103,2.4754732342764094
22105,2.371549674351287
22107,2.4813421135152085
22109,2.5908550059493454
22111,2.4633486047480218
22113,2.676502031216592
22115,2.5123916279884404
22117,2.5885177035407083
22119,2.5034086831718696
22121,2.699105733824303
22123,2.496433666191156
22125,2.3511507052709724
22127,2.496732026143791
23001,2.4997594226142743
23003,2.3488593853150443
23005,2.4236886784022875
23007,2.2680763983628918
23009,2.183471074380165
23011,2.3284303425089306
23013,2.242772277227723
23015,2.1550618056642152
23017,2.23489010989011
23019,2.414915850841492
23021,2.2518610421836227
23023,2.2440191387559807
23025,2.30556382029158
23027,2.262356575463372
23029,2.2434770667399064
23031,2.479517286366601
24001,2.52441125789776
24003,2.5228955532574973
24005,2.6374432989690724
24009,2.2889242580282745
24011,2.6769147788565264
24013,2.446942446043165
24015,2.4394334699962728
24017,2.350194746829122
24019,2.5849328214971212
24021,2.64995187680462
24023,2.4642857142857144
24025,2.557049077836824
24027,2.601740362238187
24029,2.3841214244016347
24031,2.723017753511212
24033,2.567854324379622
24035,2.4902193242442205
24037,2.2372540723503285
24039,2.4827790973871733
24041,2.39651493598862
24043,2.670075349838536
24045,2.705904689576609
24047,2.6152364647977744
24510,3.2021335006667186
25001,2.67297478241464
25003,2.59026670917012
25005,2.6837245094267024
25007,2.495909090909091
25009,2.6655513682950023
25011,2.5574611032531824
25013,2.7747103497976604
25015,2.654450261780105
25017,2.6999773994274516
25019,2.64923204649232
25021,2.6476477594164063
25023,2.6504349147263264
25025,2.9521020241714244
25027,2.659680213569623
26001,2.3880729862038272
26003,2.349286700414174
26005,2.584039233169862
26007,2.5348484848484847
26009,2.5390284757118926
26011,2.5864661654135337
26013,2.338154613466334
26015,2.5885455915599094
26017,2.8898039215686278
26019,2.5039525691699605
26021,2.73979953427154
26023,2.739803094233474
26025,2.812699292943297
26027,2.6774447949526814
26029,2.557266241081487
26031,2.452912019826518
26033,2.475432719151312
26035,2.5627167630057803
26037,2.8733098177542624
26039,2.434982738780207
26041,2.703749484960857
26043,2.606775559588627
26045,2.7617934551636214
26047,2.57354797979798
26049,2.8005705229793976
26051,2.4818913480885314
26053,2.597916666666667
26055,2.6405764966740577
26057,3.056126482213439
26059,2.782165605095541
26061,2.5923136847572064
26063,2.807914262159934
26065,2.8932395549023724
26067,2.772741009368389
26069,2.6121100917431197
26071,2.4164689935615047
26073,2.7956894006495423
26075,2.6978277734678047
26077,2.7508951406649618
26079,2.5154304277206276
26081,2.642570965817066
26083,2.2644628099173554
26085,2.6774078052273538
26087,2.623178506375228
26089,2.5043359196713832
26091,2.848457954293321
26093,2.5167863175675675
26095,2.3251366120218577
26097,2.3176652892561984
26099,2.7730906985999058
26101,2.673618352450469
26103,2.388425617078052
26105,2.6783838383838385
26107,2.5892365456821027
26109,2.5267226890756302
26111,2.5881128584643847
26113,2.449360341151386
26115,2.7899588477366257
26117,2.7011213047910294
26119,2.374587458745874
26121,2.811819235225956
26123,2.576673866090713
26125,2.752880306206844
26127,2.579367516119128
26129,2.3854692230070635
26131,2.4010989010989006
26133,2.6755
26135,2.3784037558685447
26137,2.52735781137509
26139,2.620382852520895
26141,2.4001396648044695
26143,2.5515986482973747
26145,2.966115051221434
26147,2.7803672316384183
26149,2.7665782493368702
26151,2.8852219626168223
26153,2.354622871046229
26155,2.8843876597070737
26157,2.8801617095004333
26159,2.676593210244193
26161,2.7216838760921367
26163,3.1262430053106183
26165,2.7519899455383325
27001,2.6123778501628663
27003,2.6985027078687485
27005,2.5024598930481283
27007,2.4790470112741967
27009,2.8700614574187884
27011,2.8546686746987957
27013,2.754452671602962
27015,3.0121107266435985
27017,2.506754633993088
27019,2.5293609671848007
27021,2.27658303464755
27023,3.0967238689547583
27025,2.4312080536912752
27027,2.9262127078114326
27029,2.5326268823201343
27031,2.109941944847605
27033,3.1846259437199724
27035,2.4478316326530614
27037,2.7518086696562034
27039,2.8667664670658684
27041,2.5900604785695505
27043,3.0076716532412733
27045,2.6750369276218606
27047,2.7428571428571433
27049,2.7151866801210898
27051,2.5830508474576277
27053,2.8740360528513187
27055,2.494874184529357
27057,2.432698844323589
27059,2.5452482269503545
27061,2.321130289532294
27063,2.7568594343604897
27065,2.5180159101544217
27067,2.7968193035371542
27069,2.858763471355644
27071,2.4509026860413914
27073,3.200267916945746
27075,2.254653760238273
27077,2.43160577740017
27079,2.6406844106463883
27081,3.2131455399061037
27083,2.8644366197183104
27085,2.8644918444165617
27087,2.5908045977011493
27089,3.012693935119888
27091,3.1298833079655
27093,2.559112737251315
27095,2.5924422236102442
27097,2.7532059037019114
27099,3.0137080191912267
27101,3.1389459274469536
27103,2.809592326139089
27105,3.168228678537957
27107,3.0357732526141987
27109,2.7014642766978034
27111,2.5788136669630384
27113,2.8601909039865245
27115,2.3159171487217765
27117,3.1535739561217273
27119,2.88614952896372
27121,2.7565824825362713
27123,3.031939456131349
27125,2.913429522752497
27127,2.7375166889185585
27129,2.7447581772435004
27131,2.7892449755567625
27133,3.159509202453988
27135,2.6512651265126514
27137,2.52438590245639
27139,2.677374942634236
27141,2.6185480486781367
27143,2.6215290985165463
27145,2.659155733029093
27147,2.812227074235808
27149,2.839779005524862
27151,2.737582286056253
27153,2.8040786598689
27155,2.9896526237989653
27157,2.6103208733046643
27159,2.666113875069099
27161,2.7867224255096708
27163,2.6620631124141654
27165,3.2355406538139144
27167,2.8923969072164954
27169,2.684288245717661
27171,2.550589390962672
27173,3.1822112415071038
28001,2.442490631305852
28003,2.6075268817204305
28005,2.4500504540867807
28007,2.499615088529638
28009,2.362745098039216
28011,2.927617709065355
28013,2.4757085020242915
28015,2.268025670064175
28017,2.518477661334804
28019,2.569932685115931
28021,2.3665338645418332
28023,2.3956002982848617
28025,2.402568644818424
28027,2.774442538593482
28029,2.431762652705061
28031,2.703912716328066
28033,2.538187855787476
28035,2.6932001289075087
28037,2.4693992139247616
28039,2.313949793454084
28041,2.297913634158176
28043,2.4958707360861756
28045,2.487183422870299
28047,2.6306884480746797
28049,2.65936650253546
28051,2.402570336922542
28053,2.5991140642303434
28055,2.164351851851852
28057,2.5075034106412004
28059,2.6466769366197185
28061,2.272408963585434
28063,2.2960052390307792
28065,2.6361200428724545
28067,2.4945690506418394
28069,2.369995600527937
28071,2.561939554965128
28073,2.5640651085141903
28075,2.6974976243268927
28077,2.6370706416072585
28079,2.4695097648465523
28081,2.5377043710377043
28083,2.7053769401330383
28085,2.530658378072902
28087,2.6388532306375696
28089,2.495917642882499
28091,2.67870036101083
28093,2.348436671966084
28095,2.557365764111978
28097,2.5036952814098923
28099,2.5340949660835417
28101,2.5359116022099446
28103,2.415346534653465
28105,2.5045101088646966
28107,2.511359894632861
28109,2.4433980033904694
28111,2.3507042253521133
28113,2.5538121546961325
28115,2.4808954071786955
28117,2.4852216748768474
28119,2.61127774445111
28121,2.4822520107238604
28123,2.4510731174972715
28125,2.4765625
28127,2.4382162431489784
28129,2.337444933920705
28131,2.367365542388332
28133,2.7417799210872422
28135,2.4426666666666668
28137,2.40656687590536
28139,2.455765199161425
28141,2.5176470588235293
28143,2.824248120300752
28145,2.505009107468124
28147,2.4474145486415426
28149,2.4805680119581464
28151,2.7689235070900744
28153,2.3668284327719102
28155,2.540443808160344
28157,2.376477208778841
28159,2.429910350448248
28161,2.455767562879445
28163,2.4152892561983466
29001,2.858499525166192
29003,2.6181818181818186
29005,2.9242997728993188
29007,2.712265600983707
29009,2.531255565449688
29011,3.0421122994652405
29013,2.9062138170590504
29015,2.528713989832424
29017,2.3170844939647166
29019,2.5929866464010423
29021,2.90388706246374
29023,2.551804086364295
29025,2.8384773662551432
29027,2.405329289428076
29029,2.358398308444562
29031,2.551360057265569
29033,2.8227016885553478
29035,2.5112732095490715
29037,2.7630617754486257
29039,2.7280656747049767
29041,2.342699216950714
29043,2.4031636315299747
29045,2.8655394524959736
29047,2.6845045336787563
29049,2.8402885110767646
29051,2.558431766775572
29053,2.601398601398601
29055,2.3584292884558606
29057,2.5290745290745296
29059,2.3738009592326144
29061,2.584674329501916
29063,2.8916876574307304
29065,2.4152123806387884
29067,2.4054520358868183
29069,2.8771067415730336
29071,2.3955159836944864
29073,2.410364145658263
29075,2.903064861012117
29077,2.7183388157894743
29079,2.680178354276449
29081,2.8158116063919265
29083,2.7298358315488938
29085,2.5064741035856573
29087,2.7056478405315616
29089,2.2445820433436534
29091,2.5877259036144578
29093,2.3048368953880765
29095,2.879777785170154
29097,2.87218045112782
29099,2.3566188619390656
29101,2.5722768917543264
29103,2.8588560885608856
29105,2.4328648648648654
29107,2.8162406988029764
29109,2.832287973820562
29111,2.7900874635568518
29113,2.32222528229138
29115,2.8485385296722763
29117,2.7248949089210646
29119,2.5836930455635487
29121,2.7572537801389454
29123,2.3454410674573762
29125,2.3519249753208293
29127,2.606379480434068
29129,2.633512544802868
29131,2.5449286540686464
29133,2.8958875585632478
29135,2.6909403669724767
29137,2.491910499139415
29139,2.5239749826268243
29141,2.480550410161418
29143,2.7173845677099475
29145,2.6650019976028765
29147,3.0093525179856115
29149,2.5063678043810493
29151,2.331845238095238
29153,2.397585166019836
29155,2.8459081836327345
29157,2.4204545454545454
29159,2.7754217966256265
29161,2.381695196024296
29163,2.410110974106042
29165,2.574800687822417
29167,2.5453378956372967
29169,2.5174653326312093
29171,2.6192714453584016
29173,2.5374376039933444
29175,2.71875
29177,2.659951651893634
29179,2.367988394584139
29181,2.3903088391906278
29183,2.5015489972281104
29185,2.6123136123136117
29186,2.3649014302280635
29187,2.5947196982684724
29189,2.7642180380433463
29195,2.547521160822249
29197,2.8476821192052983
29199,2.8719758064516134
29201,2.6643509329098847
29203,2.4159021406727827
29205,2.8735909822866343
29207,2.665219107777339
29209,2.3672773338530497
29211,2.3857882623705406
29213,2.4869337979094075
29215,2.265450200934072
29217,2.7854471268276098
29219,2.1819944001723024
29221,2.2955899880810486
29223,2.420628834355828
29225,2.2964577151335317
29227,2.81042654028436
29229,2.4686558992608814
29510,3.1864874181316787
30001,2.391051912568306
30003,2.4444444444444446
30005,2.4477806788511747
30007,2.4568965517241383
30009,2.432354357246028
30011,2.1883211678832115
30013,2.7853284544345707
30015,2.5873161764705883
30017,2.4858195211786374
30019,2.562599049128368
30021,2.7936991869918697
30023,2.80905752753978
30025,2.5199784017278617
30027,2.636767317939609
30029,2.3676882274937383
30031,2.6593024871474227
30033,2.3878923766816142
30035,2.462998102466793
30037,2.4637305699481864
30039,2.29296875
30041,2.63389598540146
30043,2.325367647058824
30045,2.5466879489225858
30047,2.3502449265220435
30049,2.5012193372543394
30051,2.6119162640901767
30053,2.4547081990691013
30055,2.605855855855856
30057,2.396984924623116
30059,2.4767321613236817
30061,2.3117600631412785
30063,2.4815260560837644
30065,2.4930838079739632
30067,2.4391066160977664
30069,2.126984126984127
30071,2.4432197728790914
30073,2.6432786885245902
30075,2.162756598240469
30077,2.442258340461933
30079,2.65
30081,2.2948469585432
30083,2.7097212780421476
30085,2.5550169655841013
30087,2.4501718213058417
30089,2.3591954022988504
30091,2.654176904176904
30093,2.8976215098241984
30095,2.5838198498748963
30097,2.5170731707317078
30099,2.7020408163265306
30101,2.707454289732771
30103,2.2986822840409955
30105,2.5245071923281834
30107,2.908108108108108
30109,2.6185819070904643
30111,2.6754728944309414
31001,3.100829610721123
31003,2.944664031620553
31005,2.400641025641025
31007,2.3712055507372067
31009,2.435049019607843
31011,2.8568965517241383
31013,2.8322884012539187
31015,2.5984063745019914
31017,2.454261954261954
31019,2.8749516814843448
31021,2.9369747899159666
31023,3.0939306358381504
31025,2.8449399656946825
31027,2.7776173285198555
31029,2.6399676375404533
31031,2.2877988202421613
31033,2.8012566137566144
31035,2.9345059880239517
31037,3.070539419087137
31039,3.1351689612015017
31041,2.569994207375941
31043,2.8936039360393604
31045,2.5973672265093053
31047,2.882092851879145
31049,2.855921855921856
31051,2.805487804878049
31053,3.0908532842234506
31055,2.9890649956997173
31057,2.649122807017544
31059,3.3183322303110523
31061,2.816549069916613
31063,2.5090063916327723
31065,2.7928
31067,3.1226564982523035
31069,2.5074211502782933
31071,2.4831804281345566
31073,2.80622009569378
31075,2.036745406824147
31077,2.596394984326019
31079,2.7261849442379185
31081,3.08584686774942
31083,2.84021164021164
31085,2.4911242603550297
31087,2.5971014492753617
31089,2.7987288135593222
31091,2.474747474747475
31093,2.8243697478991603
31095,3.061901723037652
31097,3.0439790575916232
31099,3.2684791843670347
31101,2.738821562891768
31103,2.5454545454545454
31105,2.6683493185259968
31107,2.6300494042429525
31109,2.9731349598082075
31111,2.671897289586305
31113,2.634782608695652
31115,2.45718901453958
31117,2.28
31119,3.022948539638387
31121,3.0085556114745846
31123,2.509426229508197
31125,2.8093994778067883
31127,3.140957446808511
31129,2.828169014084507
31131,3.090462143559489
31133,2.9453376205787785
31135,2.739251040221914
31137,3.0923009623797024
31139,3.112868439971244
31141,2.9630512514898686
31143,3.14695945945946
31145,2.67578125
31147,2.9533372711163617
31149,2.51869722557298
31151,3.022707034728406
31153,2.813877642825011
31155,2.939684329199549
31157,2.8500942803268385
31159,2.885647607934656
31161,2.560090702947846
31163,2.7112632233976357
31165,2.591605218377765
31167,3.0466786355475763
31169,3.0478158205430934
31171,2.492857142857143
31173,2.7184092366901864
31175,2.6939632545931755
31177,2.6039776692254013
31179,3.0411051212938007
31181,2.896011396011396
31183,2.379237288135593
31185,3.2119540229885057
32001,2.5679851668726825
32003,2.6216173193250563
32005,2.4695834581959843
32007,2.5094908104850857
32009,2.2836879432624118
32011,2.562666666666667
32013,2.4668534080298787
32015,2.554561717352415
32017,2.3054989816700613
32019,2.6068139963167587
32021,2.8846737481031868
32023,2.692705882352941
32027,2.305655836341757
32029,2.4518072289156625
32031,2.605595897019245
32033,2.548175865294668
32510,2.7718832891246685
33001,2.4197812215132184
33003,2.3303765216570733
33005,2.4108161746464902
33007,2.3359101516919485
33009,2.387254413084672
33011,2.7007822329194244
33013,2.6031933767001774
33015,2.701052479815456
33017,2.637154009936125
33019,2.3972078360729565
34001,2.8945367065031817
34003,2.7807994874167936
34005,2.7560290454232264
34007,2.8895705521472395
34009,2.877948189199639
34011,2.7571751608975474
34013,2.955868089233753
34015,2.7680477351037904
34017,3.1133044455143635
34019,2.544632265717675
34021,2.857406320730992
34023,2.793760700019022
34025,2.728647295605994
34027,2.5922614459688607
34029,2.733095352509096
34031,2.796533223276929
34033,2.8061322261258383
34035,2.6333677381303455
34037,2.5497083439005834
34039,2.941029162290977
34041,2.631893220934317
35001,2.755392676889446
35003,2.3543441226575808
35005,2.78110599078341
35006,2.4469500324464635
35007,2.591829085457271
35009,3.035019455252918
35011,2.7519898121617317
35013,2.6725364766764894
35015,2.564174709635204
35017,2.4329365784331145
35019,2.7353914002205078
35021,2.4915966386554618
35023,2.384111741597556
35025,2.659024956471271
35027,2.4158831766353277
35028,2.5525812619502872
35029,2.900783699059561
35031,2.3812873458891155
35033,2.3972602739726026
35035,2.622714148219442
35037,2.679024632993282
35039,2.464797507788162
35041,2.7846361185983826
35043,2.622303146901196
35045,2.4147310684502155
35047,2.5035779430335343
35049,2.4659698208110656
35051,2.570255206805515
35053,2.445840246503911
35055,2.4768931409113017
35057,2.625394944707741
35059,2.6539996529585284
35061,2.483908211863184
36001,2.7594881991873432
36003,2.4732049036777584
36005,3.316585558332237
36007,2.7040058443930355
36009,2.511517199017199
36011,2.7825484764542936
36013,2.8440860215053765
36015,2.7420200095283467
36017,2.5469148393676697
36019,2.545759368836292
36021,2.429733333333333
36023,2.660233621127476
36025,2.301083473218373
36027,2.5109693145970753
36029,2.8472315155570427
36031,2.3441434566959174
36033,2.3784246575342465
36035,2.6112618724559025
36037,2.6761017556431392
36039,2.404352806414662
36041,2.2
36043,2.5392614601018675
36045,2.599915564311849
36047,3.5119597826968296
36049,2.473911168607158
36051,2.7070967741935483
36053,2.6660501981505944
36055,2.743885445197252
36057,2.690552584670232
36059,2.875663325471698
36061,3.5037131338849985
36063,2.9173019555850184
36065,2.7901681000781857
36067,2.8482994073692347
36069,2.6984440061363135
36071,2.5100855587243966
36073,2.7796296296296297
36075,2.6811618535930157
36077,2.551233067037166
36079,2.482646834477498
36081,3.3157845345345347
36083,2.5955015636276157
36085,2.9124633908233
36087,2.5604863853668682
36089,2.5180780780780783
36091,2.744014904517932
36093,2.876233714962495
36095,2.467957746478873
36097,2.517295597484277
36099,2.7523598001110496
36101,2.5883729091121768
36103,2.7223676032841584
36105,2.4389607784130805
36107,2.536003080477474
36109,2.7192078133478024
36111,2.3557271557271555
36113,2.465556831228473
36115,2.4893015744852645
36117,2.7074142971033752
36119,2.685694836137314
36121,2.7167766258246937
36123,2.5205298013245034
37001,2.540624626061984
37003,2.2404784387787218
37005,2.2874896437448218
37007,2.6040560115886047
37009,2.2335922850254493
37011,2.263997395833333
37013,2.4318795831725204
37015,2.3705
37017,2.451143451143451
37019,2.4612757819969953
37021,2.3619015957446807
37023,2.2976584022038566
37025,2.5703640822486324
37027,2.26875
37029,2.3264812575574365
37031,2.419549608355092
37033,2.247422680412371
37035,2.4285437081595034
37037,2.4583587863978824
37039,2.1903939184519694
37041,2.5366470092670603
37043,2.2173064411190637
37045,2.506074031727884
37047,2.5229871077596693
37049,2.4990886998784934
37051,2.5317425431711147
37053,2.220964360587002
37055,2.3631505576208185
37057,2.4085106382978725
37059,2.2268163024217364
37061,2.3934159061277707
37063,2.6007383100902377
37065,2.6609429569266587
37067,2.4541176470588235
37069,2.346505205013809
37071,2.437427082523139
37073,2.3814432989690717
37075,2.200663349917081
37077,2.344258373205742
37079,2.61241768579492
37081,2.6016453777874
37083,2.603282399547256
37085,2.4477825464949934
37087,2.210893390900033
37089,2.2861771979193315
37091,2.6774420238931835
37093,2.463117027176928
37095,2.284686536485097
37097,2.3762093576526566
37099,2.1295764536970565
37101,2.4774897680763983
37103,2.373757455268389
37105,2.5009730330831252
37107,2.631234866828087
37109,2.3174455408676224
37111,2.2107115916519993
37113,2.206104563312179
37115,2.118279569892473
37117,2.6465346534653467
37119,2.531880175353142
37121,2.2082527401676337
37123,2.4684786711966784
37125,2.5198878123406425
37127,2.5874824684431976
37129,2.585535465924896
37131,2.3522913256955813
37133,2.4295126441236308
37135,2.3972100887699033
37137,2.304513668150032
37139,2.657941437444543
37141,2.3401116427432216
37143,2.3790697674418606
37145,2.268718274111675
37147,2.5741869918699187
37149,2.3218122372723027
37151,2.4418477518108515
37153,2.656811947576958
37155,2.5762270699058005
37157,2.424859838643512
37159,2.4860147942672213
37161,2.305266887104393
37163,2.651421870419232
37165,2.6604668125455877
37167,2.633351588170865
37169,2.2220841102133835
37171,2.2736595008648384
37173,2.15834386852086
37175,2.227366966136835
37177,2.37303664921466
37179,2.4683408071748882
37181,2.4580664836840502
37183,2.490181467519944
37185,2.2777179763186224
37187,2.40407204385278
37189,2.1744120147350525
37191,2.603368176538908
37193,2.248650417143792
37195,2.6496288441145284
37197,2.176032660902978
37199,2.0748936170212766
38001,3.1077844311377247
38003,2.9325343985796715
38005,2.453199825859817
38007,2.221875
38009,3.1404087013843114
38011,2.9504950495049505
38013,2.5787125557680053
38015,2.6004007442393013
38017,3.0190869228785138
38019,2.680256064690027
38021,2.807855626326964
38023,2.687738004569688
38025,2.224806201550388
38027,2.5138662316476346
38029,2.3733392382639504
38031,2.54657428791378
38033,2.566891891891892
38035,3.0794581479983827
38037,2.3298429319371734
38039,2.449717514124294
38041,2.4345372460496613
38043,2.4324806662700773
38045,2.764039855072464
38047,2.3251605370694692
38049,2.709110867178924
38051,2.503058823529412
38053,2.370081531371854
38055,2.4814553659568466
38057,2.3559725945784926
38059,2.5285913528591357
38061,2.370715192551841
38063,2.7232937685459944
38065,2.5408450704225354
38067,3.0414342629482074
38069,2.6346087556015165
38071,2.679940564635958
38073,2.8585329341317367
38075,3.2395209580838324
38077,2.870118845500849
38079,2.5810104529616726
38081,2.7512142471667564
38083,2.32413178984862
38085,2.3852996254681647
38087,2.197075208913649
38089,2.5028579803605453
38091,3.1858887381275443
38093,2.744145199063232
38095,2.604415011037528
38097,3.247058823529412
38099,2.7389014296463507
38101,2.5540675152185943
38103,2.6726899383983573
38105,2.5906791907514446
39001,2.394873271889401
39003,2.8605716090320543
39005,2.6227024843465965
39007,2.6945514584479917
39009,2.555703802535023
39011,2.741784037558685
39013,2.3567830897531166
39015,2.5223738495715646
39017,2.602942321164474
39019,2.650294695481336
39021,2.700442477876106
39023,2.7940614690050354
39025,2.365422396856581
39027,2.795068493150685
39029,2.6198704103671706
39031,2.6507191994996875
39033,2.8386105133722723
39035,2.861490206546765
39037,2.716441761363636
39039,2.7212209302325583
39041,2.676575036169933
39043,2.7869169196798236
39045,2.6065297363580626
39047,2.8259740259740265
39049,2.76138062586998
39051,2.6981181390486153
39053,2.574372759856631
39055,2.574716369529984
39057,2.6940368824875485
39059,2.6044444444444443
39061,2.584846824828284
39063,2.9174664107485606
39065,3.017250973845297
39067,2.5718276137270557
39069,2.7264437689969605
39071,2.5810526315789475
39073,2.532725321888412
39075,2.406710496486057
39077,2.6597094331900957
39079,2.6333979328165373
39081,2.61090673014499
39083,2.528183716075157
39085,2.6054459572103363
39087,2.391812865497076
39089,2.4694839032050826
39091,2.850629465804696
39093,2.70755922540057
39095,2.933559145388223
39097,2.7798569069895427
39099,2.8167107972933216
39101,2.9499005964214717
39103,2.627752467729689
39105,2.4739647396473963
39107,2.6608391608391613
39109,2.8024581005586597
39111,2.4118143459915613
39113,2.7622547953547043
39115,2.445854819516065
39117,2.793304994686504
39119,2.63442442074292
39121,2.4384395132426633
39123,2.5906022144207403
39125,3.0213483146067417
39127,2.607924528301887
39129,2.850224663005492
39131,2.495342929720576
39133,2.5312
39135,2.6698250728862973
39137,2.8044480607540003
39139,2.5589126919967664
39141,2.5383986928104574
39143,2.7990167727009827
39145,2.4360400444938817
39147,2.9071819841752893
39149,2.700440528634361
39151,2.8044002918560924
39153,2.7727770633900084
39155,2.7889827718643696
39157,2.773343233710785
39159,2.7917552061198467
39161,2.9604632587859423
39163,2.477368738684369
39165,2.5
39167,2.495359378372545
39169,2.8648007590132827
39171,2.763636363636364
39173,2.9080923921822
39175,2.9664131812420784
40001,2.363719512195122
40003,2.5540011191941803
40005,2.4515985790408528
40007,2.395400830405621
40009,2.9195579542534054
40011,2.679853925745588
40013,2.572787125091441
40015,2.580313570761084
40017,2.7220802453360595
40019,2.701266713581985
40021,2.4672475961538463
40023,2.6235623251476534
40025,3.0552584670231737
40027,2.6546480255089526
40029,2.4246487867177517
40031,2.873861322473476
40033,3.010995723885156
40035,2.720772946859904
40037,2.4734111543450066
40039,2.599124965818977
40041,2.450458577657495
40043,2.34229923703608
40045,2.6256426735218508
40047,2.993500790444405
40049,2.590142387732749
40051,2.498549222797928
40053,2.935508935508936
40055,2.7259895673519483
40057,2.890500362581581
40059,2.785954785954786
40061,2.553401144310236
40063,2.671491504090623
40065,2.7809863724853985
40067,2.902829028290283
40069,2.5559157212317665
40071,2.9505168242797453
40073,2.375725739563174
40075,2.8061538461538458
40077,2.4316317228805837
40079,2.464252179745137
40081,2.558397271952259
40083,2.4954362906170133
40085,2.407275089314713
40087,2.486095661846496
40089,2.51787072243346
40091,2.494085112920572
40093,2.38344384583506
40095,2.616759332803813
40097,2.5398695560698505
40099,2.823374917925148
40101,2.72954329210276
40103,2.5143586470963624
40105,2.6961572832886507
40107,2.3912849494348603
40109,2.873143471894331
40111,2.6713565728685427
40113,2.3990123856553063
40115,2.712486002239641
40117,2.483262918427039
40119,2.7110596409959467
40121,2.598471337579618
40123,2.6927990708478515
40125,2.587978333042111
40127,2.3423423423423424
40129,2.8179587831207065
40131,2.51974592653963
40133,2.734402852049911
40135,2.465842550422902
40137,2.802030456852792
40139,3.056537102473498
40141,3.10393498716852
40143,2.8222518640125864
40145,2.5962880980759406
40147,2.6531611754229742
40149,2.6736189402480277
40151,2.9319792158715163
40153,2.8266169996613613
41001,2.5020320855614973
41003,2.4187986651835374
41005,2.4757865168539333
41007,2.393243940175348
41009,2.3426094890510947
41011,2.2775768535262206
41013,2.427643450018044
41015,2.254395036194416
41017,2.64737583948263
41019,2.3762907069102464
41021,2.5296934865900385
41023,2.2273741631539803
41025,2.4253092293054235
41027,2.5243277848911654
41029,2.5262845010615718
41031,2.602897315722198
41033,2.291122468294529
41035,2.4756437768240342
41037,2.2977886056971517
41039,2.4774473114043727
41041,2.347416576964478
41043,2.505218446601942
41045,2.513165709760444
41047,2.5863344844597926
41049,2.3797519007603043
41051,2.931873479318735
41053,2.6321499013806706
41055,2.6826625386996903
41057,2.3705716148663334
41059,2.4540468064358847
41061,2.543697925899663
41063,2.4134536505332242
41065,2.7161125319693094
41067,2.4986302641964997
41069,2.347099311701081
41071,2.6806557377049183
42001,2.6240039840637452
42003,2.679945996469
42005,2.6306323362362742
42007,2.676565258020974
42009,2.2492731829573933
42011,2.7674897119341564
42013,2.7510023503387253
42015,2.6765039727582294
42017,2.725599530437699
42019,2.5920446752228856
42021,2.690439916206437
42023,2.2005231037489104
42025,2.637889158754692
42027,2.5529282375584272
42029,2.664484126984127
42031,2.56458282656288
42033,2.409543098826473
42035,2.4019999999999997
42037,2.6535401750198893
42039,2.7598547717842323
42041,2.68083378451543
42043,2.8297620806856805
42045,2.8490398066895586
42047,2.3481595092024543
42049,2.948151125401929
42051,2.6004986574606828
42053,2.2365512159174648
42055,2.5784414252755705
42057,2.3371970495258165
42059,2.491044475749648
42061,2.42039018250472
42063,2.6086245353159847
42065,2.5232916068130518
42067,2.491533396048918
42069,2.7720458553791887
42071,2.7704740148486584
42073,2.6678765880217785
42075,2.8223737619743465
42077,2.872090143635463
42079,2.737266999212392
42081,2.558654549253108
42083,2.397997775305896
42085,2.727961819202695
42087,2.3431026884089907
42089,2.541621800712333
42091,2.7791144200626956
42093,2.675263774912075
42095,2.8163978708190984
42097,2.5644004099760846
42099,2.5774647887323945
42101,3.3203781512605044
42103,2.394501879699248
42105,2.38991935483871
42107,2.718522716539152
42109,2.405266307600239
42111,2.537331262692629
42113,2.3309111235327
42115,2.5568242166755177
42117,2.586396526772793
42119,2.5288824383164004
42121,2.5215321359013196
42123,2.434662653624279
42125,2.6343137254901956
42127,2.454651162790697
42129,2.613765182186235
42131,2.4388459975619665
42133,2.71287563062075
44001,2.6087465833658725
44003,2.6619414833295534
44005,2.570475538829969
44007,2.815346513873148
44009,2.5380017079419304
45001,2.4220151828847483
45003,2.633634222919937
45005,2.801699716713881
45007,2.6182595129892148
45009,2.6557235421166308
45011,2.5628880202345368
45013,2.5500946611132145
45015,2.4130638758570915
45017,2.453658536585366
45019,2.6073175503815302
45021,2.583333333333333
45023,2.4557667934093788
45025,2.589770830171498
45027,2.4742413549753
45029,2.4360570166633204
45031,2.512033323048442
45033,2.763636363636364
45035,2.4900012577034336
45037,2.5018382352941178
45039,2.4130434782608696
45041,2.577101390848619
45043,2.5038876639201577
45045,2.564988791522315
45047,2.600697471665214
45049,2.5682341335087138
45051,2.6749842640050354
45053,2.4203599247918346
45055,2.571477486731724
45057,2.5483537575668094
45059,2.422346368715084
45061,2.4639079029247046
45063,2.5186064924782263
45065,2.3622718052738336
45067,2.6905511811023617
45069,2.7930174563591024
45071,2.4619334672918063
45073,2.30015488709546
45075,2.5878700062098945
45077,2.4156104069379585
45079,2.6545016851227734
45081,2.5591436865021766
45083,2.565591397849462
45085,2.6192398582118943
45087,2.4374698213423467
45089,2.6378809869375908
45091,2.4789833822091887
46003,3.17260579064588
46005,2.6943013789666055
46007,2.364940736119776
46009,3.011217948717949
46011,3.0282186948853616
46013,2.9821981424148607
46015,2.7466666666666666
46017,2.459558823529412
46019,2.6046128500823724
46021,2.571428571428572
46023,3.0885766646304216
46025,2.776460626587637
46027,2.9250985545335086
46029,3.1222324723247232
46031,2.4612644701691897
46033,2.3645454545454547
46035,3.2161654135338344
46037,2.5911929017417017
46039,2.9417701863354035
46041,2.674054758800521
46043,3.3096960926193923
46045,2.718320610687023
46047,2.4730090860502405
46049,2.71875
46051,3.148230088495575
46053,2.7784172661870503
46055,2.32349602724177
46057,3.057513914656772
46059,2.768413597733711
46061,2.78125
46063,2.2785793562708103
46065,2.8121181262729125
46067,2.994995450409464
46069,2.5052631578947366
46071,2.3425742574257424
46073,2.7361809045226133
46075,2.5139573070607555
46077,3.1367989056087557
46079,3.0960219478738
46081,2.566488413547237
46083,2.8765235824059348
46085,2.485562310030395
46087,3.2005676442762536
46089,2.666455294863665
46091,2.7940226171243943
46093,2.6009778112072204
46095,2.4645257654966395
46097,3.2720403022670026
46099,2.9751332149200715
46101,3.0501232539030405
46102,2.294353369763206
46103,2.5982952983227934
46105,2.4868766404199474
46107,2.7195600942655145
46109,2.7825292397660824
46111,2.7061015370284123
46115,2.8106280193236715
46117,2.411764705882353
46119,2.7101796407185628
46121,2.462080173347779
46123,2.5381287182260683
46125,3.2027123483226267
46127,2.969546302050963
46129,2.7338769458858407
46135,2.8875128998968007
46137,2.3756097560975613
47001,2.442157953281424
47003,2.519708512752567
47005,2.5571570576540754
47007,2.257929383602633
47009,2.443733397730017
47011,2.565286624203821
47013,2.3881876637294592
47015,2.336640680368533
47017,2.5951642901425918
47019,2.3405255287331768
47021,2.3080133555926543
47023,2.6555555555555554
47025,2.368057269809924
47027,2.3238546603475507
47029,2.38023493360572
47031,2.575952626158599
47033,2.6506646971935006
47035,2.448352398838996
47037,2.6333476210887268
47039,2.478098788443616
47041,2.344444444444445
47043,2.488576933663639
47045,2.6366311143802874
47047,2.3870967741935485
47049,2.2654900488171235
47051,2.4070832485243234
47053,2.801918735891648
47055,2.3367217280813213
47057,2.3665194700923324
47059,2.461112044347388
47061,2.3343195266272194
47063,2.5793772332822873
47065,2.5908244061481143
47067,2.227625088090204
47069,2.4437347931873483
47071,2.456112852664577
47073,2.351164626924595
47075,2.4755813953488373
47077,2.4783406754772392
47079,2.5528322440087146
47081,2.377935943060498
47083,2.35828488372093
47085,2.3726923076923083
47087,2.2580999450851182
47089,2.4003346580213343
47091,2.240851993446204
47093,2.5049403138552333
47095,2.680786686838124
47097,2.5234340779675866
47099,2.620348058902276
47101,2.3562585969738654
47103,2.5076978159684926
47105,2.531858171154359
47107,2.5639894086496033
47109,2.521548821548821
47111,2.53125
47113,2.571373232616696
47115,2.3844634628044767
47117,2.467522364838584
47119,2.4883322962041072
47121,2.362346872985171
47123,2.414091470951792
47125,2.5343556127823947
47127,2.32375
47129,2.21399730820996
47131,2.66698595146871
47133,2.466632705043301
47135,2.3791530944625405
47137,2.272007912957468
47139,2.3584598698481556
47141,2.5376967688483845
47143,2.3753884400248597
47145,2.4691190706679573
47147,2.4856541195051327
47149,2.497393643854044
47151,2.2226965492707222
47153,2.2590147282884714
47155,2.3261531995376696
47157,2.705404833677085
47159,2.2580071174377223
47161,2.490407112774918
47163,2.5312221672439392
47165,2.4826709796672835
47167,2.4683088845834487
47169,2.462121212121212
47171,2.3222770058269835
47173,2.2904015670910867
47175,2.3559479553903344
47177,2.5037844383893435
47179,2.546303929651003
47181,2.454812637766348
47183,2.7079839591687933
47185,2.557392102846648
47187,2.519032776046094
47189,2.3817608173076925
48001,2.450849041906839
48003,2.7944486121530385
48005,2.65845261822794
48007,2.7214571301643717
48009,2.4732034104750307
48011,2.691489361702128
48013,2.588060293534312
48015,2.4190243902439024
48017,3.0056042031523638
48019,2.356290354138133
48021,2.3904589371980687
48023,2.586621751684312
48025,2.6062621224715987
48027,2.813493653974616
48029,2.8514028723719282
48031,2.2736947123378783
48033,2.424741478360781
48035,2.468830397783495
48037,2.6554288547347547
48039,2.611412354938428
48041,2.7069947596263386
48043,2.6063518106176025
48045,2.6359223300970878
48047,2.672762008733625
48049,2.6776755098357703
48051,2.3706450887839963
48053,2.482560917343526
48055,2.494565217391304
48057,2.739693192713327
48059,2.5594227504244484
48061,2.7895908346972176
48063,2.5934959349593494
48065,2.9061662198391423
48067,2.4226327944572748
48069,2.783643576441868
48071,2.5066624365482237
48073,2.4383304674065966
48075,2.8020104895104896
48077,2.6585450748346675
48079,3.03864390706496
48081,2.467640918580376
48083,2.5995467224546718
48085,2.910988715744224
48087,2.6185208596713023
48089,2.4195092758827053
48091,2.5208778173190987
48093,2.5536142514559783
48095,2.570953436807095
48097,2.576114922813036
48099,2.620075046904315
48101,2.6925
48103,2.4520790327337068
48105,2.569041095890411
48107,2.7607321131447597
48109,2.6541794087665647
48111,2.785610465116279
48113,3.0647057326785583
48115,2.9431203685159217
48117,2.8554073368270605
48119,2.7349019607843137
48121,2.6640831469810937
48123,2.5129476584022044
48125,2.6376518218623484
48127,2.673512885099787
48129,2.708121066826491
48131,2.6671835627059512
48133,2.7945328927605892
48135,2.9883876134543508
48137,2.503058103975535
48139,2.373756247956276
48141,2.8874483818304038
48143,2.268528631611796
48145,2.586040609137056
48147,2.688733125649013
48149,2.332320956206525
48151,2.5386740331491717
48153,2.940459610027855
48155,2.502579218865144
48157,2.6524624718717065
48159,2.438868126001068
48161,2.43236137667304
48163,2.620812946932631
48165,2.7513631406761183
48167,2.7149921330636095
48169,2.6643262219821766
48171,2.3162768031189085
48173,2.4604026845637583
48175,2.6069767441860465
48177,2.599285017874553
48179,2.8056369471187397
48181,2.8514676411646818
48183,2.7559759495527203
48185,2.6169551708832666
48187,2.6300188628402053
48189,3.0287825748735897
48191,2.651721377101681
48193,2.390988372093023
48195,2.717570350034317
48197,2.6664179104477608
48199,2.427295534370296
48201,2.8662203819050105
48203,2.5319597663854636
48205,2.696254071661238
48207,2.7089947089947093
48209,2.5013364695819518
48211,2.5492753623188404
48213,2.648014440433213
48215,2.804656264373917
48217,2.644151303242212
48219,3.019569471624266
48221,2.441065214101982
48223,2.546680497925311
48225,2.380928853754941
48227,2.7806215722120657
48229,2.718532110091743
48231,2.333352259822848
48233,2.702575779137612
48235,2.574822585621721
48237,2.428483732351136
48239,2.6477057262040202
48241,2.4521288578508678
48243,2.4087591240875907
48245,2.8904907528760737
48247,2.754637731886594
48249,2.7375784753363233
48251,2.6169734151329243
48253,2.8437405731523375
48255,2.5168179391350773
48257,2.385598923283984
48259,2.4236826165960026
48261,2.6545146248410343
48263,2.14103819784525
48265,2.337633202467751
48267,2.4857142857142858
48269,2.518460329929301
48271,2.754893851668045
48273,2.7316334259025497
48275,2.7155425219941347
48277,2.7313531353135314
48279,3.0641885029453584
48281,2.5494665373423855
48283,2.6776531089294062
48285,2.484434968017057
48287,2.2698291252231573
48289,2.348567193675889
48291,2.462135657858894
48293,2.52360295993876
48295,2.3950753399485483
48297,2.515900195694716
48299,2.4973381418512792
48301,2.5686732904734075
48303,2.981271629232544
48305,3.0122078828043253
48307,2.696030977734753
48309,2.8510923185341785
48311,2.5472906403940887
48313,2.3797468354430378
48315,2.5386503067484663
48317,2.7689262741217218
48319,2.4295729764181013
48321,2.5656100258016954
48323,2.685570987654321
48325,2.5004154894465684
48327,2.552350849466614
48329,2.8904231061565753
48331,2.5102620087336245
48333,2.2679738562091503
48335,2.589073634204276
48337,2.532801035822184
48339,2.5210475056812034
48341,2.740449110527851
48343,2.611885991510006
48345,2.6482961716449305
48347,2.5298448593215883
48349,2.3232958515977384
48351,2.3255330213208527
48353,2.7170515512013065
48355,2.9069526627218933
48357,2.6313993174061427
48359,2.62930452397029
48361,2.526603959006037
48363,2.4837145698657386
48365,2.343522153673584
48367,2.4549850807696263
48369,3.0663507109004735
48371,2.7323901264298613
48373,2.4619263089851326
48375,3.0291188705407786
48377,2.6445423904589056
48379,2.5838837516512547
48381,2.8195994277539342
48383,2.613371176285084
48385,2.316437007874016
48387,2.6195234435049963
48389,2.743268511593119
48391,2.6595744680851063
48393,2.5434595524956967
48395,2.566191446028513
48397,2.7236700409218177
48399,2.6357340720221605
48401,2.5605806811836964
48403,2.3538518245484705
48405,2.3947706815259324
48407,2.3480311730926995
48409,2.8696272153188023
48411,2.4878353087960074
48413,2.507512019230769
48415,2.61721110951216
48417,2.6654537671232883
48419,2.3736596095683256
48421,2.561836115326252
48423,2.7177228611043147
48425,2.4527231467473527
48427,2.6155102040816325
48429,2.5183615819209044
48431,2.633981154299176
48433,2.467837704106878
48435,2.261888814467515
48437,2.8237005430566335
48439,2.9049059804891844
48441,2.8426954516872773
48443,2.5540484997944923
48445,2.9678311133450617
48447,2.6403560830860533
48449,2.5553422904670504
48451,2.8662739322533137
48453,2.7467293590274564
48455,2.3715803452855244
48457,2.3523316062176165
48459,2.5741395947249917
48461,2.6848665730337076
48463,2.500365096750639
48465,2.726543942992874
48467,2.5218755768875765
48469,2.687343671835918
48471,2.448941853297719
48473,2.6294284975433158
48475,2.7753328402366866
48477,2.440258541089566
48479,2.8497916666666665
48481,2.7526221540035816
48483,2.728263759638394
48485,2.9476675349277763
48487,2.7217068645640072
48489,2.9634782608695653
48491,2.6536384560906514
48493,2.446523120367102
48495,2.5425173883778327
48497,2.4330019880715708
48499,2.4899481193255517
48501,2.7441647597254004
48503,2.536858556915864
48505,2.661872455902307
48507,2.724910607866508
49001,2.6464968152866244
49003,2.546946815495732
49005,2.612804293655357
49007,2.4339430894308944
49009,2.5921052631578947
49011,2.5884267925449658
49013,2.3728689722357528
49015,2.7155635062611805
49017,2.4201680672268906
49019,2.3949645948072384
49021,2.567600120445649
49023,2.6094249201277955
49025,2.548364648573417
49027,2.666460012399256
49029,2.4223968565815324
49031,2.4708737864077674
49033,2.293733681462141
49035,2.649075639568724
49037,2.5724465558194773
49039,2.672262773722628
49041,2.762119503945885
49043,2.4592249855407746
49045,2.6368641845831147
49047,2.269609079445145
49049,2.614176278189017
49051,2.522477064220184
49053,2.5877831715210355
49055,2.7163814180929093
49057,2.6378264925373136
50001,2.404028776978417
50003,2.3059066881176737
50005,2.414322250639386
50007,2.5303120356612183
50009,2.2682215743440235
50011,2.4587245063127225
50013,2.2762605042016806
50015,2.290017985611511
50017,2.2654039798609444
50019,2.4211509715994017
50021,2.351786853860881
50023,2.3679131483715317
50025,2.300141353855819
50027,2.3266613290632505
51001,2.3424072984108304
51003,2.290139868223327
51005,2.2995642701525054
51007,2.179350061703003
51009,2.259065550906555
51011,2.2729400749063666
51013,2.9911613566289827
51015,2.2169246130803795
51017,2.021594684385382
51019,2.2343877551020412
51021,2.105470953186689
51023,2.314027149321267
51025,2.2696299638989172
51027,2.0981595092024543
51029,2.180632212744606
51031,2.2771053309296936
51033,2.329687102518444
51035,2.217472118959108
51036,2.2203098106712567
51037,2.22721119133574
51041,2.391400802873442
51043,2.2599765258215956
51045,2.0872849349559384
51047,2.2948317086628656
51049,2.1902222222222223
51051,2.133363268971711
51053,2.321094312455004
51057,2.194450814033478
51059,2.5119751166407465
51061,2.1955019085938305
51063,2.1450617283950617
51065,2.3488200589970503
51067,2.1784732100521573
51069,2.2823046181172293
51071,2.266565809379728
51073,2.1615726403662308
51075,2.375786163522013
51077,2.159680950891461
51079,2.24056389267849
51081,2.2962962962962963
51083,2.2171477079796267
51085,2.354149273668392
51087,2.6298339038924814
51089,2.2032656478961687
51091,2.0134638922888617
51093,2.3168061815840306
51095,2.396563939071909
51097,2.1197015937605967
51099,2.472181191531265
51101,2.128169014084507
51103,2.121031746031746
51105,2.2212097712291587
51107,2.596681442434408
51109,2.244871794871795
51111,2.1891156462585037
51113,2.2521489971346704
51115,2.085120207927225
51117,2.3537022603273576
51119,2.1848719755696497
51121,2.4580576307363926
51125,2.2192066805845507
51127,2.35949098621421
51131,2.4187725631768955
51133,2.128729466979551
51135,2.362842517314062
51137,2.2838253382533824
51139,2.272150560372172
51141,2.181583846484319
51143,2.219652832001922
51145,2.3137103020914016
51147,2.5476804123711343
51149,2.191997129014893
51153,2.479933110367893
51155,2.2743682310469318
51157,2.1859838274932613
51159,2.268689057421452
51161,2.3007882727147004
51163,2.178079374871478
51165,2.2433319220999155
51167,2.148446170921199
51169,2.1417333333333333
51171,2.395172607353354
51173,2.1949271300448427
51175,2.267611176702086
51177,2.3644103873988933
51179,2.3775182481751824
51181,2.1215889464594127
51183,2.2271030720643124
51185,2.233452807646356
51187,2.3156510302498905
51191,2.1809581147329493
51193,2.2377015295576683
51195,2.2162760416666667
51197,2.2271570374141003
51199,2.4981605713049118
51510,2.9372506347479144
51520,2.7482693517935814
51530,2.87406015037594
51540,2.7909207161125322
51550,2.5267888928444284
51570,2.770414201183432
51580,2.719665271966527
51590,2.6108359133126937
51595,2.6845018450184504
51600,2.663716814159292
51610,2.6941489361702127
51620,2.646464646464646
51630,2.8430493273542603
51640,2.4963715529753268
51650,2.7107899807321774
51660,2.680701754385965
51670,2.9509283819628647
51678,2.6368563685636857
51680,2.7231190983856233
51683,2.7252396166134187
51685,2.575596816976127
51690,2.5641025641025643
51700,2.6854964477560217
51710,3.0247726184777406
51720,2.6366366366366365
51730,2.7755289788408457
51735,2.1481481481481484
51740,2.9646418857660923
51750,2.680443548387097
51760,3.1849614395886894
51770,2.8542098714226465
51775,2.63965744400527
51790,2.764561115668581
51800,2.424880127863612
51810,2.549096662243544
51820,2.7300435413642963
51830,2.612021857923497
51840,2.9130434782608696
53001,2.8385726423109596
53003,2.5368171021377672
53005,2.612167651403249
53007,2.3941099230913525
53009,2.3492565643783614
53011,2.480059888389819
53013,2.4977064220183487
53015,2.4175858319092747
53017,2.6094871794871795
53019,2.299460970253544
53021,2.7258670201016124
53023,2.4665959703075293
53025,2.660546875
53027,2.419497282608696
53029,2.3150364963503653
53031,2.2419764488570766
53033,2.578469952644568
53035,2.3752105085887503
53037,2.472568872145044
53039,2.378802281368821
53041,2.3751453300607155
53043,2.6404993065187243
53045,2.298321464903357
53047,2.321546378150152
53049,2.2948530943946657
53051,2.1784323271665045
53053,2.4660265354870754
53055,2.1571994715984153
53057,2.492296034352109
53059,2.2620137299771166
53061,2.3819519726684404
53063,2.8478877041436093
53065,2.348013351997416
53067,2.4290079191868803
53069,2.2469733656174333
53071,2.694553621560921
53073,2.5312652424153743
53075,2.668113352055144
53077,2.5876254622292656
54001,2.41786355475763
54003,2.3725186540898213
54005,2.2118773946360157
54007,2.2240963855421687
54009,2.407935800267499
54011,2.4625174337517435
54013,2.2092130518234163
54015,2.1826839826839826
54017,2.212840809146878
54019,2.321421151049241
54021,2.2413431269674717
54023,2.419354838709677
54025,2.2928612661150662
54027,2.1850720209515497
54029,2.487898982813048
54031,2.2572759022118745
54033,2.4070984625449787
54035,2.3219633943427618
54037,2.5212215320910967
54039,2.440412557404201
54041,2.282169117647059
54043,2.137247426610751
54045,2.2478777589134125
54047,2.1998878609475754
54049,2.402162162162162
54051,2.3727662616154395
54053,2.365118174409128
54055,2.3194721497621607
54057,2.3255019222554463
54059,2.2331942512749188
54061,2.4629936939926984
54063,2.1691961776278808
54065,2.251402918069585
54067,2.2096977329974807
54069,2.572923935799023
54071,2.194280908326325
54073,2.375722543352601
54075,2.213527110117384
54077,2.3814824871029048
54079,2.3160978094752926
54081,2.315746197067288
54083,2.3290657439446365
54085,2.3246674727932284
54087,2.2303172737955346
54089,2.23149693934335
54091,2.3486655309483253
54093,2.370711297071129
54095,2.3415077202543144
54097,2.3890959925442683
54099,2.291788856304985
54101,2.210906701708278
54103,2.380469583778015
54105,2.2914691943127963
54107,2.5758266818700117
54109,2.2188183807439823
55001,2.7199053534457263
55003,2.5486217457886675
55005,2.623012718600954
55007,2.5193444384739387
55009,2.8252499074416884
55011,2.4750509164969445
55013,2.4655259184700555
55015,2.771272727272727
55017,2.689608636977058
55019,2.792836676217765
55021,2.6260869565217395
55023,2.421766342141864
55025,2.7668397954664408
55027,2.6699772061217844
55029,2.6225941422594143
55031,2.6545929798356984
55033,2.615685316393843
55035,2.84723457229237
55037,2.385887541345093
55039,2.6693623639191286
55041,2.462562396006656
55043,2.6361205205919056
55045,2.9384288747346066
55047,2.607935758148323
55049,2.593730407523511
55051,2.3056603773584907
55053,2.4993815708101423
55055,2.7522531544161826
55057,2.6011105969458583
55059,2.911917098445596
55061,2.8254281949934126
55063,2.7253821542836834
55065,2.7202764976958527
55067,2.610649731314118
55069,2.509911894273128
55071,2.8476269775187344
55073,2.8393248575186316
55075,2.5492851768246805
55077,2.5313459009206487
55078,2.4576271186440684
55079,3.23819179389313
55081,2.574864702345159
55083,2.540014081201596
55085,2.3122098130254742
55087,2.8459808215934648
55089,2.859154929577465
55091,2.5614213197969544
55093,2.6070143884892087
55095,2.4909606522509753
55097,2.840339375241033
55099,2.414239482200647
55101,2.867094986142605
55103,2.5666784577290414
55105,2.8988502777418934
55107,2.481113320079523
55109,2.6670432537120723
55111,2.686897035607788
55113,2.2869761323059574
55115,2.6906976744186046
55117,2.8519306282722514
55119,2.615620886353664
55121,2.334211392821864
55123,2.412966878083157
55125,2.240328399054609
55127,2.7495883849723097
55129,2.535691523263225
55131,2.7696048632218844
55133,2.7209729882619147
55135,2.6545684743616795
55137,2.6049092131809006
55139,2.8053248978515883
55141,2.8662701784197115
56001,2.6118581907090466
56003,2.673202614379085
56005,2.5170914542728635
56007,2.61431725007884
56009,2.5209652575731645
56011,2.4837837837837844
56013,2.4969352668560325
56015,2.7011655011655007
56017,2.587326120556414
56019,2.496590909090909
56021,2.8335331135750668
56023,2.456602031394276
56025,2.7344996501049685
56027,2.313979706877114
56029,2.5965306778027633
56031,2.6264236902050118
56033,2.416799236398345
56035,2.449546485260771
56037,2.6361323155216283
56039,2.3561493411420207
56041,2.5102880658436213
56043,2.5254529767040554
56045,2.4034985422740527
