FIPStxt,year,rate_net_migration
0,2020,
1000,2020,2.4837435218
1001,2020,4.5600617583
1003,2020,24.380567187
1005,2020,-5.165664474
1007,2020,1.8319519224
1009,2020,1.1245966591
1011,2020,-7.200986436
1013,2020,-6.294941017
1015,2020,-4.044995086
1017,2020,-7.748227481
1019,2020,11.606971844
1021,2020,4.9440688106
1023,2020,-15.81307529
1025,2020,-9.970551115
1027,2020,-1.055448754
1029,2020,-6.483957219
1031,2020,7.0571088866
1033,2020,5.9685246496
1035,2020,-13.62945934
1037,2020,5.1628649207
1039,2020,6.2160482149
1041,2020,-0.7971881
1043,2020,4.9525677987
1045,2020,-1.44433708
1047,2020,-26.41409458
1049,2020,1.875174923
1051,2020,1.1342621132
1053,2020,4.5108465355
1055,2020,-0.244046486
1057,2020,-5.618835313
1059,2020,0.0319182892
1061,2020,2.0921695799
1063,2020,-12.37745098
1065,2020,-7.210884354
1067,2020,4.5377857932
1069,2020,8.991132294
1071,2020,2.3438937693
1073,2020,-2.905913648
1075,2020,-4.695344385
1077,2020,4.208640663
1079,2020,2.004099294
1081,2020,1.1639315291
1083,2020,26.41830521
1085,2020,-22.74111675
1087,2020,-8.848827943
1089,2020,13.382654447
1091,2020,-6.645744877
1093,2020,2.1863805311
1095,2020,3.8145783232
1097,2020,-3.760043912
1099,2020,-12.0110061
1101,2020,-4.03540917
1103,2020,3.3321891143
1105,2020,-13.56082921
1107,2020,-0.95214232
1109,2020,-3.948399542
1111,2020,1.1881449537
1113,2020,-0.397425375
1115,2020,9.5528888789
1117,2020,7.0069353889
1119,2020,-14.36494952
1121,2020,0.5745870156
1123,2020,-0.395540283
1125,2020,2.3080201305
1127,2020,1.1636134916
1129,2020,-3.116597409
1131,2020,-18.78695403
1133,2020,0.8030091712
2000,2020,-12.03122145
2013,2020,-17.82531194
2016,2020,-6.741174384
2020,2020,-15.93027738
2050,2020,-4.698811638
2060,2020,-52.44755245
2068,2020,28.578348268
2070,2020,-24.22529525
2090,2020,-28.11466937
2100,2020,11.159824631
2105,2020,-4.18312805
2110,2020,-7.092530971
2122,2020,0.4434249461
2130,2020,-1.296970134
2150,2020,-27.96403536
2158,2020,-16.70974334
2164,2020,-15.6838143
2170,2020,4.4747298451
2180,2020,-14.45879244
2185,2020,-11.48257291
2188,2020,-19.45804767
2195,2020,6.4516129032
2198,2020,-26.1084136
2220,2020,-9.385815686
2230,2020,17.006802721
2240,2020,-16.9197397
2261,2020,-2.069378642
2275,2020,-9.920634921
2282,2020,-35.74468085
2290,2020,-25.87590896
4000,2020,13.687161112
4001,2020,-1.044437327
4003,2020,-4.192872117
4005,2020,2.3636446281
4007,2020,9.515948024
4009,2020,16.581632653
4011,2020,-4.644779901
4012,2020,9.06351579
4013,2020,14.176034453
4015,2020,21.249285245
4017,2020,3.210258358
4019,2020,9.6024969371
4021,2020,32.249517642
4023,2020,-4.327559665
4025,2020,19.551439263
4027,2020,4.2454260588
5000,2020,0.9234285911
5001,2020,-13.17732591
5003,2020,-15.98225314
5005,2020,15.678108095
5007,2020,17.881528526
5009,2020,2.7533849259
5011,2020,-5.647886672
5013,2020,-5.568356375
5015,2020,10.269667298
5017,2020,-27.72373541
5019,2020,0.7169583044
5021,2020,-11.59855359
5023,2020,3.3658565905
5025,2020,-3.2599837
5027,2020,-4.719086793
5029,2020,0.4319550767
5031,2020,9.9567415628
5033,2020,-3.506112006
5035,2020,-12.41720135
5037,2020,-12.10324064
5039,2020,-19.06645011
5041,2020,-9.532971838
5043,2020,-7.6066435
5045,2020,2.1740428836
5047,2020,-1.972998112
5049,2020,19.124470446
5051,2020,7.0480761475
5053,2020,5.542598436
5055,2020,-2.0735904
5057,2020,-9.810954023
5059,2020,3.4992512195
5061,2020,-7.621491096
5063,2020,-0.634979429
5065,2020,8.452464077
5067,2020,-0.836520076
5069,2020,-17.91075757
5071,2020,-5.785449969
5073,2020,-3.15718259
5075,2020,1.7662464218
5077,2020,-8.97213032
5079,2020,-8.547008547
5081,2020,0.244339469
5083,2020,-6.76881708
5085,2020,-3.462849352
5087,2020,8.925860708
5089,2020,10.072244372
5091,2020,-3.486532978
5093,2020,-16.38843773
5095,2020,-19.58618658
5097,2020,15.310683952
5099,2020,-6.52173913
5101,2020,-2.829036199
5103,2020,-6.255052976
5105,2020,9.3112550996
5107,2020,-15.90579306
5109,2020,7.6692854471
5111,2020,-14.84261348
5113,2020,0.9003826626
5115,2020,4.8094245923
5117,2020,2.1060455897
5119,2020,-3.220090096
5121,2020,0.3896682253
5123,2020,-20.03841356
5125,2020,9.7572594257
5127,2020,-5.140640155
5129,2020,-1.138447916
5131,2020,-1.918581659
5133,2020,-8.923329811
5135,2020,11.574340666
5137,2020,8.5737179487
5139,2020,-9.945901492
5141,2020,1.2055455093
5143,2020,4.0605467026
5145,2020,4.238420711
5147,2020,-17.51916158
5149,2020,-6.307969068
6000,2020,-3.276681177
6001,2020,-1.848964301
6003,2020,32.461677187
6005,2020,11.824601741
6007,2020,-49.59012291
6009,2020,7.3796709715
6011,2020,-1.070638892
6013,2020,-0.504330428
6015,2020,2.448156682
6017,2020,11.392401763
6019,2020,0.1315887941
6021,2020,10.858765082
6023,2020,-4.724027049
6025,2020,-10.8452933
6027,2020,4.1684035015
6029,2020,-0.234118932
6031,2020,0.8083543089
6033,2020,2.9369944757
6035,2020,-4.118252684
6037,2020,-7.930984781
6039,2020,-3.838209599
6041,2020,-3.795651973
6043,2020,-9.824318077
6045,2020,-8.26873385
6047,2020,4.4832566492
6049,2020,7.9360580466
6051,2020,-3.882552778
6053,2020,-6.774107701
6055,2020,-7.217945055
6057,2020,4.6370876681
6059,2020,-4.779849063
6061,2020,14.585301628
6063,2020,6.5516139342
6065,2020,5.4809121022
6067,2020,4.2047311962
6069,2020,14.290887145
6071,2020,-0.345998632
6073,2020,-3.896171438
6075,2020,-1.811325894
6077,2020,7.3007495515
6079,2020,-0.889728403
6081,2020,-6.960411762
6083,2020,-3.073029848
6085,2020,-7.777857509
6087,2020,-4.679611154
6089,2020,3.9300812421
6091,2020,6.6644451849
6093,2020,3.1002767284
6095,2020,1.2469665356
6097,2020,-8.936744886
6099,2020,-0.973801996
6101,2020,2.0173909445
6103,2020,15.259252374
6105,2020,-19.3143409
6107,2020,-4.791659504
6109,2020,4.6295871033
6111,2020,-5.965240345
6113,2020,-2.065281037
6115,2020,6.9387101936
8000,2020,7.3114263613
8001,2020,4.8348764307
8003,2020,-5.972722515
8005,2020,2.0513808223
8007,2020,19.0208581
8009,2020,1.6748080949
8011,2020,-37.41765481
8013,2020,2.7533987266
8014,2020,12.819320547
8015,2020,17.823105676
8017,2020,-17.34417344
8019,2020,8.1848321591
8021,2020,1.586720371
8023,2020,18.963501753
8025,2020,18.13945748
8027,2020,27.99440112
8029,2020,12.474615608
8031,2020,9.0198936456
8033,2020,-3.40218712
8035,2020,17.765791775
8037,2020,-4.469882802
8039,2020,14.293256901
8041,2020,5.0611102889
8043,2020,1.3570220673
8045,2020,-0.667991517
8047,2020,18.939700526
8049,2020,11.521843495
8051,2020,13.456929163
8053,2020,15.970515971
8055,2020,8.4155542658
8057,2020,-7.893792609
8059,2020,3.8803275995
8061,2020,14.362657092
8063,2020,-9.399551066
8065,2020,27.546484693
8067,2020,-3.199431212
8069,2020,14.627755424
8071,2020,2.8951540636
8073,2020,13.619881489
8075,2020,5.4166573405
8077,2020,7.40328362
8079,2020,-7.787151201
8081,2020,0.8312551953
8083,2020,1.8725518296
8085,2020,13.134974813
8087,2020,3.4925739578
8089,2020,-2.294079091
8091,2020,29.05668099
8093,2020,16.05565962
8095,2020,-1.169590643
8097,2020,-16.05908849
8099,2020,4.2060121232
8101,2020,6.1516290204
8103,2020,-4.10937253
8105,2020,-0.443695093
8107,2020,2.2289568873
8109,2020,-3.659250585
8111,2020,-49.59785523
8113,2020,-4.645760743
8115,2020,-3.978779841
8117,2020,-0.129391214
8119,2020,11.762143324
8121,2020,4.0832993058
8123,2020,22.339814831
8125,2020,3.0051086848
9000,2020,-2.728391002
9001,2020,-3.542621402
9003,2020,-1.943619347
9005,2020,-1.65454807
9007,2020,-0.750063018
9009,2020,-3.339315592
9011,2020,-3.985015739
9013,2020,-0.358315915
9015,2020,-2.283602961
10000,2020,7.2543770946
10001,2020,10.430639586
10003,2020,-0.23649493
10005,2020,22.829336474
11000,2020,0.5698872163
11001,2020,0.5698872163
12000,2020,10.420285504
12001,2020,-1.87397517
12003,2020,28.038844397
12005,2020,-65.40054579
12007,2020,18.19384126
12009,2020,14.932192842
12011,2020,0.4626963863
12013,2020,-28.55347668
12015,2020,31.21797736
12017,2020,24.221511473
12019,2020,13.994852468
12021,2020,19.370910611
12023,2020,15.018896554
12027,2020,16.027809842
12029,2020,13.667154069
12031,2020,5.1835730775
12033,2020,9.2513656026
12035,2020,31.325110272
12037,2020,38.653838074
12039,2020,-5.721335997
12041,2020,17.414419791
12043,2020,13.674219006
12045,2020,-165.385261
12047,2020,9.062391077
12049,2020,-13.97283061
12051,2020,11.204683414
12053,2020,23.823023027
12055,2020,19.483410212
12057,2020,9.8834188873
12059,2020,11.520737327
12061,2020,22.780738545
12063,2020,-33.36648118
12065,2020,-3.500542584
12067,2020,-30.26938585
12069,2020,31.435210641
12071,2020,22.590779169
12073,2020,3.0722491153
12075,2020,20.510078857
12077,2020,-7.985221381
12079,2020,0.8640941863
12081,2020,24.231482874
12083,2020,22.496656965
12085,2020,6.4212940804
12086,2020,-2.635593323
12087,2020,-6.403329194
12089,2020,32.05756154
12091,2020,14.542511827
12093,2020,9.9973753907
12095,2020,2.828836984
12097,2020,14.10629032
12099,2020,9.7058509635
12101,2020,29.426268278
12103,2020,6.8653127685
12105,2020,24.187948083
12107,2020,9.1677660806
12109,2020,41.316448274
12111,2020,25.46237063
12113,2020,25.956524609
12115,2020,24.809579674
12117,2020,5.6939320047
12119,2020,39.917438605
12121,2020,8.0364802023
12123,2020,3.061650508
12125,2020,-1.046949125
12127,2020,17.091373814
12129,2020,38.124319748
12131,2020,44.98525583
12133,2020,28.8067481
13000,2020,6.1275371708
13001,2020,-8.235804075
13003,2020,-19.11487186
13005,2020,-1.704341586
13007,2020,-18.2887002
13009,2020,1.5370393059
13011,2020,10.574255353
13013,2020,24.29391616
13015,2020,9.9945823759
13017,2020,-5.608257264
13019,2020,6.8282337118
13021,2020,-0.411681293
13023,2020,2.5686930801
13025,2020,6.2477030503
13027,2020,1.874838376
13029,2020,33.107638442
13031,2020,25.744341728
13033,2020,-4.372852617
13035,2020,29.474027031
13037,2020,-26.94944985
13039,2020,11.374022545
13043,2020,-2.588996764
13045,2020,13.017408368
13047,2020,3.0527563723
13049,2020,35.574474554
13051,2020,-2.385083893
13053,2020,8.4623610917
13055,2020,0.7262310625
13057,2020,14.738037048
13059,2020,4.1549458331
13061,2020,-12.59181532
13063,2020,2.8583565654
13065,2020,-1.512744876
13067,2020,-0.474867944
13069,2020,0.834028357
13071,2020,0.2416122124
13073,2020,12.278347829
13075,2020,5.6328213467
13077,2020,13.045530327
13079,2020,9.1357425823
13081,2020,-9.468981307
13083,2020,-4.946974616
13085,2020,36.810773885
13087,2020,-7.474941956
13089,2020,-1.795003708
13091,2020,-7.778153534
13093,2020,-21.32920034
13095,2020,-17.53257016
13097,2020,4.4823195489
13099,2020,-8.009376831
13101,2020,-1.748688484
13103,2020,27.646928646
13105,2020,8.409726031
13107,2020,0.8839192982
13109,2020,-4.401573328
13111,2020,12.727865207
13113,2020,11.265278864
13115,2020,5.527786544
13117,2020,25.567018878
13119,2020,14.099993532
13121,2020,8.0971851426
13123,2020,18.809079802
13125,2020,0.0
13127,2020,3.8292798957
13129,2020,4.1525724321
13131,2020,-7.205456717
13133,2020,35.554815986
13135,2020,2.4565528736
13137,2020,-2.910662506
13139,2020,9.3748691435
13141,2020,18.900445765
13143,2020,7.750240089
13145,2020,20.201730758
13147,2020,7.5369194277
13149,2020,4.6230142053
13151,2020,16.886034345
13153,2020,10.651401147
13155,2020,3.1894535403
13157,2020,32.616432429
13159,2020,12.673463608
13161,2020,1.7902728508
13163,2020,-0.90950432
13165,2020,-9.059113583
13167,2020,-5.788412838
13169,2020,4.632935644
13171,2020,7.2559019927
13173,2020,6.3528732313
13175,2020,3.3093737484
13177,2020,5.4901829503
13179,2020,-2.39263854
13181,2020,2.0194370819
13183,2020,16.093143596
13185,2020,3.8337291145
13187,2020,21.801560691
13189,2020,-10.78330688
13191,2020,5.9233449477
13193,2020,-13.63618953
13195,2020,7.7618359598
13197,2020,-1.314845804
13199,2020,4.8271455952
13201,2020,8.5949833363
13205,2020,-12.77330788
13207,2020,6.4995188904
13209,2020,-1.199563795
13211,2020,20.993518251
13213,2020,2.4238183885
13215,2020,3.8365073422
13217,2020,16.810978229
13219,2020,17.477870558
13221,2020,11.140775899
13223,2020,22.992305843
13225,2020,4.7351071773
13227,2020,19.410262364
13229,2020,2.0075669832
13231,2020,15.900449361
13233,2020,4.1431749432
13235,2020,6.9316289328
13237,2020,16.386353809
13239,2020,20.179864005
13241,2020,20.415367418
13243,2020,-3.826342899
13245,2020,0.0296893749
13247,2020,1.9184017729
13249,2020,3.6235338991
13251,2020,-1.00264986
13253,2020,-19.31540342
13255,2020,9.005345983
13257,2020,-1.617499807
13259,2020,32.93504902
13261,2020,-10.55293324
13263,2020,-10.73287946
13265,2020,-38.74245792
13267,2020,-8.272438991
13269,2020,-0.249376559
13271,2020,-6.031287303
13273,2020,-4.439771001
13275,2020,2.3652644028
13277,2020,-0.837582834
13279,2020,-5.024938584
13281,2020,21.503576957
13283,2020,13.271109815
13285,2020,-4.042857143
13287,2020,7.4246523627
13289,2020,1.9639130968
13291,2020,30.609715796
13293,2020,8.9134368155
13295,2020,5.8762679233
13297,2020,12.27934716
13299,2020,3.5613634133
13301,2020,2.6664127226
13303,2020,-1.324048647
13305,2020,3.8836901753
13307,2020,0.0
13309,2020,-5.586237542
13311,2020,27.374724443
13313,2020,-0.852176161
13315,2020,-20.95979842
13317,2020,-3.360317703
13319,2020,-7.223426127
13321,2020,-1.874275568
15000,2020,-6.207021768
15001,2020,-1.071901782
15003,2020,-8.893682579
15005,2020,0.0
15007,2020,0.5399381148
15009,2020,0.3887687693
16000,2020,15.562523869
16001,2020,22.814728453
16003,2020,13.367729831
16005,2020,7.7028002889
16007,2020,11.011586819
16009,2020,8.8572045798
16011,2020,10.092532817
16013,2020,7.1628232006
16015,2020,22.601059021
16017,2020,23.086108531
16019,2020,13.587764218
16021,2020,18.71316104
16023,2020,2.700617284
16025,2020,-16.16524472
16027,2020,22.229824426
16029,2020,11.273957159
16031,2020,1.4219694277
16033,2020,-14.1509434
16035,2020,2.5122758936
16037,2020,16.112084063
16039,2020,-4.118601134
16041,2020,5.511240029
16043,2020,-11.12211473
16045,2020,29.524636544
16047,2020,-0.594157452
16049,2020,13.275804846
16051,2020,4.5212227546
16053,2020,5.5282808697
16055,2020,25.444623225
16057,2020,1.8014186172
16059,2020,15.038536249
16061,2020,2.6075619296
16063,2020,-10.21924935
16065,2020,-8.008286176
16067,2020,9.1479476986
16069,2020,3.7191312109
16071,2020,12.898921383
16073,2020,8.9392133492
16075,2020,14.83416916
16077,2020,-9.622261231
16079,2020,7.167341851
16081,2020,33.203042912
16083,2020,5.0200396745
16085,2020,30.339535091
16087,2020,5.5147963957
17000,2020,-6.755453026
17001,2020,-1.724427353
17003,2020,-44.56871717
17005,2020,-12.21909688
17007,2020,-1.532366572
17009,2020,2.2829312838
17011,2020,-8.019881989
17013,2020,-15.25919732
17015,2020,3.7038331179
17017,2020,-16.59920684
17019,2020,-5.190571177
17021,2020,-8.497929399
17023,2020,-8.247156986
17025,2020,-3.93194707
17027,2020,-4.836630835
17029,2020,-3.134549039
17031,2020,-7.977568333
17033,2020,-7.573939248
17035,2020,-4.450625869
17037,2020,1.6439979737
17039,2020,-7.126495291
17041,2020,-3.288544049
17043,2020,-8.60354303
17045,2020,-8.226876394
17047,2020,-1.095290252
17049,2020,-7.831175116
17051,2020,-1.96702885
17053,2020,-16.19990066
17055,2020,-4.535793894
17057,2020,-10.06216568
17059,2020,-36.05793578
17061,2020,-5.761696243
17063,2020,-1.783841532
17065,2020,-0.860796852
17067,2020,-5.628095452
17069,2020,-9.852216749
17071,2020,-2.548152589
17073,2020,-1.816660203
17075,2020,-11.13593905
17077,2020,-11.59252536
17079,2020,-3.847353645
17081,2020,-0.795840407
17083,2020,0.0918105031
17085,2020,-0.798759573
17087,2020,3.0595813205
17089,2020,-5.83406799
17091,2020,-1.483065305
17093,2020,2.991737662
17095,2020,-4.394193244
17097,2020,-8.003598539
17099,2020,-3.305360192
17101,2020,-5.20783716
17103,2020,-4.737396187
17105,2020,-2.073932905
17107,2020,-8.517295324
17109,2020,-8.949820668
17111,2020,-4.46085792
17113,2020,-8.926312851
17115,2020,-5.08361589
17117,2020,-6.183236559
17119,2020,-3.487718979
17121,2020,-4.451237498
17123,2020,-0.872562279
17125,2020,-9.51955972
17127,2020,-15.11063141
17129,2020,-7.269756994
17131,2020,-3.872466761
17133,2020,6.5787567019
17135,2020,-7.459942212
17137,2020,-9.839698604
17139,2020,-11.18391712
17141,2020,-3.293106168
17143,2020,-11.46751381
17145,2020,-8.987161198
17147,2020,-2.201161724
17149,2020,-3.273847734
17151,2020,1.6744408564
17153,2020,-14.85746123
17155,2020,2.091503268
17157,2020,-10.50673087
17159,2020,-9.997436555
17161,2020,-6.0456942
17163,2020,-7.884140748
17165,2020,-9.856175973
17167,2020,-5.477683181
17169,2020,-9.092242264
17171,2020,5.4666936627
17173,2020,-3.367158672
17175,2020,-10.59479554
17177,2020,-5.106668906
17179,2020,-4.367027054
17181,2020,-7.704942512
17183,2020,-12.04250295
17185,2020,-1.822679339
17187,2020,-10.34401229
17189,2020,-8.821630926
17191,2020,-5.347100581
17193,2020,-1.031117658
17195,2020,-6.086987934
17197,2020,-4.227537318
17199,2020,-4.955868812
17201,2020,-5.57398243
17203,2020,-2.442002442
18000,2020,2.7370254182
18001,2020,-6.473126716
18003,2020,5.9360161617
18005,2020,9.3693130972
18007,2020,8.5052583185
18009,2020,-9.965374546
18011,2020,9.1709763825
18013,2020,-6.661829695
18015,2020,1.4340462356
18017,2020,-6.403471634
18019,2020,6.6473669465
18021,2020,1.2595419847
18023,2020,3.3131550835
18025,2020,-1.133626187
18027,2020,-4.262408261
18029,2020,-0.424499697
18031,2020,-8.069964717
18033,2020,3.8531199889
18035,2020,-0.46403306
18037,2020,-2.037232174
18039,2020,-3.209065002
18041,2020,1.8190480315
18043,2020,7.2398884597
18045,2020,-2.93255132
18047,2020,-0.527890199
18049,2020,-5.046593549
18051,2020,1.5460316045
18053,2020,-3.171279437
18055,2020,-1.813038246
18057,2020,17.219244616
18059,2020,19.075824787
18061,2020,6.0449157056
18063,2020,16.677589341
18065,2020,-1.165416272
18067,2020,3.6164829097
18069,2020,7.0915162926
18071,2020,0.6568590811
18073,2020,5.0502786618
18075,2020,-16.56827734
18077,2020,4.126270069
18079,2020,0.794023171
18081,2020,9.9917265958
18083,2020,0.0819784124
18085,2020,-3.285663931
18087,2020,-5.823595691
18089,2020,1.3877247191
18091,2020,-1.091559065
18093,2020,-3.494505495
18095,2020,0.6174221083
18097,2020,-0.111268134
18099,2020,-3.090087949
18101,2020,2.8328611898
18103,2020,-4.187628229
18105,2020,6.3315756897
18107,2020,0.7570615569
18109,2020,3.598196635
18111,2020,0.7865570254
18113,2020,0.5667089949
18115,2020,0.1701548409
18117,2020,4.0312292698
18119,2020,0.0480065289
18121,2020,-4.010025063
18123,2020,3.8173926685
18125,2020,1.210800339
18127,2020,5.478452499
18129,2020,-4.197642259
18131,2020,-10.22338499
18133,2020,2.0782819536
18135,2020,-6.266297427
18137,2020,-5.98865678
18139,2020,-3.131021195
18141,2020,-0.412676539
18143,2020,5.7494177141
18145,2020,3.5405765762
18147,2020,-4.229993606
18149,2020,2.9164671571
18151,2020,3.5031340021
18153,2020,-1.257101414
18155,2020,1.8620240201
18157,2020,4.6772036381
18159,2020,3.3046926636
18161,2020,3.8344102819
18163,2020,0.9377473653
18165,2020,1.1609907121
18167,2020,-3.292833656
18169,2020,-3.312216613
18171,2020,-1.813236627
18173,2020,8.2568222392
18175,2020,3.1089193825
18177,2020,-0.788296824
18179,2020,4.9663881942
18181,2020,-1.575619364
18183,2020,-5.293261384
19000,2020,-0.744960728
19001,2020,10.262898917
19003,2020,-9.660502346
19005,2020,-12.92712154
19007,2020,5.5584645749
19009,2020,5.4709583295
19011,2020,0.1950458358
19013,2020,-7.157227012
19015,2020,-2.093403875
19017,2020,2.8398296102
19019,2020,-3.305550965
19021,2020,-17.49226791
19023,2020,-3.245408093
19025,2020,-2.167294494
19027,2020,-0.049605635
19029,2020,-5.42972386
19031,2020,2.2586109543
19033,2020,-3.24354816
19035,2020,-0.710164225
19037,2020,-4.437931756
19039,2020,-13.01793936
19041,2020,-8.031878463
19043,2020,1.1399583915
19045,2020,0.0646092219
19047,2020,-20.5255242
19049,2020,29.35563722
19051,2020,-4.228800356
19053,2020,-4.949238579
19055,2020,-5.455825414
19057,2020,-4.73654565
19059,2020,9.7734081852
19061,2020,1.7092872993
19063,2020,-6.924533405
19065,2020,-0.711942841
19067,2020,-7.517360005
19069,2020,-2.480774001
19071,2020,-3.156158095
19073,2020,-7.393715342
19075,2020,-2.366960496
19077,2020,-2.335466393
19079,2020,-7.14791463
19081,2020,-6.091846298
19083,2020,-2.841665927
19085,2020,-2.060098032
19087,2020,-5.551804336
19089,2020,-1.091107474
19091,2020,-0.209237851
19093,2020,7.441996206
19095,2020,1.9790346022
19097,2020,1.1320948901
19099,2020,-0.806733536
19101,2020,3.7208284315
19103,2020,-2.499262486
19105,2020,0.5803549838
19107,2020,1.5641038174
19109,2020,-5.254117409
19111,2020,-6.630553829
19113,2020,0.0839836541
19115,2020,-12.07860105
19117,2020,-5.111227275
19119,2020,-9.758167162
19121,2020,7.9277286136
19123,2020,1.3601432684
19125,2020,-0.571325475
19127,2020,-14.03030647
19129,2020,2.4521986944
19131,2020,1.0398449686
19133,2020,0.8104665972
19135,2020,-7.625201939
19137,2020,-1.609819901
19139,2020,-8.53421871
19141,2020,-2.322964684
19143,2020,-10.01168029
19145,2020,-4.417194093
19147,2020,-1.686435438
19149,2020,4.4620625087
19151,2020,-12.15030376
19153,2020,2.3811621793
19155,2020,-2.402531238
19157,2020,3.7867517784
19159,2020,-7.118161481
19161,2020,2.9856892824
19163,2020,-2.406390819
19165,2020,-7.126406814
19167,2020,-5.196893349
19169,2020,-0.144405822
19171,2020,-2.31296148
19173,2020,-7.654099829
19175,2020,-3.993642773
19177,2020,5.6911147471
19179,2020,-1.915380217
19181,2020,6.0304449649
19183,2020,-6.496604048
19185,2020,6.6946909544
19187,2020,-12.15342663
19189,2020,-15.41186043
19191,2020,-0.599880024
19193,2020,1.0407446674
19195,2020,-5.407597675
19197,2020,-9.583399335
20000,2020,-2.833807151
20001,2020,-8.604744672
20003,2020,0.5093594805
20005,2020,-5.706134094
20007,2020,-8.996851102
20009,2020,-9.452889883
20011,2020,-2.54505434
20013,2020,-5.215395849
20015,2020,-0.209355186
20017,2020,16.768292683
20019,2020,-12.81660055
20021,2020,-2.20143093
20023,2020,9.8076197661
20025,2020,-0.501504514
20027,2020,1.7494532958
20029,2020,9.0182648402
20031,2020,-8.043385534
20033,2020,-23.86495925
20035,2020,-6.309148265
20037,2020,-4.708667293
20039,2020,-8.791981713
20041,2020,-11.57532034
20043,2020,-7.340411587
20045,2020,5.9909273199
20047,2020,-9.255962976
20049,2020,23.13522138
20051,2020,-4.895190475
20053,2020,-7.664084794
20055,2020,-12.85019522
20057,2020,-17.83809411
20059,2020,-4.963943012
20061,2020,-54.89782302
20063,2020,13.340956737
20065,2020,10.893685697
20067,2020,-30.32400997
20069,2020,-23.70689655
20071,2020,-8.939455506
20073,2020,-2.334695239
20075,2020,-28.41019654
20077,2020,-6.944444444
20079,2020,6.0922287646
20081,2020,-12.56597135
20083,2020,-11.61504425
20085,2020,-10.66525472
20087,2020,8.707353756
20089,2020,13.277428372
20091,2020,2.0590939986
20093,2020,-36.2514462
20095,2020,-6.818814361
20097,2020,-7.655116841
20099,2020,-15.93968222
20101,2020,-4.543979228
20103,2020,-0.502281707
20105,2020,-7.382550336
20107,2020,-3.697237342
20109,2020,-14.27042455
20111,2020,-6.556883976
20113,2020,1.6471000526
20115,2020,-0.420044525
20117,2020,-2.677376171
20119,2020,-17.46402656
20121,2020,11.886897932
20123,2020,-16.70940524
20125,2020,-7.165206508
20127,2020,10.378455757
20129,2020,-44.6969697
20131,2020,4.0282963254
20133,2020,-1.810689311
20135,2020,-8.294266138
20137,2020,-8.905380334
20139,2020,3.1987957475
20141,2020,-12.79069767
20143,2020,-5.412011173
20145,2020,-24.02402402
20147,2020,-5.137963844
20149,2020,0.9466578861
20151,2020,-19.99567661
20153,2020,6.7567567568
20155,2020,-4.858078164
20157,2020,-2.799310939
20159,2020,4.9421661409
20161,2020,-13.18616393
20163,2020,-11.09430156
20165,2020,-7.222586999
20167,2020,-3.198139264
20169,2020,-6.334533335
20171,2020,-17.46814632
20173,2020,0.7420890779
20175,2020,-35.63351027
20177,2020,-3.450369178
20179,2020,-4.759071981
20181,2020,0.6760182525
20183,2020,-2.788233654
20185,2020,-2.163981726
20187,2020,-14.88464401
20189,2020,-15.06215407
20191,2020,-7.850834151
20193,2020,1.2914056951
20195,2020,10.0
20197,2020,-0.722386766
20199,2020,13.967409378
20201,2020,-5.711127487
20203,2020,-3.308910423
20205,2020,-16.28759234
20207,2020,-12.65422335
20209,2020,-5.714285714
21000,2020,-0.173819044
21001,2020,1.9270331502
21003,2020,9.2372222353
21005,2020,2.8641931788
21007,2020,-10.32745592
21009,2020,2.2180978679
21011,2020,1.9243104554
21013,2020,-14.9660123
21015,2020,7.1040597856
21017,2020,-15.13632719
21019,2020,-10.02021062
21021,2020,-0.532074091
21023,2020,3.618599602
21025,2020,-8.891686666
21027,2020,7.4535379787
21029,2020,6.7000645419
21031,2020,9.835297791
21033,2020,4.477084397
21035,2020,2.1804655935
21037,2020,-1.400709978
21039,2020,3.5793241394
21041,2020,-9.1833388
21043,2020,-8.098519605
21045,2020,15.708274895
21047,2020,-15.41371225
21049,2020,1.9877696948
21051,2020,-9.052489435
21053,2020,5.2037309769
21055,2020,-7.90871088
21057,2020,-6.162170286
21059,2020,3.6957617321
21061,2020,-5.246116644
21063,2020,2.6638252531
21065,2020,0.3539071348
21067,2020,-2.171697301
21069,2020,4.0597261405
21071,2020,-5.595579492
21073,2020,2.4559886828
21075,2020,-10.30328209
21077,2020,8.5058123051
21079,2020,8.0716214296
21081,2020,-4.388239518
21083,2020,-3.351880405
21085,2020,5.7283763278
21087,2020,-2.370208305
21089,2020,-3.265653841
21091,2020,-5.38373425
21093,2020,1.9164967885
21095,2020,-7.530724976
21097,2020,4.8850422131
21099,2020,2.4777921291
21101,2020,-6.65770155
21103,2020,3.1689812657
21105,2020,-5.447735785
21107,2020,-7.089510645
21109,2020,-4.563818644
21111,2020,-4.130675281
21113,2020,2.9664787897
21115,2020,-6.370712667
21117,2020,-0.138017942
21119,2020,-13.85449434
21121,2020,-3.843382176
21123,2020,5.784576785
21125,2020,1.745243799
21127,2020,-13.85113269
21129,2020,51.608439986
21131,2020,-20.67106052
21133,2020,-8.485910621
21135,2020,0.678144897
21137,2020,-4.27167877
21139,2020,-2.277904328
21141,2020,2.4775815845
21143,2020,14.284842195
21145,2020,3.1210556512
21147,2020,-3.360273457
21149,2020,-4.765773084
21151,2020,7.1639275179
21153,2020,-9.802319882
21155,2020,-4.766962875
21157,2020,1.2198645308
21159,2020,-7.282415631
21161,2020,-1.522693997
21163,2020,-2.37783023
21165,2020,12.687606375
21167,2020,12.925403919
21169,2020,1.5887989673
21171,2020,-7.857076045
21173,2020,-0.319909004
21175,2020,-0.674637382
21177,2020,-4.395031986
21179,2020,6.2360124286
21181,2020,11.89159292
21183,2020,-3.162844896
21185,2020,1.4852487792
21187,2020,1.8363786613
21189,2020,-12.37484531
21191,2020,-0.822537528
21193,2020,-13.97067313
21195,2020,-6.720060498
21197,2020,-0.404367165
21199,2020,6.6685705024
21201,2020,-10.38225578
21203,2020,-2.864132705
21205,2020,-3.92132835
21207,2020,8.7363145073
21209,2020,13.63169635
21211,2020,16.501344211
21213,2020,6.5449628127
21215,2020,14.177004065
21217,2020,9.1258311721
21219,2020,-4.634146341
21221,2020,0.2047152752
21223,2020,1.7710608655
21225,2020,-5.614862055
21227,2020,10.764434128
21229,2020,4.8096857119
21231,2020,-5.200794838
21233,2020,-11.00296234
21235,2020,3.0125060457
21237,2020,-3.900808025
21239,2020,7.3649600752
22000,2020,-4.942802716
22001,2020,-4.748147016
22003,2020,-0.468804938
22005,2020,7.8978135861
22007,2020,-17.88544261
22009,2020,-7.821617461
22011,2020,0.3205727567
22013,2020,-2.708396028
22015,2020,-3.432246586
22017,2020,-12.08603068
22019,2020,-2.882347588
22021,2020,-4.727894578
22023,2020,-8.723008723
22025,2020,-10.78534031
22027,2020,-10.13781087
22029,2020,-17.65993049
22031,2020,0.4008089052
22033,2020,-8.749406258
22035,2020,-21.50848069
22037,2020,-5.882199839
22039,2020,-4.694204004
22041,2020,-7.118146295
22043,2020,-4.104852203
22045,2020,-17.26649376
22047,2020,-6.717379302
22049,2020,-6.760171847
22051,2020,-6.032016085
22053,2020,-4.546538431
22055,2020,0.2912802588
22057,2020,-6.196477415
22059,2020,-0.671298627
22061,2020,-10.03686577
22063,2020,5.5178222804
22065,2020,-22.30550413
22067,2020,-17.33136778
22069,2020,-13.75465652
22071,2020,-4.096534844
22073,2020,-10.98586974
22075,2020,-11.37778541
22077,2020,-5.962072049
22079,2020,-6.800680068
22081,2020,-8.250825083
22083,2020,-5.155533523
22085,2020,-1.799727948
22087,2020,4.8923679061
22089,2020,3.8724911452
22091,2020,-4.724641961
22093,2020,-5.112789074
22095,2020,-9.26055191
22097,2020,-9.096091106
22099,2020,-4.747974167
22101,2020,-11.7754993
22103,2020,7.7113880884
22105,2020,2.6136004021
22107,2020,-29.07769196
22109,2020,-9.502580948
22111,2020,-5.185903362
22113,2020,-8.425672337
22115,2020,-23.65748979
22117,2020,-7.695458171
22119,2020,-9.619872426
22121,2020,-2.307765062
22123,2020,-8.254230293
22125,2020,4.7005795235
22127,2020,-12.19599173
23000,2020,5.5641085556
23001,2020,2.2387610955
23003,2020,-0.089303655
23005,2020,4.5118197446
23007,2020,12.975346841
23009,2020,8.621868193
23011,2020,4.4199618574
23013,2020,5.0824642403
23015,2020,10.313907841
23017,2020,7.915042902
23019,2020,3.6385768098
23021,2020,8.6487131311
23023,2020,7.184189193
23025,2020,1.6440038426
23027,2020,4.4348132843
23029,2020,6.8899521531
23031,2020,9.9247902106
24000,2020,-1.432605702
24001,2020,-4.103086511
24003,2020,2.7676818586
24005,2020,-1.793105365
24009,2020,3.2287772902
24011,2020,1.5589399209
24013,2020,0.837506014
24015,2020,0.8759166711
24017,2020,6.8240677726
24019,2020,0.8452159214
24021,2020,14.013877821
24023,2020,-1.100658675
24025,2020,4.8377944841
24027,2020,4.5934744282
24029,2020,6.7943174799
24031,2020,-3.54807576
24033,2020,-5.980386444
24035,2020,3.3025296183
24037,2020,3.0765150511
24039,2020,2.7722463004
24041,2020,6.7604875093
24043,2020,2.4659849853
24045,2020,3.5905600209
24047,2020,11.378026785
24510,2020,-16.10290877
25000,2020,-0.268309472
25001,2020,4.3755466502
25003,2020,-3.88287588
25005,2020,1.4876353593
25007,2020,-1.154034794
25009,2020,-1.028393683
25011,2020,-3.593979729
25013,2020,-5.248406008
25015,2020,0.1304473412
25017,2020,-1.013611397
25019,2020,10.355356906
25021,2020,3.2751656909
25023,2020,4.6266727201
25025,2020,-4.018533291
25027,2020,0.496482446
26000,2020,-1.053931943
26001,2020,14.736335179
26003,2020,4.3893339186
26005,2020,4.7013015719
26007,2020,2.9583193928
26009,2020,5.230775827
26011,2020,-1.873473621
26013,2020,-7.13724067
26015,2020,4.5283879428
26017,2020,-3.76157967
26019,2020,3.7154839981
26021,2020,-2.552158104
26023,2020,-3.284223098
26025,2020,0.1043965877
26027,2020,1.9128217018
26029,2020,1.2230078349
26031,2020,-2.953918866
26033,2020,-1.443657265
26035,2020,9.4674556213
26037,2020,2.4682962459
26039,2020,11.598768526
26041,2020,1.0052075335
26043,2020,-2.529144438
26045,2020,4.6186436826
26047,2020,6.362545018
26049,2020,-2.237535708
26051,2020,10.162481536
26053,2020,-73.56227012
26055,2020,5.6460041591
26057,2020,4.1075842731
26059,2020,-2.781823957
26061,2020,-7.566978933
26063,2020,-2.958579882
26065,2020,-0.489710934
26067,2020,4.0938801144
26069,2020,7.0873979693
26071,2020,4.3301759134
26073,2020,-11.40128977
26075,2020,-1.072298124
26077,2020,-1.555462429
26079,2020,12.944983819
26081,2020,-0.290008815
26083,2020,18.544935806
26085,2020,2.1914113532
26087,2020,-1.971195479
26089,2020,4.4163312248
26091,2020,3.7844876699
26093,2020,3.465688897
26095,2020,-11.62790698
26097,2020,6.3021316033
26099,2020,0.7190426657
26101,2020,7.997878114
26103,2020,6.4171926661
26105,2020,2.8508621282
26107,2020,0.345411212
26109,2020,-3.36928698
26111,2020,-2.127672362
26113,2020,-0.86038585
26115,2020,2.3879683644
26117,2020,-2.503442233
26119,2020,16.663978928
26121,2020,-1.901113303
26123,2020,2.8010918124
26125,2020,-0.925911932
26127,2020,-2.866734563
26129,2020,9.7423529693
26131,2020,-0.520788126
26133,2020,3.0744923885
26135,2020,7.1667172791
26137,2020,2.4741933521
26139,2020,2.5204680575
26141,2020,-1.897983393
26143,2020,17.603646171
26145,2020,-1.552461123
26147,2020,2.6716201648
26149,2020,-1.49332108
26151,2020,1.1170199849
26153,2020,11.525591771
26155,2020,0.7485963818
26157,2020,-5.225118709
26159,2020,1.825904021
26161,2020,-7.97195435
26163,2020,-5.433535514
26165,2020,4.9495356083
27000,2020,1.6322420627
27001,2020,5.2245617348
27003,2020,4.0824255802
27005,2020,-0.14532349
27007,2020,5.280921606
27009,2020,4.2506664701
27011,2020,0.4007614467
27013,2020,0.4591538239
27015,2020,-4.667584226
27017,2020,1.4506297686
27019,2020,9.1265542464
27021,2020,10.490807893
27023,2020,-10.71684739
27025,2020,7.303355812
27027,2020,-3.025600636
27029,2020,-3.742981909
27031,2020,5.8780308597
27033,2020,-6.501892674
27035,2020,4.6207517963
27037,2020,3.7163621802
27039,2020,3.4531546006
27041,2020,4.9670832184
27043,2020,-5.184563146
27045,2020,0.237467645
27047,2020,-5.332367802
27049,2020,-0.151124257
27051,2020,-2.173731293
27053,2020,0.5761226864
27055,2020,1.2374905843
27057,2020,8.6017483989
27059,2020,13.036029101
27061,2020,3.1935773611
27063,2020,-3.84985563
27065,2020,3.2532302121
27067,2020,2.1600529561
27069,2020,3.969180481
27071,2020,-12.16545012
27073,2020,-0.150523068
27075,2020,5.9291327467
27077,2020,3.2098435201
27079,2020,6.1939973902
27081,2020,-4.245157867
27083,2020,-8.81367883
27085,2020,0.6134969325
27087,2020,0.3628447025
27089,2020,-7.158502057
27091,2020,-4.916994044
27093,2020,1.1214872646
27095,2020,4.8112721233
27097,2020,7.6340466458
27099,2020,-6.134357389
27101,2020,-7.660505837
27103,2020,-0.55496327
27105,2020,-14.38683052
27107,2020,-14.78139101
27109,2020,6.1019987224
27111,2020,2.009947537
27113,2020,-6.291531175
27115,2020,4.7419851982
27117,2020,-2.191420588
27119,2020,-3.918757467
27121,2020,13.963480129
27123,2020,-3.438886529
27125,2020,12.178451597
27127,2020,-7.494576293
27129,2020,-5.624721336
27131,2020,2.3364136051
27133,2020,-10.25860227
27135,2020,-2.506348316
27137,2020,-1.996213214
27139,2020,4.9763001175
27141,2020,6.2320453428
27143,2020,-11.25175809
27145,2020,2.6751389794
27147,2020,-4.687478709
27149,2020,0.1022651736
27151,2020,-7.531335736
27153,2020,-0.893691352
27155,2020,-10.07633588
27157,2020,-3.142909965
27159,2020,-3.5030104
27161,2020,-5.74095933
27163,2020,9.7594847115
27165,2020,-14.6092038
27167,2020,-4.497630712
27169,2020,-5.275689347
27171,2020,8.5405366049
27173,2020,-10.45724831
28000,2020,-3.125981486
28001,2020,-8.52001231
28003,2020,5.1516342882
28005,2020,-0.730994152
28007,2020,-7.725604076
28009,2020,2.4239486123
28011,2020,-16.06659864
28013,2020,-4.723370264
28015,2020,4.4294558816
28017,2020,-1.520334474
28019,2020,-3.277693475
28021,2020,-10.74197121
28023,2020,-2.570198548
28025,2020,-3.409090909
28027,2020,-24.81611482
28029,2020,-12.85752236
28031,2020,-10.46421612
28033,2020,12.663644764
28035,2020,-3.337583189
28037,2020,-5.170965031
28039,2020,12.013988891
28041,2020,-31.25226597
28043,2020,-8.863973935
28045,2020,7.8390053735
28047,2020,5.8306223514
28049,2020,-20.66013206
28051,2020,-25.01886573
28053,2020,-21.56862745
28055,2020,19.741837509
28057,2020,-3.07357367
28059,2020,2.3575035572
28061,2020,-2.255547427
28063,2020,-14.76958035
28065,2020,-4.475674708
28067,2020,-2.435910605
28069,2020,3.3889602054
28071,2020,6.7124701332
28073,2020,5.5723130656
28075,2020,-15.61296974
28077,2020,11.584245426
28079,2020,-1.316453474
28081,2020,0.0702938282
28083,2020,-17.00734168
28085,2020,-1.901613446
28087,2020,-5.589876869
28089,2020,4.3884484711
28091,2020,-6.041561075
28093,2020,-2.431782836
28095,2020,-7.51465499
28097,2020,-18.91850878
28099,2020,-3.089121145
28101,2020,-16.56715361
28103,2020,-15.92979444
28105,2020,3.1567445061
28107,2020,-1.111956458
28109,2020,5.1417128218
28111,2020,3.432254824
28113,2020,-2.542329791
28115,2020,4.4649129654
28117,2020,1.2745449476
28119,2020,-33.65349895
28121,2020,3.8123422966
28123,2020,-11.87038251
28125,2020,-15.86936523
28127,2020,-1.8735363
28129,2020,-7.575520426
28131,2020,16.568959348
28133,2020,-42.01009333
28135,2020,-10.87504501
28137,2020,-1.799957648
28139,2020,-1.997548463
28141,2020,4.591652479
28143,2020,-36.71882991
28145,2020,4.5272505659
28147,2020,-8.355964069
28149,2020,-16.83538492
28151,2020,-24.46455675
28153,2020,-7.608883619
28155,2020,-6.161113108
28157,2020,-13.43977945
28159,2020,-8.305877793
28161,2020,-19.12624137
28163,2020,18.985080721
29000,2020,0.7819528608
29001,2020,-8.185914717
29003,2020,1.2438514163
29005,2020,-1.743172574
29007,2020,-2.834032001
29009,2020,2.0139578467
29011,2020,-4.757050629
29013,2020,-8.683335386
29015,2020,14.24883841
29017,2020,-3.782583669
29019,2020,3.0262235623
29021,2020,-11.09800771
29023,2020,-0.916945865
29025,2020,-4.532640539
29027,2020,-5.485133282
29029,2020,11.841505997
29031,2020,0.9523265337
29033,2020,-1.83855214
29035,2020,-14.09034397
29037,2020,8.359099307
29039,2020,16.570124627
29041,2020,-1.881341127
29043,2020,13.527747254
29045,2020,-6.016140866
29047,2020,9.4296283759
29049,2020,-1.322816129
29051,2020,-1.993939986
29053,2020,3.8488750531
29055,2020,-0.041764116
29057,2020,5.4214876033
29059,2020,5.5258467023
29061,2020,-11.07633036
29063,2020,3.9103024499
29065,2020,2.3778920308
29067,2020,-11.22664256
29069,2020,-8.804108584
29071,2020,1.1363472215
29073,2020,4.9683522766
29075,2020,-2.885564583
29077,2020,5.2521655767
29079,2020,-16.04035309
29081,2020,-1.552609578
29083,2020,3.2086541988
29085,2020,14.209030628
29087,2020,1.3613159387
29089,2020,-7.77666999
29091,2020,-0.049848585
29093,2020,-0.689247735
29095,2020,-0.346204396
29097,2020,4.3261933221
29099,2020,1.6374076455
29101,2020,2.5073595646
29103,2020,-1.514386673
29105,2020,1.4301939175
29107,2020,5.6704980843
29109,2020,1.3834688524
29111,2020,-8.462911037
29113,2020,18.417848507
29115,2020,-6.594599107
29117,2020,3.8147855827
29119,2020,-11.74672489
29121,2020,-2.509576014
29123,2020,-4.695996045
29125,2020,-6.526593004
29127,2020,-1.541966007
29129,2020,-3.865801463
29131,2020,11.033886991
29133,2020,-12.34289155
29135,2020,-5.75530664
29137,2020,1.7361111111
29139,2020,6.4238899258
29141,2020,11.159572135
29143,2020,-9.316408525
29145,2020,0.1546471468
29147,2020,-6.363533792
29149,2020,0.6639161569
29151,2020,-3.520739355
29153,2020,16.991887744
29155,2020,-27.51005895
29157,2020,-7.28976829
29159,2020,-6.01556971
29161,2020,-0.403931601
29163,2020,-11.7921965
29165,2020,11.139963896
29167,2020,-2.36160527
29169,2020,4.4166571068
29171,2020,-11.2240576
29173,2020,4.7704814292
29175,2020,-1.495553759
29177,2020,3.8726801993
29179,2020,2.7087316762
29181,2020,-5.017223304
29183,2020,4.880107692
29185,2020,5.4295752156
29186,2020,0.7827569819
29187,2020,8.3462732919
29189,2020,-1.83570722
29195,2020,-5.651573898
29197,2020,8.4287875513
29199,2020,-14.02439024
29201,2020,-7.445880684
29203,2020,-4.280036686
29205,2020,-15.59486879
29207,2020,-6.141810633
29209,2020,12.599563257
29211,2020,-25.80749878
29213,2020,2.7228676095
29215,2020,-3.37890932
29217,2020,2.8254780173
29219,2020,22.097564439
29221,2020,-8.336185893
29223,2020,-13.99730821
29225,2020,5.535031928
29227,2020,-8.913097301
29229,2020,5.7023796469
29510,2020,-12.18553134
30000,2020,5.9602440638
30001,2020,6.5730188179
30003,2020,-11.8423025
30005,2020,-16.49944259
30007,2020,25.022341376
30009,2020,4.4826298095
30011,2020,15.310233683
30013,2020,-7.224600439
30015,2020,-15.12087912
30017,2020,-14.69948682
30019,2020,-24.56858731
30021,2020,-6.592262765
30023,2020,6.7874541573
30025,2020,-26.74539771
30027,2020,-3.699192493
30029,2020,15.421017087
30031,2020,18.433016682
30033,2020,-1.590457256
30035,2020,-12.47235416
30037,2020,-7.303712721
30039,2020,7.7037037037
30041,2020,0.852982392
30043,2020,13.160600452
30045,2020,31.368580825
30047,2020,8.4379841129
30049,2020,10.474162284
30051,2020,-31.13822849
30053,2020,15.3857757
30055,2020,-4.200420042
30057,2020,11.091652072
30059,2020,5.3777897284
30061,2020,25.275735294
30063,2020,6.0023505709
30065,2020,6.2601187264
30067,2020,-1.684007939
30069,2020,-38.03803804
30071,2020,-25.45545296
30073,2020,-11.62496841
30075,2020,-25.86713698
30077,2020,-5.201184714
30079,2020,2.7945971122
30081,2020,17.315917767
30083,2020,-8.680395235
30085,2020,-9.151452
30087,2020,-15.79796407
30089,2020,23.455759599
30091,2020,-20.61239731
30093,2020,6.6614982628
30095,2020,17.359477124
30097,2020,8.8709677419
30099,2020,2.446183953
30101,2020,-24.86678508
30103,2020,26.296566837
30105,2020,-5.134441292
30107,2020,-29.23433875
30109,2020,-63.03151576
30111,2020,5.6079594434
31000,2020,-0.47927188
31001,2020,-7.220446268
31003,2020,-4.918292876
31005,2020,6.4864864865
31007,2020,20.408163265
31009,2020,-31.74603175
31011,2020,-8.434774274
31013,2020,2.3238520171
31015,2020,-12.92323598
31017,2020,-2.701789936
31019,2020,0.929189686
31021,2020,1.235998455
31023,2020,-3.487141167
31025,2020,0.9153841753
31027,2020,-7.238208247
31029,2020,-1.272102786
31031,2020,-16.41634649
31033,2020,-41.11697449
31035,2020,-1.451027811
31037,2020,-13.71076808
31039,2020,-12.37275744
31041,2020,-4.628129773
31043,2020,-10.39272509
31045,2020,-12.95246906
31047,2020,-15.12494983
31049,2020,-13.83125864
31051,2020,-14.99647142
31053,2020,-5.839814436
31055,2020,1.2639335934
31057,2020,-36.4477871
31059,2020,-13.27634809
31061,2020,-14.35246996
31063,2020,6.5046872011
31065,2020,-5.758771462
31067,2020,2.185639881
31069,2020,-28.97773008
31071,2020,2.5361399949
31073,2020,-4.014049172
31075,2020,-64.0625
31077,2020,-2.122691573
31079,2020,-5.936121462
31081,2020,4.7352561343
31083,2020,0.8867868756
31085,2020,-11.96302338
31087,2020,-7.909401402
31089,2020,-9.992579767
31091,2020,10.309278351
31093,2020,-3.87536816
31095,2020,-6.221719457
31097,2020,-5.497741999
31099,2020,-9.360135031
31101,2020,3.616636528
31103,2020,2.4813895782
31105,2020,17.475728155
31107,2020,-8.723188146
31109,2020,2.6273683681
31111,2020,-8.649481887
31113,2020,-5.322687957
31115,2020,68.696330991
31117,2020,4.0650406504
31119,2020,-6.259959026
31121,2020,2.4535123967
31123,2020,-7.728638901
31125,2020,1.1387900356
31127,2020,-2.728121186
31129,2020,-10.05385996
31131,2020,-0.500078137
31133,2020,-4.201680672
31135,2020,-6.559640946
31137,2020,0.44345898
31139,2020,-2.518715455
31141,2020,0.11983762
31143,2020,-4.974648426
31145,2020,0.7466517336
31147,2020,-5.69512118
31149,2020,5.9084194978
31151,2020,-12.11484594
31153,2020,9.2334710632
31155,2020,12.181461775
31157,2020,-10.45525069
31159,2020,-1.21538328
31161,2020,11.883085769
31163,2020,-13.89578164
31165,2020,-23.80952381
31167,2020,-13.62489487
31169,2020,-1.991635132
31171,2020,4.1782729805
31173,2020,-16.41605739
31175,2020,-9.33572711
31177,2020,4.0148986601
31179,2020,4.3843233706
31181,2020,-11.39438826
31183,2020,-25.23659306
31185,2020,-7.510846976
32000,2020,13.831197952
32001,2020,13.599109582
32003,2020,13.925743908
32005,2020,13.861223484
32007,2020,-3.133397267
32009,2020,54.117647059
32011,2020,14.402781227
32013,2020,-3.332440715
32015,2020,-9.928693925
32017,2020,-9.404990403
32019,2020,29.032058805
32021,2020,1.1050944856
32023,2020,36.724857975
32027,2020,4.3251304996
32029,2020,37.265547878
32031,2020,12.59572613
32033,2020,3.4518828452
32510,2020,13.53516082
33000,2020,4.7295125712
33001,2020,7.5133934405
33003,2020,8.4370904325
33005,2020,3.5397997184
33007,2020,8.6282098051
33009,2020,3.7864656128
33011,2020,3.9728012217
33013,2020,5.4959426038
33015,2020,4.3814799953
33017,2020,5.7059478555
33019,2020,1.9476002782
34000,2020,-3.113649852
34001,2020,-0.894517103
34003,2020,-2.713110544
34005,2020,0.7167782279
34007,2020,-2.08130929
34009,2020,1.7996043039
34011,2020,-9.561503455
34013,2020,-4.170148572
34015,2020,-0.085739616
34017,2020,-7.682683167
34019,2020,-3.186477137
34021,2020,-4.934626396
34023,2020,-4.573549237
34025,2020,-2.304612291
34027,2020,-3.947548773
34029,2020,7.0590337761
34031,2020,-8.374054362
34033,2020,-4.65112562
34035,2020,-5.100779075
34037,2020,-1.777531293
34039,2020,-4.725260011
34041,2020,-2.077848146
35000,2020,-0.281651816
35001,2020,-0.075157222
35003,2020,-2.54201384
35005,2020,-1.888998134
35006,2020,-5.014876219
35007,2020,-9.578544061
35009,2020,-16.86810727
35011,2020,-15.31046215
35013,2020,-0.440899895
35015,2020,8.1763333878
35017,2020,-8.508130605
35019,2020,-7.412555015
35021,2020,-28.23529412
35023,2020,-5.457349626
35025,2020,13.441146978
35027,2020,4.5535942696
35028,2020,16.581067341
35029,2020,-9.708737864
35031,2020,-10.06435042
35033,2020,9.325044405
35035,2020,7.6482120627
35037,2020,2.1824795393
35039,2020,-1.488247973
35041,2020,-19.80729488
35043,2020,9.5393429366
35045,2020,-14.82419816
35047,2020,-6.611026901
35049,2020,4.0317340788
35051,2020,-1.747930083
35053,2020,-5.698689301
35055,2020,2.2010944331
35057,2020,-3.422335583
35059,2020,-11.99951022
35061,2020,3.3073408587
36000,2020,-6.920598425
36001,2020,-4.332689094
36003,2020,-4.890557545
36005,2020,-15.79205514
36007,2020,-6.537434658
36009,2020,-7.327780795
36011,2020,-7.495266661
36013,2020,-3.538083538
36015,2020,-4.707541027
36017,2020,-3.613235853
36019,2020,-2.531582736
36021,2020,-2.264226892
36023,2020,-4.008268365
36025,2020,-3.676926721
36027,2020,1.6288167955
36029,2020,-1.072660803
36031,2020,-7.981340919
36033,2020,-3.529376577
36035,2020,-3.793825222
36037,2020,-2.056340237
36039,2020,-0.719051698
36041,2020,4.068716094
36043,2020,-4.795500358
36045,2020,-27.29815065
36047,2020,-14.69138534
36049,2020,-9.169792732
36051,2020,-3.583689456
36053,2020,-3.012853905
36055,2020,-2.907113807
36057,2020,-5.131065254
36059,2020,-2.424793458
36061,2020,-3.071434645
36063,2020,-2.184379777
36065,2020,-3.470516976
36067,2020,-4.044776654
36069,2020,1.3484272145
36071,2020,1.7599528593
36073,2020,-6.764847482
36075,2020,-4.338579691
36077,2020,-2.49784163
36079,2020,-5.194436272
36081,2020,-14.09131531
36083,2020,-3.18241996
36085,2020,-2.711037239
36087,2020,-8.208060358
36089,2020,-4.581912092
36091,2020,-1.556410084
36093,2020,-0.528387966
36095,2020,-2.252795881
36097,2020,-1.905242218
36099,2020,-4.897719774
36101,2020,-4.601571855
36103,2020,-4.219202409
36105,2020,0.5038751981
36107,2020,-3.518066305
36109,2020,-3.421326595
36111,2020,-2.971985247
36113,2020,-1.919490633
36115,2020,1.1430624275
36117,2020,-3.875237344
36119,2020,-3.440582027
36121,2020,-3.655391703
36123,2020,-3.529600513
37000,2020,7.8124749188
37001,2020,15.802489711
37003,2020,5.4257764473
37005,2020,3.0527497194
37007,2020,-0.16354567
37009,2020,8.7657913152
37011,2020,6.6125124697
37013,2020,2.7857522594
37015,2020,-3.048379891
37017,2020,-8.956628664
37019,2020,47.143367894
37021,2020,8.4926505908
37023,2020,2.6203770247
37025,2020,18.413736713
37027,2020,4.2751699106
37029,2020,14.761175324
37031,2020,5.759083154
37033,2020,0.3536849551
37035,2020,5.7315593989
37037,2020,19.512591719
37039,2020,13.056983907
37041,2020,-4.71293916
37043,2020,16.193245359
37045,2020,5.6071132575
37047,2020,-1.904299945
37049,2020,-4.831839278
37051,2020,-1.937396384
37053,2020,26.287445919
37055,2020,11.682242991
37057,2020,7.8091547967
37059,2020,7.165521198
37061,2020,-5.453062889
37063,2020,7.9941484838
37065,2020,-9.047324466
37067,2020,5.42868061
37069,2020,28.694195616
37071,2020,7.7735212754
37073,2020,3.9783783784
37075,2020,0.9466335345
37077,2020,7.6730165584
37079,2020,-0.901007706
37081,2020,5.7563183493
37083,2020,-9.121259091
37085,2020,6.4000118382
37087,2020,9.7740062959
37089,2020,10.90985264
37091,2020,-5.803806119
37093,2020,0.9824523101
37095,2020,-14.65422062
37097,2020,18.22079314
37099,2020,7.9508327812
37101,2020,28.507563751
37103,2020,-17.65447667
37105,2020,5.8542772813
37107,2020,2.1797586185
37109,2020,24.335646258
37111,2020,8.0683176023
37113,2020,18.725749311
37115,2020,6.0340856748
37117,2020,-6.784922395
37119,2020,7.9097829233
37121,2020,3.3377837116
37123,2020,3.6129032258
37125,2020,21.04314295
37127,2020,2.0170707886
37129,2020,8.7459746448
37131,2020,-4.594063449
37133,2020,-9.19329472
37135,2020,1.3087945597
37137,2020,13.486336212
37139,2020,3.6772576725
37141,2020,15.270593315
37143,2020,8.4935181046
37145,2020,2.1792565188
37147,2020,3.0251139968
37149,2020,10.050251256
37151,2020,3.2204547672
37153,2020,-1.35983147
37155,2020,-12.02244494
37157,2020,7.6860819151
37159,2020,6.7580927631
37161,2020,6.8009924965
37163,2020,0.7881711277
37165,2020,1.8972604709
37167,2020,10.129134463
37169,2020,5.554213958
37171,2020,-0.44524217
37173,2020,7.0126227209
37175,2020,10.093643338
37177,2020,-20.41569303
37179,2020,13.176676358
37181,2020,-3.25221487
37183,2020,12.72971729
37185,2020,1.0619469027
37187,2020,-13.87639728
37189,2020,2.9230645837
37191,2020,-2.662683465
37193,2020,0.0292024092
37195,2020,5.0614916081
37197,2020,6.2809389471
37199,2020,12.520171387
38000,2020,-0.415750634
38001,2020,-23.59750668
38003,2020,-7.162639671
38005,2020,-28.42639594
38007,2020,6.5005417118
38009,2020,-13.72239748
38011,2020,-14.77589887
38013,2020,5.7020669993
38015,2020,-0.733360572
38017,2020,1.3362155835
38019,2020,-14.5252872
38021,2020,-13.46526573
38023,2020,-0.883392226
38025,2020,10.511882998
38027,2020,-7.832898172
38029,2020,-6.442705936
38031,2020,-0.935016363
38033,2020,-6.810442679
38035,2020,-19.42692016
38037,2020,-35.86862576
38039,2020,5.3823727293
38041,2020,-6.797281088
38043,2020,6.8923575917
38045,2020,-10.34355375
38047,2020,-17.12603693
38049,2020,-11.59871895
38051,2020,-19.35611298
38053,2020,85.680341044
38055,2020,-9.694925971
38057,2020,-10.45402054
38059,2020,5.1904777162
38061,2020,20.881447267
38063,2020,7.6335877863
38065,2020,-0.512295082
38067,2020,-11.68224299
38069,2020,-20.3853325
38071,2020,-9.004718819
38073,2020,3.4476153993
38075,2020,-9.39167556
38077,2020,-7.159168055
38079,2020,-14.93426819
38081,2020,8.7753258485
38083,2020,-24.84004516
38085,2020,-35.7848263
38087,2020,-25.14890801
38089,2020,10.451732872
38091,2020,-8.989952406
38093,2020,-8.706318093
38095,2020,3.2007315958
38097,2020,1.4947683109
38099,2020,0.1879169407
38101,2020,-10.06250277
38103,2020,-17.82485146
38105,2020,44.457828027
39000,2020,-0.287861034
39001,2020,-0.577700751
39003,2020,-4.964013341
39005,2020,-4.272786641
39007,2020,-3.213090521
39009,2020,-2.705470553
39011,2020,-3.216911765
39013,2020,-4.102899531
39015,2020,-2.528677502
39017,2020,0.4103856318
39019,2020,-4.963330617
39021,2020,2.3174971031
39023,2020,-2.471976204
39025,2020,2.2332590532
39027,2020,-2.998108336
39029,2020,-3.748360704
39031,2020,-1.256899284
39033,2020,1.3015498084
39035,2020,-5.750992212
39037,2020,-3.886263329
39039,2020,-0.971434573
39041,2020,15.569631253
39043,2020,-1.424932282
39045,2020,8.151653931
39047,2020,-5.14183777
39049,2020,0.4785757342
39051,2020,-4.71603095
39053,2020,-0.267366275
39055,2020,-4.392464578
39057,2020,7.5568622671
39059,2020,-2.516498472
39061,2020,-0.906352922
39063,2020,-3.902361852
39065,2020,-3.21743147
39067,2020,-4.502267686
39069,2020,-5.064975877
39071,2020,1.4846948836
39073,2020,-1.730806591
39075,2020,-9.49032192
39077,2020,-3.532538798
39079,2020,1.2967165285
39081,2020,-2.547692965
39083,2020,5.0554652155
39085,2020,1.520909243
39087,2020,-1.996141911
39089,2020,5.349929651
39091,2020,6.4173003384
39093,2020,2.3267650694
39095,2020,-4.67387757
39097,2020,6.6202872531
39099,2020,0.2620665256
39101,2020,-5.148636224
39103,2020,3.607230071
39105,2020,-4.00252333
39107,2020,-0.901076421
39109,2020,7.9801341601
39111,2020,-3.789949346
39113,2020,-0.827622269
39115,2020,-3.231462065
39117,2020,4.2872758763
39119,2020,0.673064649
39121,2020,5.4916408884
39123,2020,-1.082490713
39125,2020,-4.597209601
39127,2020,1.2747149211
39129,2020,6.2814285959
39131,2020,-4.164871463
39133,2020,0.4554294577
39135,2020,-2.61316596
39137,2020,-1.507470848
39139,2020,2.0731722426
39141,2020,-2.748290459
39143,2020,-3.394224701
39145,2020,-0.411156943
39147,2020,-0.761062588
39149,2020,-4.217586306
39151,2020,-1.396501198
39153,2020,-0.790860023
39155,2020,-0.580056644
39157,2020,-1.488596482
39159,2020,15.329279781
39161,2020,-0.742994622
39163,2020,-3.583682806
39165,2020,9.4567106851
39167,2020,-1.09979837
39169,2020,-3.257019438
39171,2020,-1.606950743
39173,2020,1.3702929671
39175,2020,-5.172808423
40000,2020,2.103528767
40001,2020,-2.476473502
40003,2020,-9.767157931
40005,2020,-4.210067869
40007,2020,-2.446137925
40009,2020,3.8091741435
40011,2020,-3.81295345
40013,2020,15.821654445
40015,2020,-8.686623983
40017,2020,21.418908763
40019,2020,-2.408537851
40021,2020,0.6374403685
40023,2020,-0.953353762
40025,2020,-18.59600186
40027,2020,7.8594430093
40029,2020,-4.176123468
40031,2020,-2.594528281
40033,2020,-24.55162807
40035,2020,-5.695801983
40037,2020,-1.68933069
40039,2020,-3.896686093
40041,2020,8.8088274705
40043,2020,-6.719609041
40045,2020,-18.72274942
40047,2020,-4.633609221
40049,2020,-0.360639775
40051,2020,6.3262701964
40053,2020,2.7732840305
40055,2020,-17.52559431
40057,2020,-15.71856287
40059,2020,-6.743088334
40061,2020,0.7125044532
40063,2020,-0.902798676
40065,2020,-15.77933272
40067,2020,-13.54476379
40069,2020,7.6000904773
40071,2020,-8.344573741
40073,2020,-5.319991133
40075,2020,-3.440366972
40077,2020,-10.56894508
40079,2020,-3.001620875
40081,2020,1.9221390252
40083,2020,13.437050567
40085,2020,9.4076142878
40087,2020,13.937108797
40089,2020,-4.528944209
40091,2020,-0.610050583
40093,2020,-1.310959622
40095,2020,10.279874027
40097,2020,-0.826145061
40099,2020,10.413323348
40101,2020,-3.565114693
40103,2020,-12.76215975
40105,2020,-18.96433134
40107,2020,-5.150785079
40109,2020,3.5729871092
40111,2020,7.0585783867
40113,2020,-1.105395179
40115,2020,-4.19562502
40117,2020,1.6497617011
40119,2020,-7.538607919
40121,2020,-2.46789452
40123,2020,0.9404880088
40125,2020,1.0750835602
40127,2020,-5.473797559
40129,2020,-21.3030848
40131,2020,6.0566590687
40133,2020,-8.733445406
40135,2020,0.4810351877
40137,2020,1.0889460392
40139,2020,-35.28190937
40141,2020,-9.606807109
40143,2020,1.9657721659
40145,2020,12.539340322
40147,2020,-3.329526317
40149,2020,-8.655247813
40151,2020,-10.96912812
40153,2020,-6.21869062
41000,2020,6.9326920982
41001,2020,9.2667454444
41003,2020,5.3801989272
41005,2020,5.6693653934
41007,2020,13.260774379
41009,2020,2.1797531525
41011,2020,8.5896908177
41013,2020,24.259263099
41015,2020,13.473315836
41017,2020,27.957094125
41019,2020,11.524509937
41021,2020,16.819973719
41023,2020,5.2836484983
41025,2020,15.662240381
41027,2020,1.5434414457
41029,2020,7.3168239262
41031,2020,19.423045402
41033,2020,7.6387019933
41035,2020,9.093249954
41037,2020,10.18848701
41039,2020,9.7736571411
41041,2020,19.337406489
41043,2020,16.228615863
41045,2020,-3.828283489
41047,2020,2.5734604677
41049,2020,14.283847929
41051,2020,1.8508847809
41053,2020,11.08272883
41055,2020,43.67816092
41057,2020,14.847616567
41059,2020,3.2052313495
41061,2020,5.1180514047
41063,2020,22.430954718
41065,2020,9.451368754
41067,2020,2.7884949136
41069,2020,-8.19977637
41071,2020,5.0686991432
42000,2020,-0.004374503
42001,2020,0.0388215712
42003,2020,-0.124109963
42005,2020,-5.811495384
42007,2020,-0.468781867
42009,2020,-2.062886791
42011,2020,-0.420580901
42013,2020,-1.596188792
42015,2020,-6.225385371
42017,2020,1.4632802635
42019,2020,2.6045897239
42021,2020,-5.694826117
42023,2020,-4.470272687
42025,2020,3.5058469737
42027,2020,-1.636993594
42029,2020,3.5202826923
42031,2020,-4.253663597
42033,2020,-1.284416378
42035,2020,-0.853507138
42037,2020,-0.476267293
42039,2020,-5.007688274
42041,2020,7.8810547452
42043,2020,2.424513161
42045,2020,0.9205125895
42047,2020,-3.5988004
42049,2020,-6.917039862
42051,2020,-3.613292912
42053,2020,3.028009084
42055,2020,2.3190765037
42057,2020,1.1013594906
42059,2020,-9.904793261
42061,2020,-1.590474823
42063,2020,-2.741611973
42065,2020,-2.941210262
42067,2020,0.9296497646
42069,2020,-0.447679804
42071,2020,-0.376252761
42073,2020,-4.509438359
42075,2020,2.7125157171
42077,2020,0.1111597623
42079,2020,0.8972478104
42081,2020,-3.336781634
42083,2020,-4.511186025
42085,2020,-6.102912754
42087,2020,-2.533866095
42089,2020,6.2668414
42091,2020,3.9593712055
42093,2020,0.0548395942
42095,2020,3.1515998223
42097,2020,-0.285835216
42099,2020,1.9042260836
42101,2020,-3.028737969
42103,2020,2.6884370323
42105,2020,-2.654680383
42107,2020,0.3531397657
42109,2020,-4.598837928
42111,2020,-1.629117765
42113,2020,7.7417229451
42115,2020,-2.719810108
42117,2020,-0.393695944
42119,2020,-1.645541472
42121,2020,-5.988082734
42123,2020,-6.222854385
42125,2020,2.1696953004
42127,2020,4.0289618124
42129,2020,0.0972320328
42131,2020,-8.574451105
42133,2020,1.0948762689
44000,2020,0.4061109306
44001,2020,0.5560360806
44003,2020,2.2902739497
44005,2020,-4.130499487
44007,2020,0.7461493365
44009,2020,-0.866199925
45000,2020,11.484168176
45001,2020,-0.570102211
45003,2020,8.2980480194
45005,2020,-24.64228935
45007,2020,10.922179471
45009,2020,-9.386689251
45011,2020,-9.669659657
45013,2020,16.005333361
45015,2020,24.832494227
45017,2020,3.0910839401
45019,2020,9.8431071343
45021,2020,3.5848875132
45023,2020,0.2788622421
45025,2020,-3.386830691
45027,2020,3.3191577637
45029,2020,3.3708014279
45031,2020,-0.50983303
45033,2020,-5.663682048
45035,2020,9.4458885966
45037,2020,8.7880570672
45039,2020,3.1303803412
45041,2020,-0.253100481
45043,2020,12.873062636
45045,2020,13.652962011
45047,2020,2.9418420457
45049,2020,-4.303863106
45051,2020,30.387317993
45053,2020,28.199932455
45055,2020,12.406216708
45057,2020,30.852590302
45059,2020,9.9714993712
45061,2020,-21.21798253
45063,2020,12.71286461
45065,2020,16.533305071
45067,2020,-9.592792442
45069,2020,-8.874500095
45071,2020,1.4827725245
45073,2020,18.916333551
45075,2020,-7.286878999
45077,2020,13.478297086
45079,2020,0.37833103
45081,2020,2.446782481
45083,2020,15.503484656
45085,2020,0.4598132595
45087,2020,2.8916544656
45089,2020,-4.723324696
45091,2020,23.217205247
46000,2020,1.5674647845
46003,2020,-18.06358382
46005,2020,-3.904978848
46007,2020,-38.31529687
46009,2020,-2.172181594
46011,2020,-6.870598968
46013,2020,-11.64341403
46015,2020,7.5995060321
46017,2020,-32.08824267
46019,2020,13.731747413
46021,2020,4.3763676149
46023,2020,-9.772861515
46025,2020,-6.700616457
46027,2020,2.6378640431
46029,2020,-3.711502088
46031,2020,-30.25169409
46033,2020,20.580296896
46035,2020,-2.67954195
46037,2020,-11.892782
46039,2020,-2.987475583
46041,2020,-16.9247694
46043,2020,-5.130836326
46045,2020,-8.057179987
46047,2020,3.865308853
46049,2020,-13.43736454
46051,2020,-8.901448252
46053,2020,-0.238834488
46055,2020,-5.787950539
46057,2020,5.0678437142
46059,2020,-18.34862385
46061,2020,17.603051196
46063,2020,27.450980392
46065,2020,-12.78082309
46067,2020,-3.973419196
46069,2020,16.32970451
46071,2020,0.6040471157
46073,2020,-6.43723694
46075,2020,-30.58438012
46077,2020,-0.202736949
46079,2020,-21.35231317
46081,2020,4.9252486863
46083,2020,28.518299242
46085,2020,-16.34805537
46087,2020,-7.151157594
46089,2020,-8.368200837
46091,2020,-3.652597403
46093,2020,2.7593038064
46095,2020,7.8144078144
46097,2020,3.1674208145
46099,2020,3.5717446879
46101,2020,7.3405719529
46102,2020,-18.66142837
46103,2020,10.986820246
46105,2020,-19.74709856
46107,2020,-21.56457903
46109,2020,-3.370245546
46111,2020,-29.11392405
46115,2020,-18.81804044
46117,2020,16.680294358
46119,2020,6.5028901734
46121,2020,-17.23631378
46123,2020,-14.81888035
46125,2020,-5.831250744
46127,2020,18.475017459
46129,2020,-9.897360704
46135,2020,0.1316569021
46137,2020,5.0909090909
47000,2020,6.6616645118
47001,2020,10.883110952
47003,2020,7.5056393449
47005,2020,0.432018762
47007,2020,14.559054329
47009,2020,14.469459456
47011,2020,8.7097973601
47013,2020,4.8218792772
47015,2020,14.630125695
47017,2020,-4.018513867
47019,2020,4.645060634
47021,2020,2.9075139524
47023,2020,1.8528168606
47025,2020,6.4254258804
47027,2020,-3.531258174
47029,2020,7.8483760541
47031,2020,10.72982375
47033,2020,-2.383790226
47035,2020,18.410417602
47037,2020,-1.080409631
47039,2020,1.1985275233
47041,2020,17.920882259
47043,2020,7.3933366855
47045,2020,-3.03579824
47047,2020,14.51847862
47049,2020,14.873117112
47051,2020,7.5110229015
47053,2020,0.7934570313
47055,2020,3.0555084026
47057,2020,10.977893536
47059,2020,2.2136537585
47061,2020,7.2455648926
47063,2020,3.9054359655
47065,2020,8.2120265484
47067,2020,12.593885138
47069,2020,-6.159837857
47071,2020,3.1161748953
47073,2020,5.1982836853
47075,2020,0.057718392
47077,2020,4.991087344
47079,2020,5.9368284349
47081,2020,7.9705091163
47083,2020,-2.312138728
47085,2020,2.9623246169
47087,2020,6.6205491661
47089,2020,12.46002562
47091,2020,5.5115010404
47093,2020,7.3566232565
47095,2020,-49.92026624
47097,2020,-14.7975983
47099,2020,7.4164230546
47101,2020,16.021690905
47103,2020,6.5932462986
47105,2020,20.755949603
47107,2020,9.8198450481
47109,2020,-1.203322723
47111,2020,10.267738439
47113,2020,1.8099362432
47115,2020,11.859838275
47117,2020,14.666842669
47119,2020,18.850309451
47121,2020,11.812775598
47123,2020,7.9082896977
47125,2020,7.6803321225
47127,2020,3.3989957513
47129,2020,-4.704567157
47131,2020,-3.844687868
47133,2020,11.555214516
47135,2020,3.4726528587
47137,2020,5.544005544
47139,2020,-1.007407407
47141,2020,19.033711826
47143,2020,8.2326946941
47145,2020,7.0705176294
47147,2020,6.0003356831
47149,2020,17.018504198
47151,2020,3.2656023222
47153,2020,9.1586723268
47155,2020,4.0684187718
47157,2020,-3.852618398
47159,2020,9.3183177198
47161,2020,9.8778078583
47163,2020,7.6088711081
47165,2020,17.50916776
47167,2020,-0.470874772
47169,2020,20.970560559
47171,2020,9.4664612799
47173,2020,14.876074733
47175,2020,16.330038676
47177,2020,10.961840615
47179,2020,6.6657365639
47181,2020,6.6650654497
47183,2020,-1.018863967
47185,2020,12.309162058
47187,2020,22.997937881
47189,2020,22.590166345
48000,2020,6.6188459581
48001,2020,-1.244501292
48003,2020,32.51988234
48005,2020,-1.924794698
48007,2020,10.05196354
48009,2020,-8.346374544
48011,2020,5.3106744557
48013,2020,11.017491993
48015,2020,0.5000250013
48017,2020,-14.27042455
48019,2020,16.251307076
48021,2020,20.089209322
48023,2020,-13.8378989
48025,2020,0.3998031738
48027,2020,10.747284292
48029,2020,4.9348251241
48031,2020,28.584757623
48033,2020,9.2236740968
48035,2020,6.592699791
48037,2020,-5.499296539
48039,2020,8.6012129433
48041,2020,8.5891620072
48043,2020,-9.201623816
48045,2020,19.620667103
48047,2020,-4.368658399
48049,2020,2.748269119
48051,2020,6.2537386481
48053,2020,17.424266223
48055,2020,7.3250791823
48057,2020,-12.10450063
48059,2020,-1.145598396
48061,2020,-5.668979844
48063,2020,4.9852360318
48065,2020,-11.3969664
48067,2020,0.7982438635
48069,2020,-13.89072629
48071,2020,30.791039227
48073,2020,1.8471440677
48075,2020,-3.556528281
48077,2020,6.6924805201
48079,2020,-3.166783955
48081,2020,13.052506675
48083,2020,-18.98198525
48085,2020,23.591528746
48087,2020,-5.458887752
48089,2020,8.3181457077
48091,2020,50.50106785
48093,2020,10.156393744
48095,2020,17.748197449
48097,2020,15.630924279
48099,2020,10.325697449
48101,2020,11.510791367
48103,2020,1.4656616415
48105,2020,4.9253947559
48107,2020,-4.52134597
48109,2020,-16.49484536
48111,2020,-19.32830706
48113,2020,-5.753992599
48115,2020,5.5263885051
48117,2020,-17.55374829
48119,2020,-0.937822376
48121,2020,26.021393535
48123,2020,2.8311727015
48125,2020,-1.806276812
48127,2020,-10.82730449
48129,2020,-9.707265281
48131,2020,-0.807030129
48133,2020,5.3981842471
48135,2020,15.613240174
48137,2020,10.416666667
48139,2020,26.825567844
48141,2020,-4.356638145
48143,2020,7.7483779042
48145,2020,2.7224281742
48147,2020,12.616868697
48149,2020,4.8593552465
48151,2020,5.2280747615
48153,2020,-15.48499348
48155,2020,-26.42796249
48157,2020,22.311971291
48159,2020,-2.976328884
48161,2020,-3.341264618
48163,2020,0.0493619962
48165,2020,17.110985063
48167,2020,9.6412190054
48169,2020,-5.131494548
48171,2020,15.235611846
48173,2020,7.8571428571
48175,2020,7.8709169618
48177,2020,-0.768898073
48179,2020,-7.783872363
48181,2020,16.911173745
48183,2020,3.0663926601
48185,2020,18.505885851
48187,2020,17.490450529
48189,2020,-10.5613318
48191,2020,-19.36884288
48193,2020,1.1807769512
48195,2020,-20.60907167
48197,2020,3.0526583567
48199,2020,7.5146675501
48201,2020,-1.18381369
48203,2020,-0.796172364
48205,2020,-12.87208367
48207,2020,-2.817645505
48209,2020,26.332698163
48211,2020,-12.52609603
48213,2020,10.252365931
48215,2020,-3.530896791
48217,2020,13.898426127
48219,2020,-2.391720299
48221,2020,25.726481694
48223,2020,7.77545989
48225,2020,-0.347554088
48227,2020,17.881497197
48229,2020,15.712218317
48231,2020,18.022540984
48233,2020,-10.6522101
48235,2020,11.140235911
48237,2020,11.486486486
48239,2020,-9.461377306
48241,2020,-6.479845157
48243,2020,15.05423954
48245,2020,-9.762301431
48247,2020,1.7321016166
48249,2020,-9.281370787
48251,2020,23.058875073
48253,2020,10.963979073
48255,2020,-4.350468635
48257,2020,53.851070025
48259,2020,39.039490939
48261,2020,-92.74673008
48263,2020,52.419354839
48265,2020,7.6750940342
48267,2020,3.6887608069
48269,2020,-29.19708029
48271,2020,-5.979073244
48273,2020,-6.514445784
48275,2020,-0.546000546
48277,2020,3.4943969153
48279,2020,-18.15663948
48281,2020,14.050091631
48283,2020,-3.197229068
48285,2020,2.9303665442
48287,2020,5.7665424045
48289,2020,9.1737825987
48291,2020,23.479924837
48293,2020,5.1303976058
48295,2020,-34.37262357
48297,2020,3.1205091357
48299,2020,17.467450167
48301,2020,126.1829653
48303,2020,5.228115355
48305,2020,12.882447665
48307,2020,3.1316547664
48309,2020,4.6865915324
48311,2020,17.639077341
48313,2020,-7.749502566
48315,2020,0.9105164652
48317,2020,9.9545930842
48319,2020,5.1564514239
48321,2020,-1.966971274
48323,2020,-3.487239098
48325,2020,11.362083439
48327,2020,13.15171442
48329,2020,14.038020593
48331,2020,-8.141493543
48333,2020,6.5600656007
48335,2020,-1.757469244
48337,2020,14.618547282
48339,2020,23.998442983
48341,2020,-18.37089213
48343,2020,8.0191162772
48345,2020,-23.02631579
48347,2020,-1.88700955
48349,2020,8.770785457
48351,2020,-6.874862868
48353,2020,-6.776674686
48355,2020,-3.38248288
48357,2020,-10.7603289
48359,2020,-8.983451537
48361,2020,-1.797806676
48363,2020,10.540275218
48365,2020,2.9350828729
48367,2020,31.350997338
48369,2020,-20.69964811
48371,2020,1.5222630978
48373,2020,30.224661429
48375,2020,-15.28844769
48377,2020,-29.79351032
48379,2020,29.114796642
48381,2020,11.26538017
48383,2020,19.775873434
48385,2020,-1.154567759
48387,2020,-4.882893321
48389,2020,24.198926609
48391,2020,-9.463722397
48393,2020,-51.36986301
48395,2020,-10.84769486
48397,2020,38.304106375
48399,2020,10.370805205
48401,2020,1.913400241
48403,2020,1.1364712567
48405,2020,2.9106785519
48407,2020,5.5231346394
48409,2020,-4.07793045
48411,2020,1.4857614527
48413,2020,-28.55631941
48415,2020,-7.757720424
48417,2020,3.3737156878
48419,2020,-2.96554042
48421,2020,-33.97027601
48423,2020,9.5654054054
48425,2020,12.997026104
48427,2020,-6.160674105
48429,2020,-5.327366683
48431,2020,-5.394990366
48433,2020,2.2205773501
48435,2020,3.9851222104
48437,2020,-3.916272789
48439,2020,3.5382738988
48441,2020,0.7772547652
48443,2020,-39.09205549
48445,2020,-5.591345569
48447,2020,-3.327787022
48449,2020,-6.2296734
48451,2020,6.373991417
48453,2020,14.489039193
48455,2020,3.8856130066
48457,2020,6.7003997135
48459,2020,13.553272561
48461,2020,-1.096791884
48463,2020,-6.389179495
48465,2020,-7.019477008
48467,2020,11.532037386
48469,2020,-1.424207173
48471,2020,-2.299684478
48473,2020,25.451001306
48475,2020,15.691567891
48477,2020,11.404074084
48479,2020,-6.636799258
48481,2020,-2.046836434
48483,2020,-18.21029959
48485,2020,1.552812674
48487,2020,-1.409222579
48489,2020,-7.615398991
48491,2020,35.111070393
48493,2020,14.950723836
48495,2020,19.255130479
48497,2020,22.333439408
48499,2020,13.782305725
48501,2020,2.7740854187
48503,2020,3.3892654739
48505,2020,-5.295114374
48507,2020,-14.8683271
49000,2020,6.6568042685
49001,2020,4.9493813273
49003,2020,12.726223953
49005,2020,1.9945894797
49007,2020,8.9443679969
49009,2020,-31.18503119
49011,2020,2.009674744
49013,2020,-11.53431459
49015,2020,-0.79940045
49017,2020,7.3609867701
49019,2020,4.2181069959
49021,2020,30.599812123
49023,2020,21.906453523
49025,2020,25.316455696
49027,2020,7.8701050621
49029,2020,5.8970099668
49031,2020,28.11107302
49033,2020,2.8345818992
49035,2020,1.7218613598
49037,2020,-7.043631383
49039,2020,8.1703069562
49041,2020,0.1391562493
49043,2020,-0.047599215
49045,2020,22.467802711
49047,2020,0.7028493513
49049,2020,8.2909628664
49051,2020,21.233509038
49053,2020,29.130134652
49055,2020,12.634708287
49057,2020,9.1023628152
50000,2020,-0.479033474
50001,2020,-1.412084182
50003,2020,2.1129736583
50005,2020,-7.903169569
50007,2020,-0.568207854
50009,2020,-10.16374929
50011,2020,-0.628420839
50013,2020,15.894039735
50015,2020,0.8685867698
50017,2020,1.1422637591
50019,2020,7.9041116224
50021,2020,-4.007295333
50023,2020,5.6486505048
50025,2020,-7.919205251
50027,2020,-0.689242378
51000,2020,0.673013514
51001,2020,-4.807618226
51003,2020,7.2482740564
51005,2020,-0.536085238
51007,2020,6.7933745516
51009,2020,0.0316010681
51011,2020,2.0759939607
51013,2020,-4.453683594
51015,2020,3.3356939104
51017,2020,-17.61904762
51019,2020,3.901722205
51021,2020,2.7020583327
51023,2020,6.0505309191
51025,2020,-1.289649031
51027,2020,-11.37516815
51029,2020,7.9553098769
51031,2020,-2.763083747
51033,2020,-2.57010866
51035,2020,7.9285090372
51036,2020,0.5729427773
51037,2020,-1.76292814
51041,2020,9.3826265934
51043,2020,8.8568486097
51045,2020,9.9677513926
51047,2020,11.83908046
51049,2020,11.117287382
51051,2020,-8.736652337
51053,2020,-0.1049373
51057,2020,6.0414664287
51059,2020,-7.898971905
51061,2020,6.5555743529
51063,2020,0.5707219633
51065,2020,10.928961749
51067,2020,1.4256056597
51069,2020,10.659995718
51071,2020,-1.611026582
51073,2020,3.2936577006
51075,2020,24.09946351
51077,2020,0.0
51079,2020,2.5309407507
51081,2020,-6.763879129
51083,2020,-3.554015156
51085,2020,7.7241302201
51087,2020,2.4400926932
51089,2020,-2.893501432
51091,2020,-1.81900864
51093,2020,4.400588545
51095,2020,7.2497967959
51097,2020,2.132196162
51099,2020,4.003891633
51101,2020,9.8042093522
51103,2020,4.8828583502
51105,2020,-4.333142165
51107,2020,11.244597465
51109,2020,21.485714286
51111,2020,2.0482569333
51113,2020,0.9807989739
51115,2020,11.800748894
51117,2020,4.3782980183
51119,2020,-8.538587849
51121,2020,-1.380241238
51125,2020,5.4377013963
51127,2020,30.919661734
51131,2020,1.5338076776
51133,2020,1.7310307876
51135,2020,-7.443196657
51137,2020,9.3959184782
51139,2020,-0.543092284
51141,2020,1.8712256528
51143,2020,-4.453424601
51145,2020,14.882266997
51147,2020,-3.369213267
51149,2020,7.7279752705
51153,2020,-0.5658947009999999
51155,2020,3.2899084994
51157,2020,5.9802922188
51159,2020,9.6704273884
51161,2020,4.9821534801
51163,2020,-2.249966912
51165,2020,7.4260610628
51167,2020,-2.95985463
51169,2020,1.0176233868
51171,2020,4.0648072661
51173,2020,-4.920902276
51175,2020,0.1131733816
51177,2020,12.900313071
51179,2020,13.934312501
51181,2020,-4.656577416
51183,2020,-3.482142857
51185,2020,-6.098979829
51187,2020,2.3949108145
51191,2020,-1.447030341
51193,2020,13.340031257
51195,2020,-9.274761487
51197,2020,3.0323097836
51199,2020,3.4934241428
51510,2020,-8.835248056
51520,2020,11.122073729
51530,2020,-4.933703361
51540,2020,-10.48832989
51550,2020,6.371178627
51570,2020,-11.75660951
51580,2020,-5.937387549
51590,2020,-9.641480674
51595,2020,1.1205528061
51600,2020,-7.330764075
51610,2020,2.0629899601
51620,2020,-20.80219233
51630,2020,-12.47272665
51640,2020,7.5620322962
51650,2020,-1.443237613
51660,2020,-14.553444
51670,2020,0.0888750639
51678,2020,12.34484162
51680,2020,5.5420640212
51683,2020,-12.2487246
51685,2020,-12.27412206
51690,2020,-1.350224376
51700,2020,-2.141171998
51710,2020,-8.508678317
51720,2020,4.2751163083
51730,2020,3.20502548
51735,2020,9.0016366612
51740,2020,-7.46505382
51750,2020,5.6121045392
51760,2020,1.0050972791
51770,2020,0.4037304695
51775,2020,1.6207455429
51790,2020,15.274578737
51800,2020,9.1543179869
51810,2020,-4.603127504
51820,2020,-0.310001993
51830,2020,-3.338229403
51840,2020,1.2847965739
53000,2020,8.1352755265
53001,2020,-2.064503135
53003,2020,0.4867472012
53005,2020,9.8403652176
53007,2020,3.7154437747
53009,2020,15.674347877
53011,2020,10.283932232
53013,2020,-12.21335992
53015,2020,15.373042467
53017,2020,10.768409571
53019,2020,1.0481493613
53021,2020,1.0992205047
53023,2020,-6.270996641
53025,2020,3.0451891669
53027,2020,18.9034139
53029,2020,8.9627320391
53031,2020,21.511091657
53033,2020,5.8846553984
53035,2020,5.710597708
53037,2020,9.5914705172
53039,2020,12.970983596
53041,2020,14.375202775
53043,2020,20.863143319
53045,2020,21.006750008
53047,2020,2.7264106211
53049,2020,24.918621619
53051,2020,13.255217869
53053,2020,7.774348209
53055,2020,28.871088573
53057,2020,9.3370681606
53059,2020,13.165569536
53061,2020,5.9578923421
53063,2020,15.598209573
53065,2020,12.182919722
53067,2020,12.879124233
53069,2020,19.543973941
53071,2020,1.8619979403
53073,2020,15.359428224
53075,2020,5.4516119334
53077,2020,-5.344660823
54000,2020,-4.127417183
54001,2020,-0.425170068
54003,2020,13.662878003
54005,2020,-19.4885971
54007,2020,-4.851425106
54009,2020,-3.812290097
54011,2020,-10.95253541
54013,2020,-9.912048025
54015,2020,-12.83023269
54017,2020,-9.527170078
54019,2020,-7.167283459
54021,2020,-5.470389924
54023,2020,-5.0866454
54025,2020,0.950269243
54027,2020,-5.415627955
54029,2020,-2.45297034
54031,2020,2.033405955
54033,2020,-0.771799629
54035,2020,-1.11749402
54037,2020,3.1218211793
54039,2020,-9.209726274
54041,2020,-1.566219772
54043,2020,-3.317720531
54045,2020,-14.01869159
54047,2020,-24.71753383
54049,2020,1.1055339105
54051,2020,-5.769983049
54053,2020,-4.843433206
54055,2020,-3.577483893
54057,2020,0.408762379
54059,2020,-15.27234268
54061,2020,-3.569011138
54063,2020,3.1621743713
54065,2020,6.7760542084
54067,2020,-9.405850277
54069,2020,-2.574714856
54071,2020,-2.006736902
54073,2020,-5.078516539
54075,2020,-12.96907835
54077,2020,-1.881018138
54079,2020,-1.733102253
54081,2020,-6.47990619
54083,2020,-1.773635431
54085,2020,-12.33032846
54087,2020,-11.80902702
54089,2020,-3.168944345
54091,2020,-3.698952958
54093,2020,-4.06504065
54095,2020,-13.27101725
54097,2020,-5.479113455
54099,2020,-8.921033731
54101,2020,-13.79057847
54103,2020,-6.001846722
54105,2020,2.7510316369
54107,2020,-5.402568904
54109,2020,-11.02530477
55000,2020,0.327261596
55001,2020,0.443776041
55003,2020,-2.375678192
55005,2020,1.7700289842
55007,2020,6.1872130929
55009,2020,0.0227398916
55011,2020,-6.578695735
55013,2020,5.4566714304
55015,2020,-3.23285539
55017,2020,7.3466027787
55019,2020,-5.354135782
55021,2020,2.0023505855
55023,2020,-6.420545746
55025,2020,4.3173014478
55027,2020,1.2751036022
55029,2020,8.3609316467
55031,2020,0.9270740385
55033,2020,3.7807183365
55035,2020,-0.985641217
55037,2020,5.1228315287
55039,2020,2.4515028779
55041,2020,3.6705411267
55043,2020,-1.807878853
55045,2020,1.1098478696
55047,2020,4.131137122
55049,2020,-4.219409283
55051,2020,10.198698787
55053,2020,5.5940654262
55055,2020,-4.970026735
55057,2020,2.9654654655
55059,2020,1.0576477088
55061,2020,1.763452448
55063,2020,-1.550472979
55065,2020,-3.659597444
55067,2020,0.1561483409
55069,2020,-1.954185213
55071,2020,0.3924149978
55073,2020,-0.649175805
55075,2020,1.560332871
55077,2020,12.132163139
55078,2020,-11.5834335
55079,2020,-6.278877474
55081,2020,-0.2381107
55083,2020,3.4057607519
55085,2020,8.2771435409
55087,2020,0.8111771675
55089,2020,1.7164011667
55091,2020,-0.274141594
55093,2020,1.7341175919
55095,2020,5.9300981099
55097,2020,-3.290449224
55099,2020,1.4227946683
55101,2020,-3.244471156
55103,2020,-7.099771999
55105,2020,0.4965852103
55107,2020,6.6459276018
55109,2020,7.2182952183
55111,2020,0.0776638708
55113,2020,8.9637211556
55115,2020,1.3958613934
55117,2020,-0.303591487
55119,2020,-2.210921954
55121,2020,-0.541061495
55123,2020,-1.104003637
55125,2020,17.813838588
55127,2020,3.3073310899
55129,2020,-1.457679754
55131,2020,3.4993498576
55133,2020,3.5972828243
55135,2020,1.4884449667
55137,2020,8.8688154383
55139,2020,4.3642516446
55141,2020,-0.342576035
56000,2020,-0.819813899
56001,2020,0.1546232347
56003,2020,-8.281573499
56005,2020,-5.073402418
56007,2020,-9.16472927
56009,2020,8.9519650655
56011,2020,14.239137667
56013,2020,-8.094186902
56015,2020,-5.433347168
56017,2020,-26.94577441
56019,2020,2.7233437926
56021,2020,2.450028987
56023,2020,15.378739656
56025,2020,5.8352668943
56027,2020,-23.96972246
56029,2020,-0.890349976
56031,2020,-10.29037791
56033,2020,9.9828676858
56035,2020,2.445361455
56037,2020,-17.0655274
56039,2020,1.7974450602
56041,2020,-9.181104694
56043,2020,-8.289758959
56045,2020,2.5990903184
72000,2020,
72001,2020,
72003,2020,
72005,2020,
72007,2020,
72009,2020,
72011,2020,
72013,2020,
72015,2020,
72017,2020,
72019,2020,
72021,2020,
72023,2020,
72025,2020,
72027,2020,
72029,2020,
72031,2020,
72033,2020,
72035,2020,
72037,2020,
72039,2020,
72041,2020,
72043,2020,
72045,2020,
72047,2020,
72049,2020,
72051,2020,
72053,2020,
72054,2020,
72055,2020,
72057,2020,
72059,2020,
72061,2020,
72063,2020,
72065,2020,
72067,2020,
72069,2020,
72071,2020,
72073,2020,
72075,2020,
72077,2020,
72079,2020,
72081,2020,
72083,2020,
72085,2020,
72087,2020,
72089,2020,
72091,2020,
72093,2020,
72095,2020,
72097,2020,
72099,2020,
72101,2020,
72103,2020,
72105,2020,
72107,2020,
72109,2020,
72111,2020,
72113,2020,
72115,2020,
72117,2020,
72119,2020,
72121,2020,
72123,2020,
72125,2020,
72127,2020,
72129,2020,
72131,2020,
72133,2020,
72135,2020,
72137,2020,
72139,2020,
72141,2020,
72143,2020,
72145,2020,
72147,2020,
72149,2020,
72151,2020,
72153,2020,
