FIPStxt,year,rate_domestic_migration
0,2020,
1000,2020,1.9175014754
1001,2020,4.8473097431
1003,2020,24.017828601
1005,2020,-5.690302272
1007,2020,1.3851343804
1009,2020,1.0207877367
1011,2020,-7.102342787
1013,2020,-7.216151897
1015,2020,-4.167836586
1017,2020,-7.927723098
1019,2020,11.721892358
1021,2020,4.1539208272
1023,2020,-15.65573126
1025,2020,-9.760201935
1027,2020,-0.904670361
1029,2020,-5.748663102
1031,2020,6.4050933916
1033,2020,4.6442015511
1035,2020,-13.71156451
1037,2020,3.942551394
1039,2020,6.3511796978
1041,2020,-1.014603037
1043,2020,4.5458351776
1045,2020,-1.810507044
1047,2020,-26.54656246
1049,2020,1.2594458438
1051,2020,0.8260387129
1053,2020,4.5381849994
1055,2020,-0.605235285
1057,2020,-5.924206798
1059,2020,-0.893712097
1061,2020,2.3584457082
1063,2020,-12.37745098
1065,2020,-7.006802721
1067,2020,4.5959625342
1069,2020,8.8866946433
1071,2020,2.4794909295
1073,2020,-3.603939903
1075,2020,-4.623108318
1077,2020,3.830942142
1079,2020,2.0951947165
1081,2020,-0.682514823
1083,2020,26.090254854
1085,2020,-22.63959391
1087,2020,-8.903789607
1089,2020,12.760959734
1091,2020,-6.803976898
1093,2020,2.0854706605
1095,2020,3.1408076955
1097,2020,-4.403241134
1099,2020,-11.91530087
1101,2020,-5.452658999
1103,2020,2.3861153205
1105,2020,-13.78313789
1107,2020,-1.653720872
1109,2020,-6.329495449
1111,2020,1.4521771656
1113,2020,0.4492634671
1115,2020,9.294702693
1117,2020,6.3745571621
1119,2020,-16.51969195
1121,2020,0.1748743091
1123,2020,-0.444982819
1125,2020,1.2497785354
1127,2020,1.1793379983
1129,2020,-3.972133953
1131,2020,-18.78695403
1133,2020,0.71848189
2000,2020,-12.92984719
2013,2020,-30.60011884
2016,2020,-16.14333866
2020,2020,-17.18865867
2050,2020,-4.808086327
2060,2020,-53.61305361
2068,2020,24.703317995
2070,2020,-24.42717271
2090,2020,-28.27842427
2100,2020,11.159824631
2105,2020,-6.042296073
2110,2020,-7.717423568
2122,2020,0.1023288337
2130,2020,-3.026263645
2150,2020,-30.47851265
2158,2020,-17.55124121
2164,2020,-17.56587202
2170,2020,4.3261910951
2180,2020,-14.65822406
2185,2020,-11.5841886
2188,2020,-20.37218413
2195,2020,5.8371735791
2198,2020,-26.42680888
2220,2020,-11.26297882
2230,2020,17.006802721
2240,2020,-18.65509761
2261,2020,-1.41589065
2275,2020,-11.9047619
2282,2020,-37.44680851
2290,2020,-26.25365946
4000,2020,12.609078462
4001,2020,-1.559693075
4003,2020,-4.715990378
4005,2020,2.188818842
4007,2020,9.3490015674
4009,2020,15.800708038
4011,2020,-5.489285337
4012,2020,5.8367143569
4013,2020,12.933884665
4015,2020,22.416619807
4017,2020,2.8123671812
4019,2020,8.4469340873
4021,2020,31.178711405
4023,2020,-5.53324793
4025,2020,19.85987564
4027,2020,1.6784242558
5000,2020,0.8345033801
5001,2020,-13.00692946
5003,2020,-15.78058434
5005,2020,15.702044138
5007,2020,17.493430442
5009,2020,3.0474357432
5011,2020,-5.184945141
5013,2020,-5.376344086
5015,2020,9.3843511518
5017,2020,-27.52918288
5019,2020,0.6273385163
5021,2020,-11.59855359
5023,2020,3.6062749184
5025,2020,-3.134599712
5027,2020,-5.101715452
5029,2020,0.6719301193
5031,2020,9.5278076916
5033,2020,-3.585078493
5035,2020,-12.2718495
5037,2020,-12.22427305
5039,2020,-18.78398418
5041,2020,-9.445513381
5043,2020,-7.33302323
5045,2020,1.8475382747
5047,2020,-1.916626737
5049,2020,18.721000605
5051,2020,7.3203194321
5053,2020,5.8718617094
5055,2020,-1.919174093
5057,2020,-9.209338918
5059,2020,3.5289058909
5061,2020,-7.47057048
5063,2020,-0.449777096
5065,2020,8.3054647018
5067,2020,-0.717017208
5069,2020,-17.99971829
5071,2020,-5.635178541
5073,2020,-3.006840562
5075,2020,1.9489615689
5077,2020,-8.97213032
5079,2020,-8.623321123
5081,2020,0.4886789379
5083,2020,-7.232434688
5085,2020,-3.29925017
5087,2020,9.2294614124
5089,2020,10.312059714
5091,2020,-2.840023551
5093,2020,-15.9243836
5095,2020,-19.58618658
5097,2020,14.863656683
5099,2020,-6.15942029
5101,2020,-2.829036199
5103,2020,-6.255052976
5105,2020,9.215262779
5107,2020,-15.68255386
5109,2020,7.4822297045
5111,2020,-14.67394742
5113,2020,1.0504464397
5115,2020,4.6370999326
5117,2020,2.3538156591
5119,2020,-3.610481368
5121,2020,0.7236695613
5123,2020,-20.11761678
5125,2020,9.8311780577
5127,2020,-4.655674103
5129,2020,-1.391436342
5131,2020,-1.519203436
5133,2020,-7.631795233
5135,2020,11.459173097
5137,2020,9.2147435897
5139,2020,-9.920201488
5141,2020,0.5424954792
5143,2020,3.3711785253
5145,2020,4.5820764443
5147,2020,-17.51916158
5149,2020,-6.214517674
6000,2020,-5.15142925
6001,2020,-6.965670437
6003,2020,31.559963931
6005,2020,11.395075609
6007,2020,-50.04838441
6009,2020,7.0521707804
6011,2020,0.4654951705
6013,2020,-3.03553099
6015,2020,1.9081221198
6017,2020,11.001358225
6019,2020,-0.349564125
6021,2020,11.958836054
6023,2020,-4.59893599
6025,2020,-11.0272428
6027,2020,3.1679866611
6029,2020,-0.324421949
6031,2020,1.2946812915
6033,2020,3.3410254617
6035,2020,-4.3470445
6037,2020,-10.024157
6039,2020,-2.953448183
6041,2020,-5.462035766
6043,2020,-10.34442903
6045,2020,-7.579672696
6047,2020,5.0051555639
6049,2020,7.3691967576
6051,2020,-8.319755954
6053,2020,-6.566737057
6055,2020,-7.123923727
6057,2020,4.6671986269
6059,2020,-6.725165764
6061,2020,14.385468325
6063,2020,6.711409396
6065,2020,5.3576495499
6067,2020,2.2363113287
6069,2020,14.902434118
6071,2020,-0.420535571
6073,2020,-5.914399033
6075,2020,-6.916177943
6077,2020,6.3936027
6079,2020,-0.865013725
6081,2020,-11.66321664
6083,2020,-4.312552464
6085,2020,-14.72518574
6087,2020,-4.89531198
6089,2020,2.8572302099
6091,2020,6.6644451849
6093,2020,3.0543467028
6095,2020,0.6201251892
6097,2020,-9.132116591
6099,2020,-1.235909449
6101,2020,0.9828314858
6103,2020,15.708509551
6105,2020,-19.23386448
6107,2020,-4.211503421
6109,2020,4.2621595554
6111,2020,-6.130515162
6113,2020,-5.955271914
6115,2020,6.9387101936
8000,2020,5.4733514509
8001,2020,2.4942285728
8003,2020,-5.726424679
8005,2020,-1.780818672
8007,2020,18.372419756
8009,2020,0.8374040475
8011,2020,-37.76899429
8013,2020,-0.129065565
8014,2020,11.317056421
8015,2020,17.377528034
8017,2020,-20.59620596
8019,2020,5.8019063407
8021,2020,1.2205541316
8023,2020,16.365761787
8025,2020,18.13945748
8027,2020,28.194361128
8029,2020,12.41014731
8031,2020,5.913503238
8033,2020,-3.40218712
8035,2020,16.146528885
8037,2020,-6.613972926
8039,2020,13.011012219
8041,2020,4.3267257339
8043,2020,1.4614083801
8045,2020,-1.569780064
8047,2020,18.939700526
8049,2020,10.881741079
8051,2020,13.052643738
8053,2020,15.970515971
8055,2020,7.835171213
8057,2020,-8.611410118
8059,2020,2.8547509922
8061,2020,14.362657092
8063,2020,-10.52188552
8065,2020,27.546484693
8067,2020,-3.003910416
8069,2020,13.109860803
8071,2020,1.6543737506
8073,2020,12.912355178
8075,2020,5.1480627616
8077,2020,7.4879297828
8079,2020,-7.787151201
8081,2020,-0.604549233
8083,2020,2.5222126684
8085,2020,12.781884092
8087,2020,-2.420595812
8089,2020,-2.676425606
8091,2020,28.852056476
8093,2020,16.430291678
8095,2020,-6.549707602
8097,2020,-21.26290462
8099,2020,2.8040080821
8101,2020,5.7645468459
8103,2020,-5.847953216
8105,2020,-1.508563315
8107,2020,0.5474630951
8109,2020,-4.976580796
8111,2020,-49.59785523
8113,2020,-9.658292072
8115,2020,-3.536693192
8117,2020,-3.396519376
8119,2020,11.880952852
8121,2020,4.2874642711
8123,2020,21.204210184
8125,2020,-1.702894921
9000,2020,-6.181756071
9001,2020,-8.562483078
9003,2020,-5.815165611
9005,2020,-3.10988634
9007,2020,-2.20715265
9009,2020,-6.540758812
9011,2020,-5.21175335
9013,2020,-3.337646395
9015,2020,-3.28428291
10000,2020,7.1790899851
10001,2020,10.085549056
10003,2020,-0.36011728
10005,2020,23.079544621
11000,2020,-3.130826777
11001,2020,-3.130826777
12000,2020,6.2688933449
12001,2020,-4.841102522
12003,2020,27.865121693
12005,2020,-66.93540567
12007,2020,18.122352689
12009,2020,14.215487681
12011,2020,-6.234090003
12013,2020,-28.55347668
12015,2020,30.361810685
12017,2020,24.342585399
12019,2020,13.213530655
12021,2020,14.375516804
12023,2020,14.962698625
12027,2020,11.941249055
12029,2020,13.846199755
12031,2020,3.0769924785
12033,2020,8.6072432193
12035,2020,31.140223449
12037,2020,38.485777908
12039,2020,-6.61665957
12041,2020,17.251668204
12043,2020,12.583190894
12045,2020,-165.2509653
12047,2020,9.2018124782
12049,2020,-13.89890029
12051,2020,3.0231051609
12053,2020,23.562946357
12055,2020,17.039696146
12057,2020,6.2813644987
12059,2020,11.674347158
12061,2020,21.4878118
12063,2020,-33.98006898
12065,2020,-3.920607694
12067,2020,-29.68503477
12069,2020,30.841155065
12071,2020,19.727916582
12073,2020,1.6369380715
12075,2020,20.534379898
12077,2020,-7.389309338
12079,2020,0.0540058866
12081,2020,22.451231132
12083,2020,22.455257155
12085,2020,5.9799466653
12086,2020,-16.63317865
12087,2020,-10.06812766
12089,2020,32.229421234
12091,2020,14.178589898
12093,2020,8.5419102384
12095,2020,-2.402169087
12097,2020,10.859881726
12099,2020,4.505233172
12101,2020,28.476620645
12103,2020,5.4936875466
12105,2020,23.247592872
12107,2020,9.4908591583
12109,2020,40.996285338
12111,2020,23.603330857
12113,2020,26.330553783
12115,2020,23.125997737
12117,2020,3.9151101976
12119,2020,40.353987723
12121,2020,8.1493521152
12123,2020,2.8760959317
12125,2020,-1.046949125
12127,2020,16.327310269
12129,2020,38.184786552
12131,2020,44.916196488
12133,2020,28.448653165
13000,2020,4.702640796
13001,2020,-8.344169918
13003,2020,-18.99312108
13005,2020,-1.255830642
13007,2020,-17.96211626
13009,2020,0.9355891427
13011,2020,9.998429566
13013,2020,23.757572803
13015,2020,9.8077677521
13017,2020,-5.966231132
13019,2020,6.2074851926
13021,2020,-1.261182375
13023,2020,2.1794971589
13025,2020,6.195201344
13027,2020,1.0990431859
13029,2020,33.184872435
13031,2020,24.673254702
13033,2020,-4.283610727
13035,2020,29.596156978
13037,2020,-27.26837825
13039,2020,11.909487892
13043,2020,-2.773925104
13045,2020,12.555202131
13047,2020,3.0231179609
13049,2020,29.11329862
13051,2020,-3.435903463
13053,2020,4.9286278886
13055,2020,0.5245002118
13057,2020,13.891516656
13059,2020,1.6040751333
13061,2020,-11.89227002
13063,2020,1.4033808408
13065,2020,-2.722940776
13067,2020,-2.788530092
13069,2020,0.8571958113
13071,2020,0.6369776509
13073,2020,11.79570837
13075,2020,5.6328213467
13077,2020,12.29851922
13079,2020,8.5698116258
13081,2020,-9.957989731
13083,2020,-4.514114337
13085,2020,36.576558993
13087,2020,-7.323933028
13089,2020,-6.855091424
13091,2020,-8.019711097
13093,2020,-21.18159342
13095,2020,-18.07446544
13097,2020,4.2214801264
13099,2020,-8.40007814
13101,2020,-3.497376967
13103,2020,27.172710316
13105,2020,8.5141946773
13107,2020,0.972311228
13109,2020,-4.401573328
13111,2020,12.919549924
13113,2020,9.8065922092
13115,2020,3.9804135151
13117,2020,23.867260959
13119,2020,12.978893129
13121,2020,5.256216924
13123,2020,18.841232075
13125,2020,0.0
13127,2020,3.7353098369
13129,2020,3.754617574
13131,2020,-7.205456717
13133,2020,34.168122695
13135,2020,-0.06331875
13137,2020,-2.954763454
13139,2020,9.0152446309
13141,2020,18.424962853
13143,2020,7.9187235692
13145,2020,20.259040633
13147,2020,7.6134363762
13149,2020,4.7911238127
13151,2020,16.774035138
13153,2020,9.7515523986
13155,2020,3.2957686583
13157,2020,32.253562407
13159,2020,12.744265081
13161,2020,1.1935152339
13163,2020,-1.234327292
13165,2020,-10.0911645
13167,2020,-5.581683808
13169,2020,4.632935644
13171,2020,5.9414269941
13173,2020,6.7378958514
13175,2020,3.2672161211
13177,2020,5.3897527744
13179,2020,-1.655181455
13181,2020,1.7670074467
13183,2020,16.041397154
13185,2020,2.8752968359
13187,2020,22.192485228
13189,2020,-10.26981608
13191,2020,5.9930313589
13193,2020,-13.94262075
13195,2020,7.1234165519
13197,2020,-0.956251494
13199,2020,4.8271455952
13201,2020,8.5949833363
13205,2020,-13.13696077
13207,2020,6.7900001816
13209,2020,-1.526717557
13211,2020,20.941034456
13213,2020,1.8990742013
13215,2020,2.790187158
13217,2020,16.476386408
13219,2020,17.377567141
13221,2020,10.943010646
13223,2020,22.962250541
13225,2020,4.3344442623
13227,2020,19.348347651
13229,2020,2.4193755952
13231,2020,15.900449361
13233,2020,4.2608787768
13235,2020,7.1116712427
13237,2020,16.24980086
13239,2020,20.179864005
13241,2020,20.415367418
13243,2020,-3.679175865
13245,2020,-0.376065416
13247,2020,1.4994404661
13249,2020,1.3349861734
13251,2020,-1.217503402
13253,2020,-19.19315403
13255,2020,8.960168662
13257,2020,-1.617499807
13259,2020,6.8933823529
13261,2020,-11.46325017
13263,2020,-10.73287946
13265,2020,-39.37758018
13267,2020,-9.533001123
13269,2020,-0.249376559
13271,2020,-9.172582773
13273,2020,-4.439771001
13275,2020,1.9597905052
13277,2020,-0.739043677
13279,2020,-4.39216854
13281,2020,21.168890934
13283,2020,12.396091585
13285,2020,-5.385714286
13287,2020,7.4246523627
13289,2020,0.2454891371
13291,2020,30.857567746
13293,2020,9.0658032568
13295,2020,5.6176546651
13297,2020,12.375196358
13299,2020,3.7296168029
13301,2020,2.475954671
13303,2020,-1.373087485
13305,2020,3.6158494735
13307,2020,0.0
13309,2020,-5.586237542
13311,2020,27.308919817
13313,2020,-1.244751696
13315,2020,-21.07433284
13317,2020,-3.971284558
13319,2020,-7.223426127
13321,2020,-1.874275568
15000,2020,-9.742408244
15001,2020,-3.190892805
15003,2020,-12.71680974
15005,2020,0.0
15007,2020,-3.184250421
15009,2020,-3.09220698
16000,2020,15.468109603
16001,2020,22.760011827
16003,2020,13.133208255
16005,2020,6.9462752605
16007,2020,10.682882735
16009,2020,8.7491898898
16011,2020,9.920378739
16013,2020,1.965408805
16015,2020,22.471910112
16017,2020,23.373579231
16019,2020,13.868011855
16021,2020,18.548287375
16023,2020,2.700617284
16025,2020,-16.16524472
16027,2020,22.653585972
16029,2020,10.287485908
16031,2020,1.296501537
16033,2020,-16.50943396
16035,2020,2.5122758936
16037,2020,16.112084063
16039,2020,-5.576513039
16041,2020,6.5264684554
16043,2020,-11.50300907
16045,2020,29.580660523
16047,2020,-0.594157452
16049,2020,13.215460278
16051,2020,4.5549632229
16053,2020,1.6914889228
16055,2020,26.166543288
16057,2020,0.5003940603
16059,2020,15.539820791
16061,2020,1.8252933507
16063,2020,-14.49275362
16065,2020,-7.705133387
16067,2020,9.0042626563
16069,2020,4.2150153724
16071,2020,13.566106972
16073,2020,9.3648901754
16075,2020,16.267015045
16077,2020,-9.492230674
16079,2020,6.6999065129
16081,2020,31.942167864
16083,2020,4.2681904145
16085,2020,31.588810066
16087,2020,6.3026244522
17000,2020,-8.268276943
17001,2020,-1.999114896
17003,2020,-44.56871717
17005,2020,-12.46105919
17007,2020,-1.569741366
17009,2020,1.5219541892
17011,2020,-8.56877125
17013,2020,-15.46822742
17015,2020,3.5640658304
17017,2020,-20.19706448
17019,2020,-12.85488564
17021,2020,-8.4671398
17023,2020,-8.053864244
17025,2020,-4.007561437
17027,2020,-4.783481045
17029,2020,-4.139970429
17031,2020,-10.23232176
17033,2020,-7.467264048
17035,2020,-4.450625869
17037,2020,-0.248511322
17039,2020,-7.126495291
17041,2020,-3.134393546
17043,2020,-10.81955801
17045,2020,-8.51655514
17047,2020,-1.095290252
17049,2020,-8.00715658
17051,2020,-1.873360809
17053,2020,-16.35272991
17055,2020,-4.483956249
17057,2020,-10.20673702
17059,2020,-36.05793578
17061,2020,-5.83851886
17063,2020,-1.940662766
17065,2020,-0.860796852
17067,2020,-5.740657362
17069,2020,-9.852216749
17071,2020,-2.698043918
17073,2020,-1.796248291
17075,2020,-11.06267629
17077,2020,-14.81949158
17079,2020,-5.095144016
17081,2020,-1.167232598
17083,2020,-0.826294528
17085,2020,-0.375886858
17087,2020,3.0595813205
17089,2020,-5.68197288
17091,2020,-1.746923549
17093,2020,2.1581024281
17095,2020,-5.939183563
17097,2020,-9.173983362
17099,2020,-3.571625319
17101,2020,-5.461877997
17103,2020,-4.942098491
17105,2020,-2.970768756
17107,2020,-8.969233443
17109,2020,-11.53085509
17111,2020,-4.48358427
17113,2020,-12.22352418
17115,2020,-5.409734645
17117,2020,-6.249722973
17119,2020,-3.491514103
17121,2020,-4.719384335
17123,2020,-0.959818507
17125,2020,-9.51955972
17127,2020,-14.89476525
17129,2020,-6.943026343
17131,2020,-3.872466761
17133,2020,6.5787567019
17135,2020,-7.459942212
17137,2020,-11.13983896
17139,2020,-11.38975608
17141,2020,-3.391702161
17143,2020,-12.90164786
17145,2020,-9.177365668
17147,2020,-2.140018343
17149,2020,-3.209654641
17151,2020,1.6744408564
17153,2020,-15.22889776
17155,2020,2.091503268
17157,2020,-10.75689113
17159,2020,-10.06152269
17161,2020,-8.14059754
17163,2020,-8.118285142
17165,2020,-9.771573604
17167,2020,-6.517879332
17169,2020,-9.972136677
17171,2020,4.2518728488
17173,2020,-3.367158672
17175,2020,-10.96654275
17177,2020,-5.644213002
17179,2020,-4.87411685
17181,2020,-7.704942512
17183,2020,-12.29174866
17185,2020,-4.773683982
17187,2020,-12.53103204
17189,2020,-8.821630926
17191,2020,-5.531483359
17193,2020,-1.17842018
17195,2020,-5.960551983
17197,2020,-4.475024097
17199,2020,-5.375096385
17201,2020,-6.736111847
17203,2020,-2.597874938
18000,2020,0.5953357965
18001,2020,-6.697304265
18003,2020,3.9555766473
18005,2020,1.8138029201
18007,2020,8.3903223953
18009,2020,-10.80989781
18011,2020,8.1025131146
18013,2020,-6.463953565
18015,2020,0.6428483125
18017,2020,-9.367061812
18019,2020,6.1040317172
18021,2020,1.2213740458
18023,2020,2.6938737595
18025,2020,-1.133626187
18027,2020,-4.892764412
18029,2020,-0.121285628
18031,2020,-8.708054951
18033,2020,4.060773162
18035,2020,-2.039994397
18037,2020,-4.402294813
18039,2020,-4.223731545
18041,2020,1.1693880203
18043,2020,6.4468264729
18045,2020,-3.115835777
18047,2020,-0.791835298
18049,2020,-4.996627277
18051,2020,-0.356776524
18053,2020,-3.565792668
18055,2020,-1.938075366
18057,2020,14.849129611
18059,2020,18.843035061
18061,2020,5.5494308117
18063,2020,15.058463491
18065,2020,-1.248660292
18067,2020,3.1674565082
18069,2020,6.5417863475
18071,2020,-1.925276617
18073,2020,4.9606287448
18075,2020,-16.22816607
18077,2020,3.8160241992
18079,2020,0.8301151334
18081,2020,8.0697511615
18083,2020,-0.464544337
18085,2020,-4.35570774
18087,2020,-5.823595691
18089,2020,0.851605214
18091,2020,-1.155233343
18093,2020,-3.604395604
18095,2020,0.1234844217
18097,2020,-5.060100391
18099,2020,-4.30019232
18101,2020,2.9305460584
18103,2020,-4.918355302
18105,2020,-1.907590112
18107,2020,-0.391583564
18109,2020,2.9582011861
18111,2020,-1.001072578
18113,2020,0.2518706644
18115,2020,0.1701548409
18117,2020,3.2658059907
18119,2020,-0.192026116
18121,2020,-4.304879847
18123,2020,3.8696857188
18125,2020,0.3228800904
18127,2020,4.8723508799
18129,2020,-4.354563465
18131,2020,-11.35037231
18133,2020,1.0124963364
18135,2020,-6.67057468
18137,2020,-6.305703315
18139,2020,-3.552504817
18141,2020,-3.367735327
18143,2020,4.9100866609
18145,2020,2.8234977759
18147,2020,-4.131621662
18149,2020,3.0035258782
18151,2020,3.0688611919
18153,2020,-1.160401305
18155,2020,0.651708407
18157,2020,-5.950470929
18159,2020,2.8420356907
18161,2020,5.2545622382
18163,2020,-0.259259566
18165,2020,0.064499484
18167,2020,-5.102492946
18169,2020,-3.633791041
18171,2020,-2.296766395
18173,2020,7.3323131854
18175,2020,3.1089193825
18177,2020,-1.849465626
18179,2020,3.8666879512
18181,2020,-2.736602052
18183,2020,-5.646145476
19000,2020,-1.58986295
19001,2020,9.9817236047
19003,2020,-9.660502346
19005,2020,-14.08910999
19007,2020,5.5584645749
19009,2020,5.2885930519
19011,2020,-0.039009167
19013,2020,-8.587151218
19015,2020,-1.522475545
19017,2020,1.9198848069
19019,2020,-3.494439591
19021,2020,-19.52035694
19023,2020,-3.659715509
19025,2020,-2.580112493
19027,2020,-0.396845082
19029,2020,-5.972696246
19031,2020,2.2586109543
19033,2020,-3.596107742
19035,2020,-0.97647581
19037,2020,-4.940339125
19039,2020,-15.02884056
19041,2020,-8.280928958
19043,2020,0.6269771153
19045,2020,-0.193827666
19047,2020,-22.76681707
19049,2020,28.101588825
19051,2020,-4.228800356
19053,2020,-5.329949239
19055,2020,-5.749149361
19057,2020,-4.429310257
19059,2020,9.4825329416
19061,2020,1.0914726128
19063,2020,-7.465512578
19065,2020,-1.373032622
19067,2020,-7.198827801
19069,2020,-3.076159762
19071,2020,-3.443081558
19073,2020,-7.281689352
19075,2020,-2.366960496
19077,2020,-2.802559671
19079,2020,-7.215347787
19081,2020,-6.18556701
19083,2020,-3.433679661
19085,2020,-1.989060169
19087,2020,-5.851901868
19089,2020,-0.654664484
19091,2020,-0.732332479
19093,2020,7.2960747118
19095,2020,2.1027242648
19097,2020,1.0291771729
19099,2020,-1.075644715
19101,2020,-4.049136823
19103,2020,-5.668088661
19105,2020,0.0483629153
19107,2020,1.173077863
19109,2020,-5.590919807
19111,2020,-6.482550395
19113,2020,-0.658608656
19115,2020,-13.61096088
19117,2020,-4.878898763
19119,2020,-10.1824353
19121,2020,7.7433628319
19123,2020,0.6800716342
19125,2020,-0.691604522
19127,2020,-14.91350922
19129,2020,2.2533717732
19131,2020,0.9453136078
19133,2020,0.8104665972
19135,2020,-8.142164782
19137,2020,-1.710433645
19139,2020,-9.633145503
19141,2020,-2.39555733
19143,2020,-10.34540297
19145,2020,-4.483122363
19147,2020,-3.035583788
19149,2020,3.7847851636
19151,2020,-12.15030376
19153,2020,1.592222903
19155,2020,-2.316726551
19157,2020,3.2998836926
19159,2020,-7.321537523
19161,2020,2.9856892824
19163,2020,-2.782389384
19165,2020,-7.039499413
19167,2020,-5.88598418
19169,2020,-3.80612487
19171,2020,-2.490881594
19173,2020,-7.816953017
19175,2020,-4.319654428
19177,2020,5.6911147471
19179,2020,-4.402515723
19181,2020,6.0109289617
19183,2020,-6.45117325
19185,2020,6.6946909544
19187,2020,-12.92858824
19189,2020,-15.50758627
19191,2020,-0.799840032
19193,2020,0.0680860997
19195,2020,-5.407597675
19197,2020,-10.45461746
20000,2020,-4.242984971
20001,2020,-9.248090068
20003,2020,1.0187189609
20005,2020,-5.582087701
20007,2020,-9.22177238
20009,2020,-9.645806004
20011,2020,-3.164121612
20013,2020,-5.111087932
20015,2020,-0.508434023
20017,2020,16.768292683
20019,2020,-12.81660055
20021,2020,-2.701756141
20023,2020,9.0531874764
20025,2020,-0.501504514
20027,2020,1.6244923461
20029,2020,8.4474885845
20031,2020,-8.165255012
20033,2020,-23.28288708
20035,2020,-6.851563727
20037,2020,-6.895753194
20039,2020,-10.19869879
20041,2020,-11.68299774
20043,2020,-7.471490366
20045,2020,2.8105584958
20047,2020,-9.967960128
20049,2020,23.13522138
20051,2020,-6.43367891
20053,2020,-7.990216062
20055,2020,-15.7271046
20057,2020,-24.94962664
20059,2020,-5.315718501
20061,2020,-55.64262107
20063,2020,12.578616352
20065,2020,9.6832761751
20067,2020,-29.07781778
20069,2020,-26.35941645
20071,2020,-10.56481105
20073,2020,-2.334695239
20075,2020,-34.24790815
20077,2020,-7.30994152
20079,2020,5.0137002274
20081,2020,-13.31992963
20083,2020,-14.93362832
20085,2020,-10.4383344
20087,2020,8.8128974379
20089,2020,13.277428372
20091,2020,0.4981141631
20093,2020,-37.53695848
20095,2020,-6.679654884
20097,2020,-8.058017728
20099,2020,-15.78787572
20101,2020,-4.543979228
20103,2020,-0.710544853
20105,2020,-7.382550336
20107,2020,-3.697237342
20109,2020,-14.27042455
20111,2020,-7.9705241
20113,2020,1.6471000526
20115,2020,-0.840089049
20117,2020,-2.986304191
20119,2020,-19.185832
20121,2020,11.533821755
20123,2020,-17.04028456
20125,2020,-9.073842303
20127,2020,8.9469446184
20129,2020,-43.93939394
20131,2020,3.537040676
20133,2020,-4.183316683
20135,2020,-10.81860801
20137,2020,-9.090909091
20139,2020,3.0106312917
20141,2020,-13.08139535
20143,2020,-5.586592179
20145,2020,-23.87002387
20147,2020,-5.137963844
20149,2020,0.6997036549
20151,2020,-20.42801556
20153,2020,3.9745627981
20155,2020,-5.469359522
20157,2020,-3.875968992
20159,2020,4.2060988433
20161,2020,-18.77215598
20163,2020,-11.09430156
20165,2020,-7.222586999
20167,2020,-2.180549498
20169,2020,-6.371362017
20171,2020,-17.05713111
20173,2020,-0.466233976
20175,2020,-40.52619432
20177,2020,-4.195784451
20179,2020,-5.552250644
20181,2020,0.8450228156
20183,2020,-2.788233654
20185,2020,-2.163981726
20187,2020,-20.83850161
20189,2020,-19.23600399
20191,2020,-8.243375859
20193,2020,-0.12914057
20195,2020,9.2857142857
20197,2020,-1.011341472
20199,2020,13.967409378
20201,2020,-6.263817244
20203,2020,-3.308910423
20205,2020,-16.40393229
20207,2020,-12.65422335
20209,2020,-8.737717309
21000,2020,-0.345174158
21001,2020,1.9791151272
21003,2020,9.1900935504
21005,2020,2.5998061162
21007,2020,-10.32745592
21009,2020,2.2180978679
21011,2020,2.08466966
21013,2020,-15.15641958
21015,2020,7.1040597856
21017,2020,-14.98596632
21019,2020,-9.786192958
21021,2020,-0.46556483
21023,2020,3.3773596285
21025,2020,-8.891686666
21027,2020,7.0122100721
21029,2020,6.7984141132
21031,2020,9.835297791
21033,2020,4.5556297373
21035,2020,1.821330084
21037,2020,-1.390017536
21039,2020,3.5793241394
21041,2020,-9.1833388
21043,2020,-8.209967123
21045,2020,15.832943743
21047,2020,-14.53535733
21049,2020,2.2638488191
21051,2020,-8.902448173
21053,2020,5.4000981836
21055,2020,-7.682747712
21057,2020,-6.162170286
21059,2020,3.2807296659
21061,2020,-4.836263781
21063,2020,2.6638252531
21065,2020,0.2831257078
21067,2020,-2.921413059
21069,2020,4.0597261405
21071,2020,-5.595579492
21073,2020,1.9058472179
21075,2020,-10.30328209
21077,2020,8.5058123051
21079,2020,8.1853062385
21081,2020,-3.829736307
21083,2020,-3.861366226
21085,2020,5.7663125948
21087,2020,-2.370208305
21089,2020,-3.180462871
21091,2020,-5.38373425
21093,2020,2.4498614608
21095,2020,-7.530724976
21097,2020,4.991238783
21099,2020,2.4777921291
21101,2020,-6.547474703
21103,2020,3.1689812657
21105,2020,-5.447735785
21107,2020,-7.245569056
21109,2020,-4.489001945
21111,2020,-4.780898298
21113,2020,2.3175615544
21115,2020,-6.191255973
21117,2020,0.0120015602
21119,2020,-13.7206345
21121,2020,-3.747297622
21123,2020,5.9936578736
21125,2020,1.8934248763
21127,2020,-13.59223301
21129,2020,51.608439986
21131,2020,-20.57120032
21133,2020,-8.532029701
21135,2020,0.75349433
21137,2020,-4.230996115
21139,2020,-2.277904328
21141,2020,2.5885180734
21143,2020,14.6511202
21145,2020,3.2587492828
21147,2020,-3.12853046
21149,2020,-4.765773084
21151,2020,7.1423168768
21153,2020,-9.884005881
21155,2020,-4.559703619
21157,2020,1.1877628327
21159,2020,-7.193605684
21161,2020,-2.166910688
21163,2020,-1.888276947
21165,2020,12.687606375
21167,2020,12.650395325
21169,2020,1.6880989027
21171,2020,-7.670002806
21173,2020,0.0355454449
21175,2020,-0.749597092
21177,2020,-4.329920401
21179,2020,6.3881102927
21181,2020,11.89159292
21183,2020,-2.871530234
21185,2020,1.5002512921
21187,2020,1.8363786613
21189,2020,-12.37484531
21191,2020,-1.02817191
21193,2020,-14.16310665
21195,2020,-6.702873642
21197,2020,-0.566114032
21199,2020,6.699443514
21201,2020,-10.38225578
21203,2020,-2.864132705
21205,2020,-3.717092498
21207,2020,8.3443003948
21209,2020,13.73791736
21211,2020,15.986320983
21213,2020,6.3826910074
21215,2020,13.655790681
21217,2020,8.8528362225
21219,2020,-5.040650407
21221,2020,0.2729537002
21223,2020,1.8891315898
21225,2020,-4.990988493
21227,2020,9.92239594
21229,2020,4.3950576333
21231,2020,-5.249858941
21233,2020,-11.15684992
21235,2020,3.1783320666
21237,2020,-3.343549735
21239,2020,7.3273837482
22000,2020,-5.5959703
22001,2020,-5.021769047
22003,2020,-0.351603704
22005,2020,7.5955810421
22007,2020,-17.79488341
22009,2020,-7.945770119
22011,2020,0.0267143964
22013,2020,-2.934095697
22015,2020,-3.75500372
22017,2020,-12.1646996
22019,2020,-3.167631138
22021,2020,-4.526707575
22023,2020,-8.151008151
22025,2020,-11.93717277
22027,2020,-10.13781087
22029,2020,-17.24803707
22031,2020,0.5101204249
22033,2020,-10.20046094
22035,2020,-21.07542403
22037,2020,-5.934254704
22039,2020,-6.488167317
22041,2020,-7.118146295
22043,2020,-4.060234244
22045,2020,-17.3517604
22047,2020,-6.471995583
22049,2020,-6.570634319
22051,2020,-8.41665926
22053,2020,-4.737302281
22055,2020,-0.463586891
22057,2020,-6.707737928
22059,2020,-0.939818078
22061,2020,-11.84818974
22063,2020,5.5677896232
22065,2020,-22.30550413
22067,2020,-17.29152556
22069,2020,-14.3538177
22071,2020,-5.22564226
22073,2020,-11.24573656
22075,2020,-11.89300588
22077,2020,-5.732761586
22079,2020,-6.9237693
22081,2020,-9.31164545
22083,2020,-5.105961086
22085,2020,-1.716019671
22087,2020,3.9351654897
22089,2020,3.3813459268
22091,2020,-4.527781879
22093,2020,-5.349492272
22095,2020,-9.609567686
22097,2020,-9.168859835
22099,2020,-4.953595095
22101,2020,-12.54171329
22103,2020,7.3063376886
22105,2020,2.6061542471
22107,2020,-29.07769196
22109,2020,-9.493556655
22111,2020,-5.411377421
22113,2020,-8.492675695
22115,2020,-24.30650058
22117,2020,-7.350563687
22119,2020,-9.749520303
22121,2020,-1.967275135
22123,2020,-8.804512313
22125,2020,4.2498390212
22127,2020,-12.05334855
23000,2020,4.9290622744
23001,2020,1.3876618361
23003,2020,-0.669777411
23005,2020,2.9625804347
23007,2020,13.008616961
23009,2020,7.8745180959
23011,2020,4.0925572753
23013,2020,5.0069820982
23015,2020,9.8793330726
23017,2020,7.5866895938
23019,2020,3.230635106
23021,2020,7.8136649667
23023,2020,7.1282811059
23025,2020,1.6043892922
23027,2020,3.6284835962
23029,2020,5.9011164274
23031,2020,9.9006069986
24000,2020,-3.917565742
24001,2020,-4.697326627
24003,2020,2.0125446306
24005,2020,-3.879825692
24009,2020,2.9470718891
24011,2020,0.2698165248
24013,2020,0.7127710757
24015,2020,0.9927055606
24017,2020,6.423738887
24019,2020,0.5947815743
24021,2020,12.750490777
24023,2020,-1.066263092
24025,2020,4.3037522358
24027,2020,2.1903068126
24029,2020,6.382540663
24031,2020,-8.977851204
24033,2020,-10.36864206
24035,2020,2.8449502134
24037,2020,2.5460814216
24039,2020,2.0694232947
24041,2020,6.5180795906
24043,2020,1.6970219254
24045,2020,1.8001190401
24047,2020,11.051843893
24510,2020,-18.26022026
25000,2020,-4.395455058
25001,2020,2.8888925365
25003,2020,-5.27815982
25005,2020,0.0531298343
25007,2020,-1.096333054
25009,2020,-5.131823966
25011,2020,-5.042935983
25013,2020,-6.033634302
25015,2020,-2.913323954
25017,2020,-6.581642144
25019,2020,5.0449174669
25021,2020,-0.476594055
25023,2020,2.1257685471
25025,2020,-13.73195922
25027,2020,-2.10040996
26000,2020,-2.370445561
26001,2020,14.447387431
26003,2020,3.9504005267
26005,2020,4.2847305466
26007,2020,2.6765746888
26009,2020,4.9306493451
26011,2020,-1.873473621
26013,2020,-7.621121394
26015,2020,4.2026046375
26017,2020,-3.713230317
26019,2020,3.9406648465
26021,2020,-3.958449304
26023,2020,-3.950254355
26025,2020,-1.372069439
26027,2020,2.0094288585
26029,2020,0.4586279381
26031,2020,-2.914533281
26033,2020,-1.523860446
26035,2020,9.272918862
26037,2020,1.8764088808
26039,2020,11.169184506
26041,2020,1.0889748279
26043,2020,-2.529144438
26045,2020,3.6821864005
26047,2020,6.212484994
26049,2020,-2.525535353
26051,2020,10.08370261
26053,2020,-73.76851947
26055,2020,5.5705804394
26057,2020,3.935410082
26059,2020,-2.825632208
26061,2020,-9.354014548
26063,2020,-3.312323128
26065,2020,-4.9210812
26067,2020,4.0163445062
26069,2020,7.2466653394
26071,2020,4.3301759134
26073,2020,-13.12573485
26075,2020,-1.261527205
26077,2020,-2.699406886
26079,2020,12.777591787
26081,2020,-1.843845517
26083,2020,18.544935806
26085,2020,1.9385561971
26087,2020,-2.085137414
26089,2020,4.0023001725
26091,2020,3.7336209001
26093,2020,3.1890601146
26095,2020,-11.78719337
26097,2020,3.7998146432
26099,2020,-0.747666976
26101,2020,7.508212107
26103,2020,5.9663360385
26105,2020,2.7134711822
26107,2020,-0.092109657
26109,2020,-3.281773033
26111,2020,-2.897000222
26113,2020,-1.191303485
26115,2020,2.454485589
26117,2020,-2.472149205
26119,2020,16.448959845
26121,2020,-2.085463684
26123,2020,2.5761866304
26125,2020,-3.80307985
26127,2020,-4.450982611
26129,2020,9.5035698083
26131,2020,-0.86798021
26133,2020,2.7328821231
26135,2020,7.0452474947
26137,2020,2.5147538989
26139,2020,1.5060914177
26141,2020,-2.135231317
26143,2020,17.520018398
26145,2020,-2.208061259
26147,2020,2.5333245327
26149,2020,-1.854343759
26151,2020,1.0198878123
26153,2020,11.649522865
26155,2020,0.6311694984
26157,2020,-5.358607144
26159,2020,1.3098876672
26161,2020,-11.11949249
26163,2020,-6.879395947
26165,2020,4.7706367309
27000,2020,0.011559788
27001,2020,5.2875082617
27003,2020,3.4236065555
27005,2020,-0.901005639
27007,2020,4.6633944827
27009,2020,3.0221501493
27011,2020,0.2003807234
27013,2020,-1.066421785
27015,2020,-4.986735284
27017,2020,1.394836316
27019,2020,8.6759785641
27021,2020,10.254680385
27023,2020,-12.48892452
27025,2020,6.9479613686
27027,2020,-4.585188593
27029,2020,-4.31010038
27031,2020,1.8368846436
27033,2020,-6.145624582
27035,2020,4.5283367604
27037,2020,2.7164336037
27039,2020,3.1653917172
27041,2020,4.9145214912
27043,2020,-5.038519114
27045,2020,-0.522428819
27047,2020,-6.155264067
27049,2020,-0.215891795
27051,2020,-2.173731293
27053,2020,-2.315585268
27055,2020,1.2374905843
27057,2020,8.5082511337
27059,2020,12.71323219
27061,2020,3.0161563966
27063,2020,-4.559039562
27065,2020,2.700794893
27067,2020,-2.322637587
27069,2020,3.2687368667
27071,2020,-12.40875912
27073,2020,-0.602092271
27075,2020,5.4585666557
27077,2020,3.4773304801
27079,2020,5.1500652458
27081,2020,-4.245157867
27083,2020,-12.49583798
27085,2020,0.4740658115
27087,2020,0.3628447025
27089,2020,-7.372188685
27091,2020,-4.967684704
27093,2020,0.4744753812
27095,2020,4.5439792275
27097,2020,7.5438807406
27099,2020,-9.276345319
27101,2020,-8.26848249
27103,2020,-1.548055438
27105,2020,-18.39854287
27107,2020,-16.02613972
27109,2020,3.4133055353
27111,2020,1.4819104722
27113,2020,-6.927753429
27115,2020,4.6403712297
27117,2020,-4.711554265
27119,2020,-5.033851055
27121,2020,13.515932689
27123,2020,-6.85957789
27125,2020,11.929911768
27127,2020,-7.757543883
27129,2020,-6.173474637
27131,2020,-0.374425257
27133,2020,-9.724300064
27135,2020,-2.902087524
27137,2020,-2.407493323
27139,2020,4.1255351042
27141,2020,6.025000647
27143,2020,-11.65360659
27145,2020,-0.79194091
27147,2020,-4.52396201
27149,2020,-3.067955208
27151,2020,-7.961697778
27153,2020,-0.649957347
27155,2020,-10.38167939
27157,2020,-3.327787022
27159,2020,-3.575989783
27161,2020,-5.526344028
27163,2020,9.2837865573
27165,2020,-18.53542732
27167,2020,-3.694482371
27169,2020,-5.76966775
27171,2020,8.2420182751
27173,2020,-10.66229239
28000,2020,-3.605739572
28001,2020,-13.4117304
28003,2020,5.3414313409
28005,2020,-0.568551007
28007,2020,-7.725604076
28009,2020,2.7875409041
28011,2020,-16.81162237
28013,2020,-5.209599555
28015,2020,4.6307947853
28017,2020,-2.631348127
28019,2020,-3.39908953
28021,2020,-10.85271318
28023,2020,-2.570198548
28025,2020,-3.615702479
28027,2020,-24.50311878
28029,2020,-13.24714425
28031,2020,-10.73116041
28033,2020,12.303851154
28035,2020,-5.393534434
28037,2020,-5.558787409
28039,2020,11.931701296
28041,2020,-32.19490972
28043,2020,-8.720233817
28045,2020,8.3026024655
28047,2020,5.2514214555
28049,2020,-21.45985152
28051,2020,-25.01886573
28053,2020,-21.81372549
28055,2020,19.741837509
28057,2020,-3.415081855
28059,2020,1.8274139999
28061,2020,-2.133625945
28063,2020,-14.76958035
28065,2020,-4.386161214
28067,2020,-2.72939381
28069,2020,3.3889602054
28071,2020,6.3591822315
28073,2020,5.0325448484
28075,2020,-15.26482462
28077,2020,11.584245426
28079,2020,-1.009280997
28081,2020,-0.140587656
28083,2020,-16.83128224
28085,2020,-2.077146995
28087,2020,-7.106642239
28089,2020,3.2465081163
28091,2020,-6.244298023
28093,2020,-2.290400113
28095,2020,-7.486404407
28097,2020,-19.12084577
28099,2020,-2.98615044
28101,2020,-16.56715361
28103,2020,-16.50212238
28105,2020,0.8498927516
28107,2020,-1.814244747
28109,2020,5.6829457504
28111,2020,3.6833954209
28113,2020,-2.644022983
28115,2020,3.7155569433
28117,2020,1.2745449476
28119,2020,-34.08680581
28121,2020,3.2178753623
28123,2020,-12.57906206
28125,2020,-16.09935603
28127,2020,-1.985948478
28129,2020,-7.638128033
28131,2020,16.624005725
28133,2020,-42.12700454
28135,2020,-10.37090385
28137,2020,-1.588197925
28139,2020,-1.997548463
28141,2020,4.4368776763
28143,2020,-37.0256725
28145,2020,3.2735504092
28147,2020,-8.216698002
28149,2020,-17.1852111
28151,2020,-24.89178706
28153,2020,-7.559475283
28155,2020,-5.853057452
28157,2020,-13.32490954
28159,2020,-8.305877793
28161,2020,-18.88103314
28163,2020,17.522072708
29000,2020,-0.115832783
29001,2020,-12.08209528
29003,2020,1.3569288178
29005,2020,-2.130544257
29007,2020,-2.991478223
29009,2020,1.8181563894
29011,2020,-4.757050629
29013,2020,-8.621751447
29015,2020,14.403717088
29017,2020,-3.782583669
29019,2020,0.1223840411
29021,2020,-12.95527184
29023,2020,-0.987480162
29025,2020,-4.753744956
29027,2020,-5.797295339
29029,2020,12.101758876
29031,2020,-0.672977417
29033,2020,-1.608733123
29035,2020,-13.92457522
29037,2020,8.3211034011
29039,2020,16.780761804
29041,2020,-1.881341127
29043,2020,13.413877328
29045,2020,-6.603081438
29047,2020,8.9903850029
29049,2020,-1.224829749
29051,2020,-2.736780373
29053,2020,3.1696618084
29055,2020,0.1252923488
29057,2020,4.7603305785
29059,2020,5.5852644088
29061,2020,-11.07633036
29063,2020,4.309312904
29065,2020,1.9922879177
29067,2020,-10.6992164
29069,2020,-9.793717688
29071,2020,1.0207864871
29073,2020,5.0364118968
29075,2020,-2.885564583
29077,2020,4.4852261444
29079,2020,-16.64564943
29081,2020,-1.19431506
29083,2020,3.4836817015
29085,2020,14.524786865
29087,2020,1.3613159387
29089,2020,-7.77666999
29091,2020,-0.274167217
29093,2020,-0.88617566
29095,2020,-1.203879484
29097,2020,3.4990053064
29099,2020,1.4638780309
29101,2020,1.7458651783
29103,2020,-1.514386673
29105,2020,1.4862799534
29107,2020,5.8850574713
29109,2020,1.957738942
29111,2020,-8.25898547
29113,2020,18.383550838
29115,2020,-7.011978797
29117,2020,3.6174690871
29119,2020,-12.79475983
29121,2020,-2.905824858
29123,2020,-4.531224254
29125,2020,-6.984599531
29127,2020,-1.96250219
29129,2020,-4.141930139
29131,2020,11.190952998
29133,2020,-12.34289155
29135,2020,-6.80735194
29137,2020,1.7361111111
29139,2020,6.2502712791
29141,2020,11.451962671
29143,2020,-9.316408525
29145,2020,0.0515490489
29147,2020,-6.544059574
29149,2020,0.5690709916
29151,2020,-3.520739355
29153,2020,16.991887744
29155,2020,-27.01101026
29157,2020,-7.810466024
29159,2020,-6.369426752
29161,2020,-4.286163099
29163,2020,-11.7921965
29165,2020,9.1320674576
29167,2020,-1.957646474
29169,2020,3.4989101755
29171,2020,-11.2240576
29173,2020,4.7704814292
29175,2020,-1.697655618
29177,2020,4.046733242
29179,2020,2.7087316762
29181,2020,-4.867455444
29183,2020,3.9135766394
29185,2020,5.9618865112
29186,2020,0.8386681949
29187,2020,8.4507883421
29189,2020,-3.566861564
29195,2020,-7.623053164
29197,2020,7.9965420359
29199,2020,-14.02439024
29201,2020,-7.289673397
29203,2020,-4.280036686
29205,2020,-15.59486879
29207,2020,-6.073187051
29209,2020,12.756665043
29211,2020,-27.43061191
29213,2020,2.5974723907
29215,2020,-2.946723244
29217,2020,2.6793326026
29219,2020,21.898743166
29221,2020,-8.295914463
29223,2020,-13.84349164
29225,2020,5.535031928
29227,2020,-8.913097301
29229,2020,6.0861936616
29510,2020,-14.61601503
30000,2020,5.6578175607
30001,2020,5.1948051948
30003,2020,-12.74171788
30005,2020,-17.09401709
30007,2020,25.184824112
30009,2020,4.2958535674
30011,2020,15.310233683
30013,2020,-7.29819569
30015,2020,-15.2967033
30017,2020,-14.87344525
30019,2020,-25.15355367
30021,2020,-6.476609033
30023,2020,7.1158793585
30025,2020,-26.74539771
30027,2020,-4.601434565
30029,2020,15.829134742
30031,2020,17.451219728
30033,2020,-1.590457256
30035,2020,-12.68989522
30037,2020,-7.303712721
30039,2020,6.5185185185
30041,2020,0.426491196
30043,2020,12.996092947
30045,2020,30.862635973
30047,2020,8.6027884901
30049,2020,10.720442725
30051,2020,-30.71744162
30053,2020,14.933252885
30055,2020,-4.200420042
30057,2020,11.091652072
30059,2020,4.8400107556
30061,2020,25.735294118
30063,2020,5.0621222297
30065,2020,5.6125202375
30067,2020,-1.443435376
30069,2020,-38.03803804
30071,2020,-25.45545296
30073,2020,-13.81517985
30075,2020,-25.86713698
30077,2020,-5.345662067
30079,2020,2.7945971122
30081,2020,17.706848181
30083,2020,-7.202881152
30085,2020,-9.695102614
30087,2020,-15.90921733
30089,2020,23.539232053
30091,2020,-20.61239731
30093,2020,5.1971171792
30095,2020,16.418300654
30097,2020,8.3333333333
30099,2020,1.4677103718
30101,2020,-24.03092676
30103,2020,26.296566837
30105,2020,-5.404675044
30107,2020,-28.3062645
30109,2020,-63.03151576
30111,2020,5.3403209794
31000,2020,-2.186516035
31001,2020,-9.097126135
31003,2020,-5.552911312
31005,2020,6.4864864865
31007,2020,20.408163265
31009,2020,-31.74603175
31011,2020,-8.818173105
31013,2020,2.1379438557
31015,2020,-13.44016542
31017,2020,-2.701789936
31019,2020,0.1615982063
31021,2020,1.0814986481
31023,2020,-3.487141167
31025,2020,0.6483971242
31027,2020,-7.356867398
31029,2020,-3.561887801
31031,2020,-16.06706252
31033,2020,-40.78715919
31035,2020,-1.289802499
31037,2020,-24.90323182
31039,2020,-12.14779821
31041,2020,-4.443004582
31043,2020,-10.39272509
31045,2020,-13.64635134
31047,2020,-20.02577156
31049,2020,-14.38450899
31051,2020,-16.40790402
31053,2020,-7.504434439
31055,2020,-1.190101589
31057,2020,-34.71217819
31059,2020,-13.27634809
31061,2020,-14.35246996
31063,2020,6.5046872011
31065,2020,-5.758771462
31067,2020,2.1391369048
31069,2020,-28.97773008
31071,2020,2.5361399949
31073,2020,-4.014049172
31075,2020,-64.0625
31077,2020,-2.122691573
31079,2020,-9.328190869
31081,2020,4.8428755919
31083,2020,0.8867868756
31085,2020,-13.05057096
31087,2020,-7.909401402
31089,2020,-10.58619837
31091,2020,10.309278351
31093,2020,-3.87536816
31095,2020,-7.635746606
31097,2020,-5.890437856
31099,2020,-9.206690195
31101,2020,4.2401945501
31103,2020,2.4813895782
31105,2020,17.198335645
31107,2020,-8.962179602
31109,2020,0.113275762
31111,2020,-9.13476635
31113,2020,-7.984031936
31115,2020,68.696330991
31117,2020,4.0650406504
31119,2020,-8.280218529
31121,2020,2.4535123967
31123,2020,-8.372692143
31125,2020,0.8540925267
31127,2020,-3.158877163
31129,2020,-11.01137044
31131,2020,-2.437880919
31133,2020,-4.201680672
31135,2020,-6.904885206
31137,2020,-0.110864745
31139,2020,-2.518715455
31141,2020,-2.067198945
31143,2020,-5.548646322
31145,2020,0.0933314667
31147,2020,-5.821679428
31149,2020,5.9084194978
31151,2020,-16.31652661
31153,2020,8.657052508
31155,2020,12.041444973
31157,2020,-11.09822065
31159,2020,-1.736261828
31161,2020,11.308097748
31163,2020,-13.89578164
31165,2020,-23.80952381
31167,2020,-14.12952061
31169,2020,-2.389962159
31171,2020,4.1782729805
31173,2020,-16.55400745
31175,2020,-11.25074806
31177,2020,3.53117593
31179,2020,4.2773886542
31181,2020,-11.39438826
31183,2020,-25.23659306
31185,2020,-7.58376782
32000,2020,14.148840351
32001,2020,13.801477284
32003,2020,14.085999248
32005,2020,14.189785818
32007,2020,-2.278834376
32009,2020,54.117647059
32011,2020,14.402781227
32013,2020,-3.272932845
32015,2020,-9.56765051
32017,2020,-9.021113244
32019,2020,29.843897532
32021,2020,1.1050944856
32023,2020,38.098768932
32027,2020,4.3251304996
32029,2020,38.252714709
32031,2020,13.422761422
32033,2020,3.0334728033
32510,2020,14.309112835
33000,2020,3.2942942146
33001,2020,7.0560564485
33003,2020,8.2323066841
33005,2020,2.8555261669
33007,2020,8.6916525242
33009,2020,2.3275626855
33011,2020,1.5631481804
33013,2020,3.6485112948
33015,2020,3.7957725514
33017,2020,3.7169296932
33019,2020,1.785300255
34000,2020,-5.509388535
34001,2020,-1.921695641
34003,2020,-4.760275772
34005,2020,0.4471437848
34007,2020,-3.17922956
34009,2020,1.9622191506
34011,2020,-10.05457053
34013,2020,-7.937178608
34015,2020,-0.294944278
34017,2020,-15.55877238
34019,2020,-3.692139756
34021,2020,-8.148250858
34023,2020,-8.635965587
34025,2020,-2.612862254
34027,2020,-5.222785723
34029,2020,6.9895355533
34031,2020,-12.02974302
34033,2020,-4.794974866
34035,2020,-6.91533344
34037,2020,-1.741980668
34039,2020,-8.323575165
34041,2020,-3.064588819
35000,2020,-1.01967505
35001,2020,-1.214304925
35003,2020,-2.54201384
35005,2020,-2.291571507
35006,2020,-5.351696263
35007,2020,-9.328668999
35009,2020,-16.70532698
35011,2020,-15.8775163
35013,2020,-1.028766422
35015,2020,7.3673067158
35017,2020,-8.139813263
35019,2020,-7.412555015
35021,2020,-28.23529412
35023,2020,-5.694625697
35025,2020,13.128231387
35027,2020,3.6326426196
35028,2020,13.348280627
35029,2020,-10.38120456
35031,2020,-10.30165134
35033,2020,9.325044405
35035,2020,3.727198861
35037,2020,0.2424977266
35039,2020,-2.258031407
35041,2020,-21.63235728
35043,2020,9.6901084141
35045,2020,-14.72798919
35047,2020,-8.108552331
35049,2020,3.6119006128
35051,2020,-1.839926403
35053,2020,-8.518040851
35055,2020,2.6290850173
35057,2020,-4.907500081
35059,2020,-11.5097343
35061,2020,3.5818632225
36000,2020,-9.267874399
36001,2020,-6.116737544
36003,2020,-5.49646733
36005,2020,-21.89458351
36007,2020,-7.834461695
36009,2020,-7.393207409
36011,2020,-7.83359467
36013,2020,-3.703194103
36015,2020,-4.910658279
36017,2020,-3.570975785
36019,2020,-3.139658981
36021,2020,-2.985425088
36023,2020,-4.406996632
36025,2020,-4.105525541
36027,2020,0.8399117923
36029,2020,-2.462985859
36031,2020,-8.089196878
36033,2020,-3.409736693
36035,2020,-3.793825222
36037,2020,-2.091193462
36039,2020,-1.142023285
36041,2020,4.52079566
36043,2020,-4.828012224
36045,2020,-26.89219666
36047,2020,-17.88447087
36049,2020,-9.472926376
36051,2020,-4.376541105
36053,2020,-3.407059089
36055,2020,-3.930935167
36057,2020,-5.414997718
36059,2020,-3.640505766
36061,2020,-7.201264918
36063,2020,-2.475312455
36065,2020,-4.618625108
36067,2020,-5.870890295
36069,2020,0.9657654374
36071,2020,1.3818889118
36073,2020,-6.814225931
36075,2020,-4.466435674
36077,2020,-2.916942575
36079,2020,-5.874176956
36081,2020,-18.45615168
36083,2020,-3.974880266
36085,2020,-3.357822266
36087,2020,-9.755708103
36089,2020,-5.470525346
36091,2020,-2.130281958
36093,2020,-1.965345482
36095,2020,-2.44589267
36097,2020,-2.241461433
36099,2020,-5.132341081
36101,2020,-5.11401963
36103,2020,-5.303251369
36105,2020,0.5303949453
36107,2020,-3.331815736
36109,2020,-7.790849418
36111,2020,-3.803466942
36113,2020,-2.278419775
36115,2020,1.0287561848
36117,2020,-4.108417815
36119,2020,-5.568990127
36121,2020,-3.680428632
36123,2020,-3.930691481
37000,2020,6.4531836324
37001,2020,15.403707484
37003,2020,5.4257764473
37005,2020,2.6038159371
37007,2020,-1.349251779
37009,2020,9.2445950425
37011,2020,6.0424682913
37013,2020,2.7219564062
37015,2020,-4.677686385
37017,2020,-9.594219179
37019,2020,47.400786557
37021,2020,8.0776251321
37023,2020,1.8906517773
37025,2020,17.549351711
37027,2020,3.580911549
37029,2020,13.739961937
37031,2020,5.4423335805
37033,2020,-0.221053097
37035,2020,4.2672465262
37037,2020,19.620995007
37039,2020,13.548375774
37041,2020,-4.71293916
37043,2020,16.908968911
37045,2020,5.1569070836
37047,2020,-2.227671634
37049,2020,-5.027460301
37051,2020,-2.924033432
37053,2020,26.762080359
37055,2020,10.595522712
37057,2020,7.9169498783
37059,2020,7.0952709902
37061,2020,-7.508578806
37063,2020,3.6838239095
37065,2020,-9.356634705
37067,2020,4.5541036177
37069,2020,27.193940718
37071,2020,7.5096330388
37073,2020,3.4594594595
37075,2020,0.8283043427
37077,2020,7.8557074289
37079,2020,-1.659751037
37081,2020,3.6399973453
37083,2020,-9.300107309
37085,2020,6.1854449673
37087,2020,10.144355793
37089,2020,11.080853465
37091,2020,-7.317842498
37093,2020,0.9096780649
37095,2020,-14.45347787
37097,2020,17.304477728
37099,2020,6.1002079097
37101,2020,27.920229303
37103,2020,-17.44430433
37105,2020,4.9436119265
37107,2020,1.4293499138
37109,2020,23.86561929
37111,2020,7.2132513347
37113,2020,17.48861272
37115,2020,5.1589129433
37117,2020,-6.740576497
37119,2020,3.9762153
37121,2020,2.0694259012
37123,2020,3.7603686636
37125,2020,20.261912512
37127,2020,1.6879697652
37129,2020,8.2060467638
37131,2020,-4.951379495
37133,2020,-9.183164367
37135,2020,-2.057640932
37137,2020,13.328601286
37139,2020,2.8209099953
37141,2020,15.302573615
37143,2020,9.0895544628
37145,2020,2.3819780554
37147,2020,2.4644965405
37149,2020,9.4221105528
37151,2020,2.8858620642
37153,2020,-1.426708428
37155,2020,-12.46433456
37157,2020,7.6640587578
37159,2020,6.397943619
37161,2020,6.890675914
37163,2020,-1.229546959
37165,2020,1.5235576508
37167,2020,9.9691165411
37169,2020,5.0712388312
37171,2020,-1.001794882
37173,2020,7.2230014025
37175,2020,10.181160477
37177,2020,-20.41569303
37179,2020,13.096792232
37181,2020,-3.969945049
37183,2020,9.8564071185
37185,2020,1.3653603034
37187,2020,-13.19114309
37189,2020,2.1566513087
37191,2020,-4.399922068
37193,2020,-0.73006023
37195,2020,4.1178236812
37197,2020,5.8018842817
37199,2020,12.6314618
38000,2020,-1.666949535
38001,2020,-26.26892253
38003,2020,-6.589628498
38005,2020,-28.57142857
38007,2020,4.3336944745
38009,2020,-14.3533123
38011,2020,-14.77589887
38013,2020,5.7020669993
38015,2020,-2.105792501
38017,2020,-0.960750048
38019,2020,-15.05347947
38021,2020,-15.30143834
38023,2020,-4.416961131
38025,2020,8.4552102377
38027,2020,-7.832898172
38029,2020,-7.363092499
38031,2020,-0.311672121
38033,2020,-6.810442679
38035,2020,-20.29955796
38037,2020,-35.86862576
38039,2020,5.3823727293
38041,2020,-6.797281088
38043,2020,4.8651935942
38045,2020,-11.08237902
38047,2020,-19.8019802
38049,2020,-11.59871895
38051,2020,-19.35611298
38053,2020,86.099657558
38055,2020,-9.800305601
38057,2020,-9.96778703
38059,2020,5.0943577585
38061,2020,18.090839107
38063,2020,-1.040943789
38065,2020,-0.512295082
38067,2020,-13.72663551
38069,2020,-20.3853325
38071,2020,-10.64981168
38073,2020,3.2560812105
38075,2020,-9.39167556
38077,2020,-6.727149293
38079,2020,-14.93426819
38081,2020,8.0010323913
38083,2020,-24.84004516
38085,2020,-36.24956431
38087,2020,-26.47253475
38089,2020,9.3937353724
38091,2020,-8.989952406
38093,2020,-9.091127733
38095,2020,-3.200731596
38097,2020,0.9965122073
38099,2020,-1.033543174
38101,2020,-11.79130281
38103,2020,-18.08318264
38105,2020,43.8281913
39000,2020,-1.10556441
39001,2020,-0.758232236
39003,2020,-4.885993485
39005,2020,-5.317660229
39007,2020,-3.151497731
39009,2020,-4.661969032
39011,2020,-3.610819328
39013,2020,-3.924512595
39015,2020,-2.344773683
39017,2020,-0.407771711
39019,2020,-4.889251056
39021,2020,2.2402471997
39023,2020,-2.643227567
39025,2020,2.0487724358
39027,2020,-3.069491868
39029,2020,-3.738573861
39031,2020,-1.366194874
39033,2020,0.9882137434
39035,2020,-6.736138308
39037,2020,-4.081552943
39039,2020,-1.207729469
39041,2020,14.546139214
39043,2020,-1.344275738
39045,2020,7.3989973083
39047,2020,-5.281751723
39049,2020,-2.261041725
39051,2020,-4.95301743
39053,2020,-0.802098825
39055,2020,-4.648336301
39057,2020,6.3142310997
39059,2020,-2.490819916
39061,2020,-2.218115055
39063,2020,-5.194360032
39065,2020,-3.185575713
39067,2020,-4.568477505
39069,2020,-5.064975877
39071,2020,1.5078932412
39073,2020,-1.836774342
39075,2020,-9.444804788
39077,2020,-3.463945812
39079,2020,0.9262260918
39081,2020,-2.135790509
39083,2020,5.135966254
39085,2020,1.2210728494
39087,2020,-1.593558668
39089,2020,5.0265510825
39091,2020,6.4612544504
39093,2020,1.977750309
39095,2020,-5.098139773
39097,2020,6.3509874327
39099,2020,0.1659754662
39101,2020,-5.577689243
39103,2020,3.5403262675
39105,2020,-3.872006265
39107,2020,-1.071550339
39109,2020,7.5764332556
39111,2020,-3.644182063
39113,2020,-1.830173791
39115,2020,-3.231462065
39117,2020,4.4576312091
39119,2020,0.1740684437
39121,2020,5.6306697716
39123,2020,-0.959480404
39125,2020,-4.757577377
39127,2020,1.1084477575
39129,2020,6.2985909692
39131,2020,-4.093063335
39133,2020,-1.409369538
39135,2020,-2.979497637
39137,2020,-1.714378612
39139,2020,1.9823160886
39141,2020,-2.865516119
39143,2020,-3.428337512
39145,2020,-0.51726196
39147,2020,-1.377160874
39149,2020,-4.917088425
39151,2020,-1.469291801
39153,2020,-1.775739445
39155,2020,-0.49430914
39157,2020,-1.771103843
39159,2020,14.712683052
39161,2020,-0.707613926
39163,2020,-3.583682806
39165,2020,8.6550765518
39167,2020,-1.266434487
39169,2020,-3.663066955
39171,2020,-1.443532023
39173,2020,0.7349057254
39175,2020,-4.943923095
40000,2020,0.9679372679
40001,2020,-2.611553875
40003,2020,-10.81363914
40005,2020,-4.42783
40007,2020,-4.704111393
40009,2020,3.6714931504
40011,2020,-5.507599428
40013,2020,15.527493539
40015,2020,-10.27859491
40017,2020,21.029474058
40019,2020,-2.491590881
40021,2020,-0.226188518
40023,2020,-0.953353762
40025,2020,-19.52580195
40027,2020,6.5536643193
40029,2020,-4.176123468
40031,2020,-3.058725034
40033,2020,-24.55162807
40035,2020,-5.695801983
40037,2020,-2.373439812
40039,2020,-5.793303217
40041,2020,8.6223972595
40043,2020,-8.348605172
40045,2020,-20.51808156
40047,2020,-7.040466308
40049,2020,-1.406495122
40051,2020,5.8949335921
40053,2020,2.7732840305
40055,2020,-17.17855284
40057,2020,-16.84131737
40059,2020,-12.137559
40061,2020,0.2375014844
40063,2020,-1.128498345
40065,2020,-17.60470541
40067,2020,-13.70994384
40069,2020,7.5096132097
40071,2020,-8.298850049
40073,2020,-5.889990183
40075,2020,-3.669724771
40077,2020,-10.76649546
40079,2020,-3.782042303
40081,2020,1.8360730987
40083,2020,13.416055176
40085,2020,8.8196383948
40087,2020,13.713119548
40089,2020,-7.234152495
40091,2020,-0.660888132
40093,2020,-2.753015207
40095,2020,9.9827678412
40097,2020,-1.093427287
40099,2020,10.056702685
40101,2020,-3.66781347
40103,2020,-12.94065149
40105,2020,-19.1608529
40107,2020,-5.566170973
40109,2020,1.9168439831
40111,2020,7.032531972
40113,2020,-1.232940776
40115,2020,-4.676040099
40117,2020,1.4053525602
40119,2020,-12.36917222
40121,2020,-2.536447146
40123,2020,-0.156748001
40125,2020,0.7994211089
40127,2020,-5.92246949
40129,2020,-21.02642136
40131,2020,5.6876153262
40133,2020,-8.774447497
40135,2020,-0.072155278
40137,2020,0.5792266166
40139,2020,-38.29619015
40141,2020,-11.80264873
40143,2020,0.2309051095
40145,2020,12.093276832
40147,2020,-4.936216342
40149,2020,-8.928571429
40151,2020,-11.64763089
40153,2020,-7.304493744
41000,2020,6.1481330769
41001,2020,8.6448162199
41003,2020,1.8113695787
41005,2020,5.6141832503
41007,2020,13.561018327
41009,2020,2.332718286
41011,2020,8.8226842395
41013,2020,24.715420183
41015,2020,14.523184602
41017,2020,28.224036633
41019,2020,11.841117353
41021,2020,16.29434954
41023,2020,5.5617352614
41025,2020,14.981273408
41027,2020,1.5005680722
41029,2020,7.5030373222
41031,2020,19.832814293
41033,2020,7.9364624908
41035,2020,9.1226779474
41037,2020,10.315843097
41039,2020,9.1688841676
41041,2020,19.337406489
41043,2020,16.065318818
41045,2020,-3.370198285
41047,2020,2.5244146964
41049,2020,13.238688325
41051,2020,-0.188664471
41053,2020,10.428052865
41055,2020,43.67816092
41057,2020,15.331373498
41059,2020,2.7160795773
41061,2020,4.7071129707
41063,2020,22.430954718
41065,2020,9.3384041872
41067,2020,0.7976664086
41069,2020,-8.19977637
41071,2020,5.4903099777
42000,2020,-1.530138507
42001,2020,-0.48526964
42003,2020,-2.090143285
42005,2020,-5.811495384
42007,2020,-0.523574553
42009,2020,-2.146235753
42011,2020,-2.069638217
42013,2020,-1.841756299
42015,2020,-6.489592708
42017,2020,0.6098327975
42019,2020,2.2956608814
42021,2020,-5.916503912
42023,2020,-6.258381761
42025,2020,3.412357721
42027,2020,-6.775676491
42029,2020,1.8107585417
42031,2020,-4.538970302
42033,2020,-2.027363106
42035,2020,-1.06041796
42037,2020,-0.414813449
42039,2020,-5.266909785
42041,2020,6.4776878539
42043,2020,-0.187332369
42045,2020,-1.291544535
42047,2020,-3.632122626
42049,2020,-8.856914823
42051,2020,-3.667222657
42053,2020,3.028009084
42055,2020,1.9767058778
42057,2020,1.0325245225
42059,2020,-9.877356161
42061,2020,-2.363622306
42063,2020,-3.335034478
42065,2020,-2.941210262
42067,2020,0.3637759948
42069,2020,-2.328887492
42071,2020,-1.563743183
42073,2020,-4.614309019
42075,2020,1.8365991834
42077,2020,-2.106613057
42079,2020,-1.407262355
42081,2020,-3.909052891
42083,2020,-4.53570334
42085,2020,-6.284817754
42087,2020,-2.772092822
42089,2020,5.3656884543
42091,2020,2.0484498193
42093,2020,-0.603235536
42095,2020,2.259575731
42097,2020,-0.197885919
42099,2020,1.7960314197
42101,2020,-6.595413138
42103,2020,2.580899551
42105,2020,-2.775347673
42107,2020,0.1906954735
42109,2020,-4.722462604
42111,2020,-1.859909448
42113,2020,7.4122879262
42115,2020,-2.744535654
42117,2020,-0.590543916
42119,2020,-1.690015566
42121,2020,-6.007715792
42123,2020,-6.349851413
42125,2020,1.9425779749
42127,2020,4.0094982288
42129,2020,-0.022878125
42131,2020,-8.685807613
42133,2020,0.6488981553
44000,2020,-3.036387539
44001,2020,0.1235635735
44003,2020,1.3583273691
44005,2020,-5.977075728
44007,2020,-4.301331469
44009,2020,-1.652931968
45000,2020,10.365420454
45001,2020,-0.12216476
45003,2020,7.4752953829
45005,2020,-25.66431978
45007,2020,10.58954946
45009,2020,-9.386689251
45011,2020,-9.717293448
45013,2020,15.023700912
45015,2020,23.563258062
45017,2020,2.9537024317
45019,2020,8.8084067571
45021,2020,3.7422728187
45023,2020,0.1549234678
45025,2020,-3.670887459
45027,2020,3.3487931009
45029,2020,3.928178042
45031,2020,-0.824729901
45033,2020,-7.038680002
45035,2020,8.9513394554
45037,2020,8.6777467275
45039,2020,2.235985958
45041,2020,-1.026864808
45043,2020,13.081209171
45045,2020,10.822963253
45047,2020,1.8669382213
45049,2020,-4.355716878
45051,2020,29.548000103
45053,2020,26.274907126
45055,2020,11.983105785
45057,2020,30.386382591
45059,2020,9.242240462
45061,2020,-21.33520896
45063,2020,11.458438712
45065,2020,16.639287796
45067,2020,-9.787240938
45069,2020,-8.912588078
45071,2020,1.5087860775
45073,2020,17.015831185
45075,2020,-7.56403446
45077,2020,11.57435871
45079,2020,-2.007323236
45081,2020,1.0765842917
45083,2020,14.739983783
45085,2020,-0.375357763
45087,2020,2.9282576867
45089,2020,-5.641748942
45091,2020,22.539435901
46000,2020,1.0933690682
46003,2020,-18.78612717
46005,2020,-6.725241349
46007,2020,-38.31529687
46009,2020,-1.882557382
46011,2020,-8.837699917
46013,2020,-12.13069348
46015,2020,7.7894936829
46017,2020,-32.08824267
46019,2020,13.731747413
46021,2020,4.3763676149
46023,2020,-9.665467433
46025,2020,-6.968641115
46027,2020,2.7091576658
46029,2020,-3.854252168
46031,2020,-30.49370765
46033,2020,20.580296896
46035,2020,-2.477312369
46037,2020,-12.07574787
46039,2020,-3.447087211
46041,2020,-16.75552171
46043,2020,-6.157003592
46045,2020,-8.576998051
46047,2020,3.865308853
46049,2020,-13.43736454
46051,2020,-8.194984105
46053,2020,-0.238834488
46055,2020,-5.787950539
46057,2020,5.0678437142
46059,2020,-18.34862385
46061,2020,17.603051196
46063,2020,27.450980392
46065,2020,-12.66721577
46067,2020,-4.110433651
46069,2020,16.32970451
46071,2020,0.6040471157
46073,2020,-7.427581084
46075,2020,-30.58438012
46077,2020,-0.405473898
46079,2020,-21.12022281
46081,2020,4.2659634291
46083,2020,28.801814498
46085,2020,-16.34805537
46087,2020,-7.866273353
46089,2020,-7.949790795
46091,2020,-4.058441558
46093,2020,3.0776850149
46095,2020,7.8144078144
46097,2020,3.6199095023
46099,2020,2.1555427125
46101,2020,7.7993577
46102,2020,-18.31064964
46103,2020,11.102004652
46105,2020,-19.74709856
46107,2020,-22.02339986
46109,2020,-3.562831006
46111,2020,-29.11392405
46115,2020,-18.50699844
46117,2020,16.680294358
46119,2020,6.5028901734
46121,2020,-18.21564979
46123,2020,-14.63593121
46125,2020,-5.950255861
46127,2020,17.586185004
46129,2020,-10.99706745
46135,2020,0.0877712681
46137,2020,5.0909090909
47000,2020,5.2951277516
47001,2020,10.217596973
47003,2020,5.7253259693
47005,2020,0.370301796
47007,2020,13.089791966
47009,2020,13.932432995
47011,2020,7.1481688046
47013,2020,4.2442583221
47015,2020,14.149323443
47017,2020,-4.018513867
47019,2020,4.5386851996
47021,2020,2.9321539011
47023,2020,1.4475131724
47025,2020,5.735867981
47027,2020,-3.792832854
47029,2020,8.1266872617
47031,2020,11.085705134
47033,2020,-2.80445909
47035,2020,18.077799398
47037,2020,-6.067915589
47039,2020,0.5992637617
47041,2020,15.262289836
47043,2020,7.5795668287
47045,2020,-3.008932769
47047,2020,13.955367308
47049,2020,14.927398562
47051,2020,6.5602605089
47053,2020,0.6917317708
47055,2020,1.7314547615
47057,2020,11.063994662
47059,2020,2.0834388315
47061,2020,7.2455648926
47063,2020,2.9946821238
47065,2020,7.0892245153
47067,2020,12.442151582
47069,2020,-6.159837857
47071,2020,2.6097964748
47073,2020,4.9339641759
47075,2020,0.1154367839
47077,2020,5.0980392157
47079,2020,6.0914333421
47081,2020,8.2494769353
47083,2020,-2.190447216
47085,2020,3.1777664072
47087,2020,6.5356703306
47089,2020,12.183545762
47091,2020,5.8489398796
47093,2020,5.6098256299
47095,2020,-49.92026624
47097,2020,-14.75886113
47099,2020,7.5301718745
47101,2020,16.103853422
47103,2020,6.184815112
47105,2020,20.195986934
47107,2020,8.4570148418
47109,2020,-1.280956447
47111,2020,10.104109141
47113,2020,1.0532397347
47115,2020,11.825058691
47117,2020,14.226837389
47119,2020,18.651001783
47121,2020,11.974594442
47123,2020,8.5547438964
47125,2020,7.6079217002
47127,2020,0.9269988413
47129,2020,-4.751147029
47131,2020,-4.010407172
47133,2020,11.464939403
47135,2020,2.6044896441
47137,2020,5.742005742
47139,2020,-1.125925926
47141,2020,16.42790604
47143,2020,7.960289355
47145,2020,7.3143285821
47147,2020,5.3569430458
47149,2020,15.34100942
47151,2020,3.2656023222
47153,2020,9.2255239496
47155,2020,2.3452038033
47157,2020,-5.540340672
47159,2020,9.4678094479
47161,2020,10.389990488
47163,2020,7.7228142695
47165,2020,16.764658516
47167,2020,-0.487111833
47169,2020,20.970560559
47171,2020,8.7942865145
47173,2020,14.674365245
47175,2020,16.330038676
47177,2020,10.06053372
47179,2020,5.2550806864
47181,2020,6.6050198151
47183,2020,-2.037727933
47185,2020,12.125443222
47187,2020,20.557409809
47189,2020,21.497771444
48000,2020,4.3613358036
48001,2020,-1.797612977
48003,2020,31.757272034
48005,2020,-1.993948999
48007,2020,10.520487265
48009,2020,-8.346374544
48011,2020,5.3106744557
48013,2020,10.859817689
48015,2020,0.4333550011
48017,2020,-17.55262219
48019,2020,16.120599512
48021,2020,20.636785727
48023,2020,-13.8378989
48025,2020,0.5535736253
48027,2020,10.42709318
48029,2020,3.7608466899
48031,2020,28.245472666
48033,2020,9.2236740968
48035,2020,6.4319022351
48037,2020,-5.681179888
48039,2020,8.1410103734
48041,2020,4.0923796462
48043,2020,-9.418132612
48045,2020,18.966644866
48047,2020,-10.14656144
48049,2020,2.4047354791
48051,2020,4.7310892381
48053,2020,17.885004031
48055,2020,6.8413475382
48057,2020,-12.47838482
48059,2020,-1.503597895
48061,2020,-5.695006045
48063,2020,3.4513172528
48065,2020,-11.3969664
48067,2020,0.5986828976
48069,2020,-17.06574944
48071,2020,29.977691021
48073,2020,1.7900159007
48075,2020,-4.103686478
48077,2020,6.0232324681
48079,2020,-8.092892329
48081,2020,13.349154554
48083,2020,-19.34469834
48085,2020,19.570022516
48087,2020,-4.776526783
48089,2020,5.4208140567
48091,2020,49.942500411
48093,2020,9.6412143514
48095,2020,8.1345904973
48097,2020,15.068308851
48099,2020,10.206248507
48101,2020,11.510791367
48103,2020,0.0
48105,2020,4.056207446
48107,2020,-4.695243892
48109,2020,-16.49484536
48111,2020,-26.59355723
48113,2020,-9.264813198
48115,2020,4.736904433
48117,2020,-17.44638591
48119,2020,-0.937822376
48121,2020,24.116411256
48123,2020,2.9305120946
48125,2020,-1.806276812
48127,2020,-10.63044441
48129,2020,-10.31396936
48131,2020,-0.717360115
48133,2020,5.3981842471
48135,2020,14.162829885
48137,2020,10.9375
48139,2020,26.611183183
48141,2020,-4.555914664
48143,2020,7.9132370085
48145,2020,2.8962001854
48147,2020,11.457022023
48149,2020,4.6618204804
48151,2020,3.659652333
48153,2020,-15.83297086
48155,2020,-26.42796249
48157,2020,16.861184333
48159,2020,-2.976328884
48161,2020,-3.999392497
48163,2020,-11.60006911
48165,2020,13.944034789
48167,2020,8.6735676775
48169,2020,-11.22514432
48171,2020,14.788601229
48173,2020,1.4285714286
48175,2020,8.0020989112
48177,2020,0.3363929069
48179,2020,-7.738352641
48181,2020,16.244504609
48183,2020,2.8803055066
48185,2020,18.12107537
48187,2020,17.363225222
48189,2020,-10.5613318
48191,2020,-19.03489731
48193,2020,0.4723107805
48195,2020,-24.84129175
48197,2020,1.5263291783
48199,2020,7.5669738207
48201,2020,-6.483083281
48203,2020,-1.397057167
48205,2020,-15.19620989
48207,2020,-9.157347891
48209,2020,25.396502958
48211,2020,-12.78705637
48213,2020,10.143169134
48215,2020,-3.510099624
48217,2020,14.008295108
48219,2020,-2.348234476
48221,2020,25.693646363
48223,2020,8.0192896427
48225,2020,-0.608219654
48227,2020,15.649754095
48229,2020,3.7213148646
48231,2020,17.274590164
48233,2020,-10.74731911
48235,2020,11.140235911
48237,2020,11.486486486
48239,2020,-10.20477124
48241,2020,-6.143229824
48243,2020,14.168696037
48245,2020,-11.18464973
48247,2020,-2.117013087
48249,2020,-10.43846476
48251,2020,23.162640011
48253,2020,10.913915242
48255,2020,-9.852531909
48257,2020,53.881323435
48259,2020,38.459057979
48261,2020,-114.1498216
48263,2020,52.419354839
48265,2020,7.1227919821
48267,2020,3.6887608069
48269,2020,-29.19708029
48271,2020,-11.41459437
48273,2020,-7.849907169
48275,2020,-1.638001638
48277,2020,3.4542314335
48279,2020,-18.15663948
48281,2020,14.003101358
48283,2020,-5.994804503
48285,2020,2.3343597894
48287,2020,6.2907735322
48289,2020,8.942995615
48291,2020,23.560374897
48293,2020,4.8738777255
48295,2020,-36.19771863
48297,2020,2.1350851981
48299,2020,17.651803203
48301,2020,126.1829653
48303,2020,4.4193103805
48305,2020,12.712941775
48307,2020,2.7558561944
48309,2020,4.0444854244
48311,2020,14.925373134
48313,2020,-8.44765595
48315,2020,0.9105164652
48317,2020,9.9545930842
48319,2020,3.5157623345
48321,2020,-2.158204592
48323,2020,-4.837689533
48325,2020,11.283993519
48327,2020,12.682010333
48329,2020,12.160177708
48331,2020,-8.342022941
48333,2020,6.7650676507
48335,2020,-1.640304628
48337,2020,14.92310035
48339,2020,22.424719816
48341,2020,-19.75108869
48343,2020,8.1811186262
48345,2020,-23.02631579
48347,2020,-1.917692632
48349,2020,8.5901514315
48351,2020,-6.874862868
48353,2020,-7.793175889
48355,2020,-4.337861719
48357,2020,-10.15125368
48359,2020,-8.983451537
48361,2020,-1.761850542
48363,2020,10.471384531
48365,2020,2.2876381215
48367,2020,31.10184091
48369,2020,-22.66611468
48371,2020,1.5856907269
48373,2020,28.092549453
48375,2020,-18.81199021
48377,2020,-32.59587021
48379,2020,28.709298082
48381,2020,10.782578163
48383,2020,9.756097561
48385,2020,-1.443209698
48387,2020,-4.551849706
48389,2020,20.959700213
48391,2020,-9.607112131
48393,2020,-51.36986301
48395,2020,-11.54754615
48397,2020,37.681117098
48399,2020,9.5881029253
48401,2020,2.1525752711
48403,2020,1.515295009
48405,2020,2.7894002789
48407,2020,5.8705015979
48409,2020,-4.767580453
48411,2020,0.3301692117
48413,2020,-28.55631941
48415,2020,-8.115769059
48417,2020,3.3737156878
48419,2020,-2.451513414
48421,2020,-36.25673689
48423,2020,9.1675675676
48425,2020,13.217314682
48427,2020,-6.005493397
48429,2020,-4.688082681
48431,2020,-5.394990366
48433,2020,2.2205773501
48435,2020,0.265674814
48437,2020,-3.64618501
48439,2020,1.2170285526
48441,2020,-0.777254765
48443,2020,-40.35308953
48445,2020,-5.429277582
48447,2020,-3.327787022
48449,2020,-5.527308262
48451,2020,6.7618268736
48453,2020,11.080226905
48455,2020,3.2720951634
48457,2020,6.7003997135
48459,2020,13.649737134
48461,2020,-2.741979709
48463,2020,-5.044089075
48465,2020,-6.713395162
48467,2020,10.696897544
48469,2020,-1.696002435
48471,2020,-4.366662788
48473,2020,24.99126501
48475,2020,15.185388282
48477,2020,11.460113761
48479,2020,-8.003305713
48481,2020,-1.685630004
48483,2020,-18.21029959
48485,2020,0.3408613187
48487,2020,-1.565802865
48489,2020,-7.849000187
48491,2020,33.729928938
48493,2020,14.614974424
48495,2020,16.594882189
48497,2020,22.130934128
48499,2020,13.870512481
48501,2020,-2.774085419
48503,2020,2.8892099122
48505,2020,-4.65970065
48507,2020,-14.70032341
49000,2020,4.9022660244
49001,2020,1.4998125234
49003,2020,12.257552816
49005,2020,0.0549690014
49007,2020,8.8460782386
49009,2020,-31.18503119
49011,2020,1.5058407941
49013,2020,-11.83520975
49015,2020,-0.699475393
49017,2020,6.5652044166
49019,2020,4.4238683128
49021,2020,31.157863408
49023,2020,20.7223209
49025,2020,25.959005333
49027,2020,6.953199618
49029,2020,5.3986710963
49031,2020,28.11107302
49033,2020,1.6197610852
49035,2020,-1.389268421
49037,2020,-7.108850192
49039,2020,7.8447967189
49041,2020,0.0
49043,2020,-3.165347772
49045,2020,21.413306338
49047,2020,0.2811397405
49049,2020,6.7660235896
49051,2020,20.518776616
49053,2020,28.803602169
49055,2020,10.405053883
49057,2020,8.2378709465
50000,2020,-1.092644914
50001,2020,-1.955193483
50003,2020,1.6903789266
50005,2020,-7.70393
50007,2020,-2.505002368
50009,2020,-10.32507865
50011,2020,-0.750050679
50013,2020,15.894039735
50015,2020,0.7106619026
50017,2020,1.0730356525
50019,2020,7.6814605908
50021,2020,-4.144296882
50023,2020,5.803172859
50025,2020,-7.872067125
50027,2020,-1.070139481
51000,2020,-1.072501564
51001,2020,-5.732160192
51003,2020,6.0264483916
51005,2020,-0.201031964
51007,2020,6.7170445004
51009,2020,0.0
51011,2020,1.5098137896
51013,2020,-8.924285264
51015,2020,3.0180087761
51017,2020,-17.38095238
51019,2020,3.6610315495
51021,2020,3.0199475483
51023,2020,5.9307184257
51025,2020,-1.596708324
51027,2020,-11.94156656
51029,2020,7.8968149513
51031,2020,-3.362963771
51033,2020,-2.732773765
51035,2020,7.3909830007
51036,2020,0.429707083
51037,2020,-2.098723976
51041,2020,8.6494751691
51043,2020,8.9255063508
51045,2020,10.163197498
51047,2020,10.91954023
51049,2020,11.117287382
51051,2020,-8.736652337
51053,2020,-0.2448537
51057,2020,5.583779578
51059,2020,-12.38156006
51061,2020,6.3863982406
51063,2020,0.9512032721
51065,2020,10.781273076
51067,2020,1.6929067208
51069,2020,10.626190235
51071,2020,-1.551358931
51073,2020,3.4811016348
51075,2020,24.227199182
51077,2020,0.1282667949
51079,2020,1.9235149705
51081,2020,-6.939564301
51083,2020,-3.377782999
51085,2020,7.5098298642
51087,2020,-0.342522328
51089,2020,-2.814766699
51091,2020,-1.81900864
51093,2020,4.2116062148
51095,2020,6.7647290175
51097,2020,1.9900497512
51099,2020,3.8916329891
51101,2020,9.7455015117
51103,2020,4.5072538617
51105,2020,-4.035769664
51107,2020,8.707542793
51109,2020,21.485714286
51111,2020,1.3928147147
51113,2020,0.1508921498
51115,2020,11.687280154
51117,2020,4.4436457499
51119,2020,-8.632418485
51121,2020,-4.181319044
51125,2020,5.5048335124
51127,2020,30.919661734
51131,2020,1.3633846023
51133,2020,1.7310307876
51135,2020,-7.443196657
51137,2020,8.9885809719
51139,2020,-0.584868613
51141,2020,2.0980408834
51143,2020,-4.436930436
51145,2020,14.950222554
51147,2020,-4.200577579
51149,2020,7.3350273754
51153,2020,-3.265105651
51155,2020,3.3780310485
51157,2020,5.5725450221
51159,2020,9.2258100372
51161,2020,3.7605166992
51163,2020,-2.382317907
51165,2020,6.9604004681
51167,2020,-2.95985463
51169,2020,1.0638789953
51171,2020,3.9040521765
51173,2020,-4.854849896
51175,2020,0.1131733816
51177,2020,12.663474277
51179,2020,13.33306905
51181,2020,-4.656577416
51183,2020,-3.660714286
51185,2020,-5.878534775
51187,2020,2.3450168392
51191,2020,-1.317168644
51193,2020,13.674927439
51195,2020,-9.248186239
51197,2020,3.2762887317
51199,2020,2.5099812118
51510,2020,-16.42087681
51520,2020,11.600442491
51530,2020,-4.162812211
51540,2020,-14.37133331
51550,2020,5.9852953854
51570,2020,-12.15805471
51580,2020,-7.016912558
51590,2020,-10.16197192
51595,2020,1.6808292091
51600,2020,-13.19537534
51610,2020,0.550130656
51620,2020,-20.6776283
51630,2020,-13.70969127
51640,2020,8.3497439937
51650,2020,-1.963993453
51660,2020,-18.6659656
51670,2020,-1.110938298
51678,2020,12.34484162
51680,2020,3.0340659542
51683,2020,-14.63515603
51685,2020,-17.8429367
51690,2020,-2.144474008
51700,2020,-3.214553261
51710,2020,-9.598480035
51720,2020,4.0236388784
51730,2020,2.724271658
51735,2020,9.0834697218
51740,2020,-8.416689576
51750,2020,5.0068775791
51760,2020,-0.622203078
51770,2020,-1.968186039
51775,2020,1.1859113729
51790,2020,14.385582091
51800,2020,9.0341539083
51810,2020,-5.26103467
51820,2020,-2.657159939
51830,2020,-6.008812926
51840,2020,-1.570306924
53000,2020,4.9509992957
53001,2020,-3.272992774
53003,2020,1.6814903314
53005,2020,8.5782742879
53007,2020,3.6245063396
53009,2020,15.102481122
53011,2020,9.9972361674
53013,2020,-15.95214357
53015,2020,15.172445235
53017,2020,9.8168906217
53019,2020,1.0481493613
53021,2020,0.4650548289
53023,2020,-8.510638298
53025,2020,2.2118772665
53027,2020,19.118378095
53029,2020,8.2660242785
53031,2020,21.354761049
53033,2020,-2.135168102
53035,2020,5.4332046846
53037,2020,7.8914505787
53039,2020,13.15051278
53041,2020,13.564101924
53043,2020,20.770828525
53045,2020,19.039259013
53047,2020,1.3513513514
53049,2020,23.481872264
53051,2020,12.815818382
53053,2020,6.6090854911
53055,2020,27.315161644
53057,2020,8.0143168378
53059,2020,12.832263978
53061,2020,3.2303004877
53063,2020,14.654559384
53065,2020,12.248892212
53067,2020,11.623470322
53069,2020,18.645400427
53071,2020,2.1091658084
53073,2020,13.585832358
53075,2020,-2.425165603
53077,2020,-4.798229083
54000,2020,-3.933336262
54001,2020,-0.182215743
54003,2020,14.458116722
54005,2020,-19.4885971
54007,2020,-4.780080619
54009,2020,-3.313061632
54011,2020,-10.70385988
54013,2020,-9.632835404
54015,2020,-12.83023269
54017,2020,-9.174311927
54019,2020,-7.284395934
54021,2020,-5.215953184
54023,2020,-5.000431072
54025,2020,0.8926771676
54027,2020,-5.071778561
54029,2020,-2.038383803
54031,2020,1.5250544662
54033,2020,-0.697588126
54035,2020,-1.082572332
54037,2020,3.8058157073
54039,2020,-9.109317387
54041,2020,-1.816814935
54043,2020,-3.024980484
54045,2020,-13.98774525
54047,2020,-24.66173804
54049,2020,1.4086641762
54051,2020,-5.769983049
54053,2020,-4.730795224
54055,2020,-3.424889793
54057,2020,0.5574032441
54059,2020,-15.18773136
54061,2020,-3.427008042
54063,2020,3.2374642373
54065,2020,7.2240577925
54067,2020,-9.446392735
54069,2020,-2.213773521
54071,2020,-1.863398552
54073,2020,-4.944871367
54075,2020,-12.96907835
54077,2020,-1.5525864
54079,2020,-1.733102253
54081,2020,-6.412124745
54083,2020,-1.7040811
54085,2020,-12.43394467
54087,2020,-11.80902702
54089,2020,-3.089720737
54091,2020,-3.579631895
54093,2020,-4.06504065
54095,2020,-13.04021695
54097,2020,-5.396720771
54099,2020,-8.618625808
54101,2020,-13.79057847
54103,2020,-6.001846722
54105,2020,2.7510316369
54107,2020,-5.116340088
54109,2020,-11.02530477
55000,2020,-0.24729489
55001,2020,0.049308449
55003,2020,-2.568300748
55005,2020,1.5266499989
55007,2020,6.0541547469
55009,2020,-0.500277616
55011,2020,-7.267163894
55013,2020,5.3917110563
55015,2020,-3.492282057
55017,2020,7.3621347084
55019,2020,-5.757135249
55021,2020,1.8630566317
55023,2020,-6.605753797
55025,2020,2.5499635785
55027,2020,1.0246368232
55029,2020,8.3609316467
55031,2020,1.2283731009
55033,2020,3.4269669132
55035,2020,-1.904297109
55037,2020,5.5885434859
55039,2020,1.7344625104
55041,2020,3.6705411267
55043,2020,-2.002274428
55045,2020,0.7038059661
55047,2020,4.2370637148
55049,2020,-4.345991561
55051,2020,10.198698787
55053,2020,5.3022011431
55055,2020,-5.299791542
55057,2020,2.9279279279
55059,2020,1.3412627368
55061,2020,0.3918783218
55063,2020,-1.45727515
55065,2020,-4.019557849
55067,2020,-0.312296682
55069,2020,-1.954185213
55071,2020,-0.455707739
55073,2020,-1.136057659
55075,2020,1.4860313057
55077,2020,12.067630356
55078,2020,-11.5834335
55079,2020,-7.411653753
55081,2020,-0.454574972
55083,2020,3.0889457982
55085,2020,8.2489899914
55087,2020,0.2561612108
55089,2020,1.3574153018
55091,2020,-1.096566377
55093,2020,1.7809856349
55095,2020,5.8385135831
55097,2020,-3.996554208
55099,2020,1.1981428785
55101,2020,-3.224097711
55103,2020,-7.965597853
55105,2020,0.2574886276
55107,2020,5.7975113122
55109,2020,6.8967428967
55111,2020,-0.217458838
55113,2020,8.8425897886
55115,2020,1.1999510224
55117,2020,-0.65922723
55119,2020,-2.702237944
55121,2020,-2.400960384
55123,2020,-1.136474332
55125,2020,17.360560252
55127,2020,3.5291054778
55129,2020,-1.647811896
55131,2020,3.3372747063
55133,2020,3.2229274098
55135,2020,1.1555033294
55137,2020,8.293984808
55139,2020,3.9850051782
55141,2020,-0.575527738
56000,2020,-1.75031997
56001,2020,-6.519946397
56003,2020,-8.450585203
56005,2020,-5.785837651
56007,2020,-9.703830992
56009,2020,8.5880640466
56011,2020,11.577616608
56013,2020,-8.018066022
56015,2020,-5.886126099
56017,2020,-27.16846676
56019,2020,2.4865312889
56021,2020,2.4399465632
56023,2020,15.378739656
56025,2020,4.5399382518
56027,2020,-23.96972246
56029,2020,-0.547907678
56031,2020,-9.107575847
56033,2020,9.5216130733
56035,2020,3.26048194
56037,2020,-17.60542717
56039,2020,-1.583463505
56041,2020,-9.181104694
56043,2020,-7.652085193
56045,2020,0.0
72000,2020,
72001,2020,
72003,2020,
72005,2020,
72007,2020,
72009,2020,
72011,2020,
72013,2020,
72015,2020,
72017,2020,
72019,2020,
72021,2020,
72023,2020,
72025,2020,
72027,2020,
72029,2020,
72031,2020,
72033,2020,
72035,2020,
72037,2020,
72039,2020,
72041,2020,
72043,2020,
72045,2020,
72047,2020,
72049,2020,
72051,2020,
72053,2020,
72054,2020,
72055,2020,
72057,2020,
72059,2020,
72061,2020,
72063,2020,
72065,2020,
72067,2020,
72069,2020,
72071,2020,
72073,2020,
72075,2020,
72077,2020,
72079,2020,
72081,2020,
72083,2020,
72085,2020,
72087,2020,
72089,2020,
72091,2020,
72093,2020,
72095,2020,
72097,2020,
72099,2020,
72101,2020,
72103,2020,
72105,2020,
72107,2020,
72109,2020,
72111,2020,
72113,2020,
72115,2020,
72117,2020,
72119,2020,
72121,2020,
72123,2020,
72125,2020,
72127,2020,
72129,2020,
72131,2020,
72133,2020,
72135,2020,
72137,2020,
72139,2020,
72141,2020,
72143,2020,
72145,2020,
72147,2020,
72149,2020,
72151,2020,
72153,2020,
