county_fips,rate_international_migration
0,
1000,1.2100275652
1001,-0.2541273
1003,1.26890415
1005,-0.440286186
1007,0.8367832291
1009,0.0868507903
1011,0.6578638222
1013,0.2889060092
1015,0.5703729558
1017,0.9099314616
1019,0.2695054575
1021,-0.068751361
1023,-0.147210364
1025,0.1182452406
1027,-0.073743594
1029,-0.067075829
1031,4.1344686716
1033,0.2199635227
1035,0.0
1037,-0.262789068
1039,-0.1055061
1041,1.0787874429
1043,0.2364816509
1045,3.3263287887
1047,-0.069735007
1049,0.8572894195
1051,0.8240420511
1053,-0.131187112
1055,0.1725402234
1057,-0.235314881
1059,2.615573693
1061,-0.409836066
1063,0.0
1065,-0.130187144
1067,0.0
1069,0.3886155087
1071,1.317114015
1073,1.0196251244
1075,0.0700795403
1077,0.4210094511
1079,0.0589474925
1081,5.6850599767
1083,0.6594054939
1085,-0.090946296
1087,0.2864508737
1089,1.8994716362
1091,0.8772784872
1093,0.4907092384
1095,1.6156891924
1097,1.6640786374
1099,-0.088150385
1101,2.676487732
1103,0.6163430865
1105,0.3881045942
1107,-0.103458087
1109,3.8647342995
1111,-0.353372499
1113,1.851324409
1115,0.5215247487
1117,1.0429620121
1119,3.0449313034
1121,0.4024169405
1123,0.2425712553
1125,1.5219237926
1127,0.5576950614
1129,1.5072026898
1131,0.0
1133,-0.082380805
2000,3.232888444
2013,16.481001068
2016,14.745070172
2020,4.1954606932
2050,0.28510335
2060,0.0
2068,8.4656084656
2070,0.2021018593
2090,4.2332095288
2100,5.0475635799
2105,1.4289116456
2110,2.4788906964
2122,0.4240320144
2130,4.0871437434
2150,8.1887727616
2158,0.0
2164,1.2128562765
2170,0.6040927282
2180,0.4081632653
2185,2.2854768336
2188,0.2595717067
2195,4.5927740355
2198,-0.156298843
2220,6.2566337076
2230,0.0
2240,5.0272308337
2261,2.9783300811
2275,2.0772746157
2282,6.0606060606
2290,0.3555239534
4000,2.3181515643
4001,0.6509199438
4003,3.7870500992
4005,1.15375655
4007,0.5261476596
4009,0.2158050202
4011,1.9597671336
4012,1.896656535
4013,2.5971233497
4015,-0.723854451
4017,0.2885532776
4019,2.4669014799
4021,2.8199691697
4023,0.1683749711
4025,0.3309426665
4027,3.2912591657
5000,1.266623801
5001,0.9514999339
5003,-0.2315458
5005,-0.363949581
5007,4.0852472156
5009,-0.188124001
5011,-0.352453961
5013,0.0
5015,0.7624026575
5017,1.4654540753
5019,0.4377996191
5021,-0.189957576
5023,-0.154924668
5025,0.0
5027,2.0764626847
5029,0.0473159999
5031,1.6129194851
5033,0.4365153144
5035,0.159055212
5037,0.0
5039,0.3748125937
5041,0.3159432882
5043,0.4797057805
5045,1.27766681
5047,0.0556049822
5049,-0.491621943
5051,-0.165084606
5053,0.2223148534
5055,0.7209973021
5057,-0.802997859
5059,0.0
5061,0.5092575752
5063,0.4063003643
5065,1.0327149338
5067,0.1686957011
5069,0.2920231229
5071,1.705789994
5073,-0.133457894
5075,0.0
5077,0.0976800977
5079,-0.210386058
5081,-0.464019179
5083,0.8150328277
5085,2.2057033186
5087,0.1279631466
5089,0.3604469542
5091,-0.45753503
5093,-0.021837876
5095,-0.125368269
5097,-0.213424394
5099,0.0
5101,0.1226768079
5103,0.5866823115
5105,0.1931340833
5107,-0.237292962
5109,0.0889086464
5111,1.0256831049
5113,0.2928400605
5115,0.9096857594
5117,0.0
5119,2.4245859717
5121,-0.502610784
5123,1.4646518773
5125,0.9502477432
5127,-0.179396331
5129,0.4974196356
5131,1.4847926593
5133,-0.406905772
5135,0.4081156716
5137,-0.559060778
5139,-0.316059468
5141,-0.465441005
5143,3.2109993402
5145,0.9060514025
5147,0.0
5149,0.3197222983
6000,2.6008911645
6001,5.8916989418
6003,0.0
6005,0.0535855426
6007,0.6079247988
6009,0.1333703807
6011,-1.45515995
6013,2.545977859
6015,0.4237811876
6017,0.5698305169
6019,0.660139213
6021,-0.821575281
6023,0.355799344
6025,-0.238391877
6027,0.3265928204
6029,0.9203232768
6031,1.7433855358
6033,-0.452400452
6035,0.4714548803
6037,2.816999941
6039,-0.389179491
6041,2.4401832484
6043,0.4438157055
6045,-0.40086587
6047,-0.149952707
6049,0.6362672322
6051,1.5998330609
6053,0.8470926738
6055,1.4408335113
6057,0.0304819191
6059,2.4121400823
6061,0.6335552637
6063,0.409249028
6065,0.4115433231
6067,2.2934903366
6069,-0.53297328
6071,0.7652976691
6073,4.4819837341
6075,7.4270640902
6077,0.8952994626
6079,0.1980859033
6081,4.8856339195
6083,2.0160158662
6085,7.4621079386
6087,0.1317776046
6089,0.7033080799
6091,0.6488240065
6093,0.2931427154
6095,2.7607127136
6097,0.2680542738
6099,0.5703363443
6101,2.9151273911
6103,-0.205463755
6105,-0.073599764
6107,-0.776297929
6109,0.6602415384
6111,0.6756370915
6113,3.9603473298
6115,2.0514515052
8000,2.1363703132
8001,1.4308267571
8003,-0.063716589
8005,4.3130131217
8007,0.3312217944
8009,0.2666666667
8011,2.1186440678
8013,2.6533140786
8014,1.7687869213
8015,0.5527610414
8017,0.5354752343
8019,2.4405125076
8021,0.6046680372
8023,2.2087244616
8025,2.2909507446
8027,0.0
8029,0.2957704821
8031,3.0023262055
8033,0.0
8035,1.8469157184
8037,1.1879101403
8039,-0.215275984
8041,4.1798227705
8043,1.2284101619
8045,0.354581638
8047,0.184179022
8049,-0.208449138
8051,-0.7180391
8053,0.0
8055,0.0
8057,0.0
8059,1.0412948851
8061,0.0
8063,0.8618566855
8065,-0.959166895
8067,-0.01917233
8069,1.5744504032
8071,0.3328340822
8073,1.2892531541
8075,-0.534128591
8077,-0.13582758
8079,0.0
8081,0.676844401
8083,-0.11775789
8085,-0.367538959
8087,2.2927689594
8089,0.106743522
8091,0.4479283315
8093,0.4983802641
8095,2.7217056022
8097,2.5536113287
8099,0.8024716126
8101,0.2866892071
8103,2.665679378
8105,-0.588754784
8107,2.6223024675
8109,0.6389266033
8111,0.0
8113,1.9909742501
8115,0.4210526316
8117,4.6148384807
8119,-0.341778101
8121,0.2113494663
8123,0.6004306273
8125,0.6919047148
9000,4.4244399492
9001,5.8665696241
9003,4.9816947793
9005,0.8657732736
9007,1.8323849937
9009,4.276696229
9011,4.1818367914
9013,2.3342961212
9015,2.4721774211
10000,1.3299973663
10001,1.9975511948
10003,1.3140011981
10005,0.8230126228
11000,5.3940149387
11001,5.3940149387
12000,5.1512006487
12001,3.7578238131
12003,0.4066393109
12005,2.5138289893
12007,0.4686204535
12009,1.8692873342
12011,6.8382134674
12013,0.3403444286
12015,1.3080688007
12017,0.3800045887
12019,2.1078526575
12021,5.0131694203
12023,0.2662702199
12027,3.2641374374
12029,0.122853896
12031,3.5823866181
12033,4.210184067
12035,1.5926818312
12037,0.7797608733
12039,0.9366983512
12041,0.2950635862
12043,2.8228652082
12045,0.3805416376
12047,0.6822213126
12049,3.1202946139
12051,3.8520600713
12053,0.4919479693
12055,2.064067433
12057,5.3322456888
12059,0.101176173
12061,1.3878158354
12063,0.244135658
12065,-0.208710171
12067,0.2274148616
12069,1.6914089006
12071,3.425210743
12073,2.2349112352
12075,0.5501788081
12077,-0.241472985
12079,0.2624534145
12081,2.7578157011
12083,1.2189282138
12085,0.7208979559
12086,13.740447581
12087,4.7398789446
12089,0.8340788474
12091,4.6236697563
12093,1.5330677691
12095,7.7502752755
12097,12.75743949
12099,5.1246500348
12101,1.4485616403
12103,2.0944548032
12105,3.8599609434
12107,0.0955116354
12109,0.7233055062
12111,2.080422901
12113,1.8985245024
12115,1.324377523
12117,2.3620825072
12119,-0.180320971
12121,0.6444040413
12123,0.5724350506
12125,0.7854174166
12127,1.6508593853
12129,0.1940742658
12131,0.4787573587
12133,0.2030415626
13000,2.1788623052
13001,-0.271414613
13003,0.0
13005,0.0897062122
13007,0.5985335927
13009,0.6107869335
13011,0.1649257834
13013,0.1714542896
13015,0.0698756214
13017,-0.227324392
13019,1.8163890186
13021,1.221161254
13023,0.7700600647
13025,-0.700940878
13027,0.4430519953
13029,3.495072263
13031,1.8526269564
13033,-0.128882588
13035,0.0
13037,1.213040182
13039,4.8005981073
13043,-0.179283761
13045,0.774286486
13047,0.2931714204
13049,-0.671566616
13051,3.077838649
13053,42.683445285
13055,0.0389772373
13057,0.369546621
13059,2.5785318327
13061,-0.95724314
13063,2.2377091926
13065,1.3424821002
13067,2.8613608644
13069,1.0218300046
13071,0.5011712153
13073,2.3264267539
13075,0.1178654566
13077,0.5462231745
13079,0.4768717215
13081,0.4224578598
13083,-0.362340721
13085,-0.267540633
13087,-0.544533788
13089,6.0686244309
13091,-0.04637036
13093,1.79143556
13095,1.0328999721
13097,0.7125151409
13099,0.0933271115
13101,0.7471049682
13103,0.3206881591
13105,-0.304599452
13107,-0.221121528
13109,-1.015790932
13111,-0.338531198
13113,1.678548615
13115,1.0202966148
13117,1.0960777238
13119,0.0911410864
13121,3.5018665167
13123,1.9076890467
13125,0.6441223833
13127,1.3666548637
13129,0.2697671909
13131,-0.873587865
13133,1.1191245959
13135,3.4437058952
13137,-0.185142328
13139,0.2620294729
13141,0.5413012883
13143,-0.105680317
13145,0.5857237542
13147,0.1963479285
13149,-0.171064449
13151,0.896567016
13153,3.0248409887
13155,0.1037721164
13157,-0.049253805
13159,0.2184041934
13161,-0.065897858
13163,0.0
13165,-0.69633842
13167,0.0
13169,0.3137856495
13171,0.5526388505
13173,2.9597097575
13175,0.1880229388
13177,0.6982508815
13179,12.763232015
13181,0.8953696598
13183,4.6972524291
13185,3.0946575039
13187,0.2616816316
13189,-0.462491906
13191,0.0
13193,1.3215093027
13195,0.6400682739
13197,2.4175444655
13199,0.0465842126
13201,0.6625258799
13205,-0.043023706
13207,0.0379384259
13209,0.5581291511
13211,-0.167991936
13213,0.0
13215,6.108016518
13217,0.4965243297
13219,0.3893497859
13221,1.300612657
13223,0.6450628416
13225,1.044085615
13227,0.4433077579
13229,0.5307996497
13231,0.0562508789
13233,1.1653031002
13235,-0.254906959
13237,0.0471998678
13239,-0.411607327
13241,0.4913853997
13243,-0.134453782
13245,3.2164251448
13247,0.7375494626
13249,0.0
13251,0.2099884506
13253,0.0
13255,0.4540650566
13257,-0.466445105
13259,6.7345597898
13261,0.2827965436
13263,0.0
13265,0.0
13267,0.4715220338
13269,-0.119040533
13271,2.3919043238
13273,0.0
13275,0.1795372428
13277,0.0487186982
13279,-0.183948642
13281,0.2837818663
13283,0.4407551605
13285,0.3090257595
13287,-0.575208513
13289,0.2301628402
13291,0.0939408173
13293,-0.112187278
13295,-0.218574457
13297,0.3301789452
13299,0.4157024679
13301,0.0
13303,-0.047893867
13305,-0.032995678
13307,-1.085187195
13309,0.0
13311,0.8359532593
13313,0.0485748149
13315,0.2182691258
13317,0.0
13319,0.0
13321,-0.233312335
15000,7.2930894085
15001,3.7688709334
15003,8.3502541985
15005,0.0
15007,6.3708726631
15009,5.3827277765
16000,0.9587215034
16001,1.2689415448
16003,0.0
16005,1.1589285288
16007,0.1688048616
16009,0.1092955899
16011,-0.525146877
16013,1.9426676143
16015,0.1451800232
16017,-0.049304195
16019,-0.244617245
16021,0.9242144177
16023,-1.072769533
16025,-1.818181818
16027,0.2077447233
16029,1.9096584649
16031,1.9840841942
16033,18.498367791
16035,0.2327205027
16037,0.4623208507
16039,9.5985373657
16041,-0.156201187
16043,0.9971236817
16045,0.6002040694
16047,2.7446495671
16049,-0.121558378
16051,0.302149035
16053,3.7252206306
16055,-0.226135625
16057,1.4746737943
16059,-0.126951885
16061,-0.524521374
16063,3.6559553589
16065,-0.608707159
16067,3.9644193365
16069,0.2026804489
16071,2.3646252069
16073,0.3511081852
16075,-0.442262616
16077,4.6124279308
16079,0.2365464222
16081,4.5351473923
16083,2.6428343441
16085,-0.521593991
16087,-0.495884161
17000,2.1126243128
17001,0.1935243766
17003,0.0
17005,0.5671667187
17007,-1.075408377
17009,0.5808887598
17011,0.4059912712
17013,0.3986446083
17015,0.6589785832
17017,3.0307510349
17019,8.8714087101
17021,0.3756139844
17023,-0.369674378
17025,0.0728889537
17027,-0.026333461
17029,0.4862448804
17031,3.0059858701
17033,0.2540392237
17035,1.3617793917
17037,2.0879726073
17039,0.0
17041,1.0563645967
17043,2.9252812387
17045,-0.109442119
17047,0.1493651979
17049,0.1458938185
17051,0.8082440897
17053,0.0720461095
17055,0.325414904
17057,-0.05442399
17059,0.0
17061,0.4361733062
17063,-0.159586671
17065,0.1189555701
17067,0.1586126679
17069,0.0
17071,-0.280524581
17073,-0.059682489
17075,0.4083924652
17077,4.3370871185
17079,0.8236384227
17081,0.8267986099
17083,0.9651451008
17085,0.3098510502
17087,0.0
17089,0.3346865055
17091,0.6622721232
17093,0.8508465924
17095,0.9904101631
17097,2.8823309409
17099,0.3532773094
17101,0.0594724791
17103,0.1129544652
17105,0.7243002742
17107,0.5607969915
17109,1.4136664669
17111,0.4442758142
17113,3.5736111515
17115,0.5887201225
17117,0.0843944173
17119,0.5328782131
17121,0.2303292429
17123,-0.161642286
17125,0.1389226548
17127,0.263617491
17129,-0.315097089
17131,0.1847347517
17133,-0.210608659
17135,-0.134498991
17137,0.8192321817
17139,0.0672721157
17141,0.1322751323
17143,2.2829890582
17145,0.7708177469
17147,0.1808318264
17149,0.0
17151,0.669867143
17153,0.3347840643
17155,0.3365303719
17157,0.1804511278
17159,0.1856205915
17161,2.6971256637
17163,1.2065614669
17165,0.240862287
17167,1.2448486856
17169,0.0
17171,0.0
17173,0.2248150896
17175,0.0
17177,0.191064548
17179,0.1470712597
17181,0.3966005666
17183,0.1848702211
17185,1.9591141397
17187,2.7539693691
17189,0.0
17191,0.1200588288
17193,0.1374003847
17195,0.0344673078
17197,1.0078456456
17199,0.7040776583
17201,1.2770476298
17203,0.4634337869
18000,1.6138828859
18001,0.2326663564
18003,2.1392929776
18005,4.0224490969
18007,0.5657068507
18009,0.7147395172
18011,0.8892841263
18013,-0.331950207
18015,0.3486489852
18017,2.7546436341
18019,0.8417546106
18021,-0.037296037
18023,0.9708148777
18025,0.0
18027,0.4370492929
18029,-0.180518087
18031,0.9625565502
18033,0.0
18035,1.4387386774
18037,0.9733515342
18039,0.3222176631
18041,0.1247479053
18043,0.1730587468
18045,0.0
18047,0.3906928286
18049,-0.193362821
18051,0.0298280413
18053,0.2307237516
18055,0.2121983752
18057,2.4078937037
18059,-0.042569797
18061,0.2557577463
18063,2.124255592
18065,0.081360345
18067,0.6399574972
18069,0.188816659
18071,2.1652328789
18073,0.179321269
18075,0.0937141251
18077,0.3090807937
18079,0.0
18081,1.4305298921
18083,0.2877810771
18085,0.5808100364
18087,0.6388840825
18089,0.3662692342
18091,0.1347581765
18093,0.5636428672
18095,0.6661587525
18097,3.342430351
18099,0.5965061781
18101,0.3873529269
18103,-0.027330618
18105,7.1774156334
18107,-0.052277331
18109,0.2889964598
18111,0.5688079918
18113,-0.211676051
18115,-0.495581069
18117,0.1511639625
18119,0.1400004667
18121,0.0
18123,-0.25777182
18125,0.2379630364
18127,0.772916522
18129,0.1559119877
18131,0.0762253221
18133,1.1919424689
18135,-0.192715359
18137,0.9108106215
18139,-0.174454104
18141,1.7030151621
18143,0.1259710267
18145,0.1807154071
18147,-0.047901897
18149,-0.086335283
18151,0.2931433764
18153,0.094292921
18155,0.0
18157,9.5947716101
18159,-0.063542494
18161,-0.134698276
18163,1.1009438242
18165,0.0625097672
18167,1.8076761677
18169,0.6466214032
18171,0.2372197841
18173,1.1613631085
18175,0.0356449055
18177,0.0
18179,0.6492920913
18181,0.0815361409
18183,0.2698933921
19000,1.312163758
19001,0.1332090049
19003,0.0
19005,1.1279123048
19007,0.0782625709
19009,0.1685061926
19011,0.1541188256
19013,1.3588297364
19015,-0.076300931
19017,0.3682713751
19019,0.1431810047
19021,2.397729497
19023,0.5344556903
19025,0.0
19027,0.0481765188
19029,0.0728199527
19031,0.2182572161
19033,0.5703205201
19035,-0.083420229
19037,0.0
19039,-0.21438525
19041,-0.181071946
19043,0.1668381392
19045,0.3067390571
19047,0.8691621277
19049,2.9310016839
19051,0.0
19053,1.0917030568
19055,0.056819796
19057,0.0996326048
19059,0.2959981056
19061,0.5480838147
19063,0.1996705436
19065,0.8622754491
19067,-0.372879249
19069,-0.282992171
19071,0.1378169791
19073,0.4321287744
19075,0.080272928
19077,0.0925026595
19079,0.5196829934
19081,0.1780389015
19083,0.3454828122
19085,0.0
19087,0.1491238971
19089,0.1047449461
19091,0.2050756216
19093,0.0
19095,-0.123065563
19097,0.0507369543
19099,0.0819716924
19101,13.673125036
19103,4.9928278802
19105,0.145123839
19107,0.0960384154
19109,0.1298153377
19111,0.2812543946
19113,1.1450061905
19115,2.110725122
19117,0.2265262204
19119,0.1705829673
19121,0.1274656639
19123,0.1336332658
19125,0.4207742246
19127,3.0227314279
19129,-0.133770316
19131,0.186697783
19133,0.1091167003
19135,0.3719085105
19137,0.0
19139,0.6530003032
19141,0.2114611969
19143,0.3194888179
19145,0.253164557
19147,0.6440186765
19149,0.2014179826
19151,0.0
19153,2.1168022024
19155,-0.05364404
19157,1.0631511801
19159,0.1984914649
19161,0.0
19163,0.6866163546
19165,0.6662225183
19167,1.2884711119
19169,6.4104314209
19171,0.0569557169
19173,0.1591849729
19175,0.4772889985
19177,0.0
19179,1.8613308516
19181,0.3848620911
19183,-0.091480846
19185,0.0
19187,0.7992753237
19189,-0.281716593
19191,-0.095029934
19193,1.5606634771
19195,0.1328285847
19197,0.307054579
20000,2.0773372825
20001,0.37515006
20003,-0.375492834
20005,-0.119306827
20007,0.2042900919
20009,-0.579531666
20011,1.0730333311
20013,0.2016332292
20015,0.5322910567
20017,0.0
20019,0.2789789371
20021,-0.235012103
20023,1.4925373134
20025,0.0
20027,-0.117419128
20029,1.911030895
20031,0.1179662616
20033,0.0
20035,0.992884329
20037,1.9610839446
20039,0.0
20041,0.3554201574
20043,0.6309148265
20045,5.3677721088
20047,1.0026737968
20049,0.0
20051,1.8667680714
20053,0.0
20055,2.9639609296
20057,3.2156669612
20059,0.1547957663
20061,13.989644384
20063,0.0
20065,0.7668711656
20067,-0.12716175
20069,0.0
20071,0.0
20073,0.0
20075,1.8910741301
20077,0.1695058903
20079,0.3455972352
20081,1.1834319527
20083,-0.514933059
20085,-0.223646936
20087,0.052905854
20089,0.0
20091,1.7386848387
20093,1.0089544709
20095,-0.636294222
20097,1.1831985802
20099,0.2820874471
20101,0.0
20103,3.1411785236
20105,0.6235385814
20107,0.0
20109,0.3597122302
20111,3.2737120919
20113,0.3768736617
20115,0.642028811
20117,0.1999100405
20119,0.0
20121,-0.183469406
20123,0.4767580453
20125,1.0396961777
20127,0.3415008964
20129,-0.951927653
20131,-0.19846192
20133,1.4604314358
20135,0.0
20137,-0.355808575
20139,0.2460251561
20141,0.7851347815
20143,0.0
20145,-0.28899646
20147,0.1807991322
20149,0.8115602245
20151,0.1030821565
20153,1.5945784333
20155,-0.202123855
20157,0.4116073266
20159,0.9956688405
20161,15.040981706
20163,0.1919201612
20165,0.3115750117
20167,-0.429276669
20169,0.4838406193
20171,-0.615889961
20173,2.0893193992
20175,3.2271250619
20177,0.737588811
20179,-0.400560785
20181,-0.657192147
20183,0.0
20185,0.0
20187,0.0
20189,1.4073357375
20191,0.2952216271
20193,0.3779765655
20195,0.3392705683
20197,0.2850627138
20199,0.0
20201,0.6928206461
20203,-0.89146423
20205,0.0
20207,0.0
20209,3.2137118372
21000,1.777946903
21001,-0.052741225
21003,-0.098990299
21005,0.0
21007,0.3624501631
21009,0.9184250188
21011,0.0851244946
21013,-0.175617295
21015,2.4314423022
21017,1.8952145832
21019,-0.121665602
21021,0.2767208578
21023,0.5892057506
21025,0.2919601474
21027,-0.049571209
21029,0.1191287716
21031,1.8856065368
21033,0.0
21035,3.2491117774
21037,1.2384443823
21039,0.5963621906
21041,2.0120724346
21043,0.0
21045,-0.438390481
21047,12.106015261
21049,-0.05624376
21051,0.0463940244
21053,1.370667711
21055,-0.108289566
21057,1.0200364299
21059,0.7487217883
21061,0.4111842105
21063,0.0
21065,0.0
21067,4.7692477326
21069,-0.344732488
21071,0.3042673496
21073,1.3364923152
21075,0.0
21077,0.2329509056
21079,0.1771270001
21081,-0.202897375
21083,1.2503491667
21085,-0.232810802
21087,0.6231084209
21089,-0.163205353
21091,-0.116076611
21093,4.8030784209
21095,0.2767687251
21097,1.7153118383
21099,0.436086127
21101,-0.086250579
21103,0.8466021947
21105,0.0
21107,0.3424254422
21109,-0.074931625
21111,3.3177791574
21113,1.911365508
21115,-0.042716788
21117,0.9868727307
21119,0.0
21121,-0.252477435
21123,-0.070854147
21125,0.6055865358
21127,0.3141492837
21129,-0.261643119
21131,-0.268132457
21133,0.165333664
21135,0.0
21137,-0.040712468
21139,0.4224533981
21141,-0.224010155
21143,0.1184763936
21145,-0.106562743
21147,-0.385314031
21149,0.4210969576
21151,0.4936269238
21153,0.076100605
21155,0.7014203763
21157,0.3198873996
21159,-0.078265634
21161,-0.228532252
21163,4.0069272301
21165,-0.313553343
21167,1.7841213202
21169,0.1994714008
21171,0.8269778554
21173,-0.223834661
21175,0.8073394495
21177,-0.063582896
21179,-0.045216644
21181,0.0
21183,0.3332916719
21185,0.9603099034
21187,-0.092648353
21189,-0.210814799
21191,-0.273841309
21193,-0.105276087
21195,-0.092671249
21197,-0.159432421
21199,0.314901121
21201,0.0
21203,0.1170788819
21205,0.1267052414
21207,2.5469055098
21209,1.5482592405
21211,3.0518819939
21213,-0.229588176
21215,0.0571689915
21217,1.0387534958
21219,1.2776491256
21221,-0.069871437
21223,-0.22652622
21225,0.0659108885
21227,4.7159497708
21229,1.1058653396
21231,0.0
21233,0.7410701052
21235,0.0279243808
21237,0.0
21239,1.8377579353
22000,0.9049106112
22001,0.3552340508
22003,-0.038939294
22005,0.1709455538
22007,0.1297100979
22009,0.5037964662
22011,1.270314679
22013,-0.210874073
22015,2.4003880079
22017,0.661196883
22019,0.4841118607
22021,0.0991817506
22023,-0.300661455
22025,0.4871869824
22027,0.2366303833
22029,-0.193503132
22031,0.0371733393
22033,1.234569297
22035,-0.131259434
22037,-0.050068845
22039,1.2723775706
22041,-0.145123839
22043,-0.178691088
22045,0.3806959939
22047,0.2099328215
22049,-0.367940148
22051,2.066717893
22053,-0.063454796
22055,0.924838098
22057,0.8545468585
22059,0.2684293527
22061,2.3808511543
22063,-0.214308129
22065,-0.082685629
22067,0.2187625333
22069,-0.152429343
22071,1.6755142213
22073,0.2710499313
22075,0.8859264259
22077,0.0439589423
22079,0.6362865107
22081,0.5508124484
22083,0.0956983588
22085,0.0
22087,0.2716082915
22089,0.6487930541
22091,0.0
22093,0.092127689
22095,0.6905385087
22097,-0.13180914
22099,0.3985802949
22101,0.8167129161
22103,0.4622722784
22105,0.2354412087
22107,0.0
22109,0.4387869779
22111,0.0883450759
22113,0.5820223565
22115,9.4181784002
22117,-0.255855356
22119,-0.146070698
22121,-0.082887811
22123,-0.086884747
22125,0.0645307005
22127,-0.198327439
23000,0.3584319806
23001,0.3908340119
23003,-0.098484049
23005,1.0805962349
23007,0.4886709778
23009,0.8807097052
23011,0.1068275105
23013,0.3027130659
23015,0.4384618757
23017,-0.121489812
23019,0.3191080604
23021,0.0577583966
23023,0.1708525542
23025,0.0
23027,0.7456450472
23029,0.153233221
23031,-0.256854489
24000,4.3559789948
24001,0.9291740451
24003,2.4891885574
24005,3.9691638761
24009,1.329259915
24011,1.4652909213
24013,0.4849050843
24015,0.7574267165
24017,1.4939906892
24019,0.4296125815
24021,3.0864132816
24023,0.4657506903
24025,1.3527291816
24027,5.0104003765
24029,0.2983145229
24031,9.1070118982
24033,6.355588518
24035,0.4340681487
24037,2.7545917566
24039,1.3384321224
24041,0.6584752347
24043,1.396849701
24045,4.0672289013
24047,0.4462207046
24510,3.2831847375
25000,5.7606668219
25001,1.6087635768
25003,2.06263826
25005,1.9047134388
25007,-0.178965579
25009,5.5830784474
25011,2.1899999303
25013,5.88773649
25015,4.3609411897
25017,7.6239155202
25019,5.3800254328
25021,4.6536684386
25023,2.6701975285
25025,12.090759311
25027,4.3724259081
26000,2.4184565913
26001,0.4691311691
26003,0.0
26005,0.6377379167
26007,0.1367381123
26009,0.0429507141
26011,0.1284686536
26013,0.455528983
26015,0.2034829498
26017,0.4291365027
26019,-0.172825993
26021,2.8771379176
26023,1.2312603318
26025,2.3569347989
26027,0.1730636105
26029,2.6389260718
26031,0.2711654303
26033,1.6691704223
26035,0.0970920918
26037,1.4862065564
26039,0.571632726
26041,0.0
26043,-0.153139357
26045,1.7877239865
26047,0.5797189888
26049,0.4903483497
26051,0.4667263039
26053,0.4353910745
26055,0.4280629027
26057,0.4518860296
26059,0.1292184438
26061,5.4130511656
26063,0.5519863843
26065,7.1905223547
26067,0.1878698688
26069,0.6268241562
26071,0.0
26073,3.4116406311
26075,0.4630498717
26077,2.3427364343
26079,0.7002392484
26081,2.6709161733
26083,0.4601932812
26085,0.0
26087,0.7828055069
26089,1.0278692737
26091,0.272210348
26093,0.3563342525
26095,0.6153372817
26097,1.3582035494
26099,3.5055611968
26101,0.5662399644
26103,0.5026574316
26105,0.6282393592
26107,1.472076548
26109,0.5882476523
26111,2.0414741592
26113,1.06994784
26115,0.4895798875
26117,0.3323784049
26119,0.0
26121,0.4938489351
26123,0.5613422316
26125,4.5085851523
26127,1.5541782756
26129,0.5601325647
26131,0.1533624722
26133,0.2564431337
26135,0.1163602513
26137,0.7060240463
26139,2.5548436042
26141,0.1524622656
26143,1.1544011544
26145,1.1277192382
26147,0.8069371768
26149,1.2780599705
26151,0.1882109374
26153,0.3565697985
26155,0.0574188779
26157,0.3087877357
26159,1.2034330904
26161,6.2730038629
26163,2.5478464446
26165,0.2148524424
27000,2.0940453349
27001,0.2484009191
27003,1.2436583886
27005,0.8820756152
27007,0.3991175068
27009,0.1033565024
27011,0.0
27013,1.1443328462
27015,0.1174858038
27017,0.1131269709
27019,0.5142489822
27021,0.2112936453
27023,1.8826225751
27025,0.2424807647
27027,0.7492819381
27029,0.0
27031,1.3475791703
27033,0.0
27035,0.6215783308
27037,1.3765154071
27039,0.8896137594
27041,0.3035613263
27043,0.0698397178
27045,0.5760230409
27047,0.5797568242
27049,0.1084140114
27051,0.0
27053,3.8809507522
27055,-0.106269926
27057,0.3905296558
27059,0.5763009339
27061,0.0443178922
27063,-0.195093401
27065,0.0
27067,2.4120603015
27069,0.0
27071,0.378816577
27073,0.2789205774
27075,0.5563024431
27077,1.005277708
27079,0.1442923363
27081,0.0
27083,2.1375410505
27085,0.3043887321
27087,0.0
27089,0.1056524036
27091,0.0
27093,0.648943304
27095,0.0776970592
27097,0.1808263765
27099,2.0317202321
27101,1.2786237359
27103,0.6061891916
27105,8.7183153816
27107,0.2983961209
27109,3.1564276345
27111,0.9083762774
27113,0.7094966122
27115,0.1360104728
27117,0.3170241995
27119,0.7930088341
27121,0.0
27123,5.5592259135
27125,0.4911591356
27127,0.3768252473
27129,0.586128297
27131,1.3963880097
27133,-0.104821803
27135,1.0312933063
27137,0.7186112837
27139,1.4719122531
27141,0.6490272983
27143,0.79351959
27145,2.0972794724
27147,0.4939694562
27149,0.7201275655
27151,0.6215040398
27153,0.2422138344
27155,0.0
27157,0.3707823508
27159,0.073370263
27161,0.2606814212
27163,1.1338055462
27165,0.538551297
27167,-0.455580866
27169,1.5190169234
27171,0.5365357151
27173,0.0
28000,0.6624685726
28001,2.011574289
28003,0.1610932864
28005,-0.076684176
28007,-0.311445627
28009,-0.57607005
28011,0.1474839243
28013,-0.201789198
28015,-0.095992321
28017,0.6285355123
28019,0.0
28021,0.1045314378
28023,0.0601974476
28025,0.0
28027,-0.077719704
28029,0.2400342906
28031,0.3596383066
28033,-0.090771284
28035,1.6819752697
28037,0.0
28039,1.1360905377
28041,-0.069793412
28043,0.046278085
28045,0.7554967947
28047,3.2864460102
28049,0.6852048158
28051,-0.052631579
28053,0.4318255425
28055,0.0
28057,-0.042947947
28059,2.0215874104
28061,-0.059833662
28063,0.0
28065,0.0
28067,-0.088011383
28069,-0.096721153
28071,0.2636275146
28073,-0.017313319
28075,1.2678130846
28077,-0.078628715
28079,-0.301392866
28081,0.1066154912
28083,0.3499952273
28085,0.0573748153
28087,2.3821706272
28089,1.3537420198
28091,-0.339635458
28093,-0.163695145
28095,-0.109566527
28097,0.0
28099,-0.067228021
28101,0.6058628886
28103,0.4454739843
28105,1.6358478454
28107,-0.087082729
28109,-0.018109381
28111,-0.331304096
28113,-0.09935173
28115,-0.299660385
28117,-0.276063337
28119,0.378334069
28121,0.4413549597
28123,2.0447014031
28125,0.0
28127,0.3647704682
28129,0.0
28131,0.3337783712
28133,-0.10539629
28135,-0.725474031
28137,-0.069847035
28139,0.2275364627
28141,-0.254757598
28143,0.2853338406
28145,1.0976145178
28147,0.0
28149,0.5593941968
28151,-0.099528236
28153,-0.194014648
28155,-0.098619329
28157,-0.1050365
28159,-0.105205018
28161,0.0
28163,0.5653011112
29000,1.076226447
29001,3.2338502299
29003,-0.115908432
29005,0.0
29007,0.0391765098
29009,1.0469722694
29011,0.0811820101
29013,0.1191149757
29015,0.0
29017,0.0
29019,3.1516367022
29021,2.1262621203
29023,-0.116311529
29025,0.0
29027,0.834244614
29029,0.5226025608
29031,1.4837471122
29033,0.3273143855
29035,-0.158667196
29037,0.2494599193
29039,0.0
29041,0.2595548634
29043,-0.214772562
29045,0.1429592566
29047,0.8170981092
29049,-0.290993744
29051,1.0590173365
29053,0.056994671
29055,0.0
29057,0.0
29059,-0.419400258
29061,0.1205254911
29063,-0.156311059
29065,0.3197033153
29067,-0.441079174
29069,-0.187937542
29071,0.0197095793
29073,-0.066715591
29075,0.2942907593
29077,0.6847191128
29079,0.6801729583
29081,-0.227156568
29083,-0.044966051
29085,0.1049428062
29087,0.0
29089,0.587803086
29091,0.2465452842
29093,0.4724111867
29095,0.9416321131
29097,0.9954426041
29099,0.1592911091
29101,4.9524767038
29103,0.0
29105,-0.168657765
29107,-0.060367335
29109,-0.130066074
29111,0.2949997542
29113,0.1693065954
29115,0.0
29117,0.3320383836
29119,1.0031183898
29121,0.1288286257
29123,1.2180762516
29125,0.5496619579
29127,0.1390530487
29129,0.0
29131,-0.162271805
29133,-0.631401712
29135,0.6374501992
29137,0.0
29139,0.413787396
29141,-0.049431537
29143,-0.053712905
29145,0.1535836177
29147,0.8126603935
29149,-0.636074512
29151,0.1441233696
29153,-0.51975052
29155,-0.386100386
29157,0.0
29159,0.6393634781
29161,3.116848667
29163,-0.053744659
29165,1.5953581634
29167,0.1284439021
29169,14.685498071
29171,-0.201592581
29173,0.0
29175,0.1185395922
29177,0.0
29179,0.0
29181,-0.142005112
29183,1.086167964
29185,-0.416233091
29186,1.9964507542
29187,0.0304430221
29189,1.4634139027
29195,1.3205537806
29197,-0.227894257
29199,-0.618556701
29201,0.3575624457
29203,0.0
29205,0.0
29207,0.0
29209,0.0937338895
29211,3.3285422498
29213,0.5305391604
29215,0.0386705079
29217,1.3804922169
29219,-0.3979064
29221,0.0
29223,-0.223605262
29225,-0.082309043
29227,0.0
29229,-0.215470804
29510,2.4140522262
30000,0.3258209614
30001,0.1077063924
30003,0.0
30005,4.0739343644
30007,-1.044841097
30009,1.0874938211
30011,0.0
30013,2.6448547779
30015,0.6811989101
30017,-0.424520292
30019,0.0
30021,-0.876376184
30023,-0.432549338
30025,0.0
30027,0.0
30029,-0.273422761
30031,0.4131669793
30033,0.0
30035,0.2202319777
30037,0.0
30039,0.3267439961
30041,0.7319304666
30043,0.2643987133
30045,0.0
30047,0.8622324924
30049,0.2635495473
30051,0.4191114837
30053,-0.204551266
30055,0.0
30057,-0.261318351
30059,0.5314908318
30061,-0.239578342
30063,0.1536466218
30065,-0.423773705
30067,-0.128617363
30069,0.0
30071,2.6483688456
30073,0.8101758082
30075,0.0
30077,0.0
30079,1.7528483786
30081,-0.024704778
30083,-0.860256165
30085,0.0
30087,-0.107123728
30089,0.2634467618
30091,0.0
30093,0.2032549834
30095,0.0
30097,0.0
30099,-0.165057357
30101,-0.192845434
30103,0.0
30105,-0.267379679
30107,0.0
30109,0.0
30111,-0.03317773
31000,1.7157668907
31001,-0.095924795
31003,0.3036975173
31005,0.0
31007,2.9873039582
31009,0.0
31011,0.0
31013,0.0886524823
31015,0.4832085045
31017,0.0
31019,2.4348672997
31021,0.1485442662
31023,0.1211533802
31025,0.1588467724
31027,0.0
31029,-0.500125031
31031,-0.348979236
31033,-0.199381916
31035,0.0
31037,2.7464722038
31039,1.538546074
31041,-0.183933416
31043,0.626128838
31045,0.9816753927
31047,1.9504907352
31049,0.0
31051,0.1682651859
31053,0.2176278564
31055,2.1650889829
31057,-1.011378003
31059,0.1733102253
31061,0.0
31063,0.3681207436
31065,0.0
31067,-0.045911574
31069,0.0
31071,0.0
31073,0.0
31075,0.0
31077,0.0
31079,3.679329693
31081,0.0
31083,0.2920987294
31085,0.0
31087,0.3490401396
31089,0.2881982804
31091,0.0
31093,0.1588183912
31095,0.2651640703
31097,0.0
31099,-0.306396017
31101,-0.364387222
31103,1.2376237624
31105,0.5256241787
31107,0.4664995043
31109,2.8010868354
31111,0.527755788
31113,0.0
31115,0.0
31117,0.0
31119,1.2555465194
31121,0.0
31123,0.0
31125,0.0
31127,-0.138985407
31129,0.2253013405
31131,2.2271714922
31133,0.0
31135,0.0
31137,0.3269398431
31139,0.1390723872
31141,1.0432487995
31143,0.3772873043
31145,-0.181052822
31147,-0.120300752
31149,0.0
31151,3.8967364832
31153,3.0892783153
31155,0.4803304674
31157,0.0
31159,0.2976013333
31161,0.1871432582
31163,0.0
31165,0.0
31167,0.6521561914
31169,0.0
31171,2.8591851322
31173,0.0
31175,0.0
31177,0.1003336093
31179,2.110817942
31181,-0.266987051
31183,0.0
31185,0.2172338885
32000,1.230774644
32001,4.0542200745
32003,1.6531899961
32005,-0.255642782
32007,-0.438199002
32009,-1.281229981
32011,-0.504032258
32013,-0.533966182
32015,0.51024747
32017,-0.187969925
32019,-0.547110086
32021,3.0156165859
32023,-0.342618289
32027,-0.299378789
32029,-0.258297817
32031,0.2889474092
32033,-0.397042037
32510,-0.935882849
33000,2.4511861517
33001,1.2254394608
33003,0.7129825739
33005,0.6500471284
33007,0.3721795766
33009,4.0135723589
33011,4.1629600628
33013,2.6124937069
33015,1.0128677955
33017,2.4427382775
33019,0.9915716411
34000,3.1230586623
34001,3.2699135184
34003,3.2730771356
34005,1.6098429126
34007,1.7223719913
34009,1.6915557124
34011,1.3313077073
34013,4.2658476239
34015,0.5936244049
34017,8.973930301
34019,0.6143570517
34021,3.7938287777
34023,4.9824354467
34025,0.6031382285
34027,2.2293752499
34029,0.2381757806
34031,4.0285174539
34033,-0.015233685
34035,2.6956074755
34037,0.298157522
34039,3.9689685391
34041,1.0569991423
35000,1.7515408161
35001,2.1772485709
35003,-0.272071827
35005,0.0608434422
35006,1.2384577558
35007,0.8189398451
35009,8.0298136646
35011,0.5054334091
35013,0.9495387954
35015,0.9401874844
35017,0.716686859
35019,-0.217013889
35021,0.0
35023,0.0
35025,1.4602092967
35027,-0.39408867
35028,4.7171104956
35029,-0.95948188
35031,0.4423035723
35033,-0.422609614
35035,8.934395146
35037,-0.11202599
35039,1.0939966931
35041,0.8834789438
35043,0.177971569
35045,0.146454077
35047,2.4981606009
35049,2.3584180142
35051,-0.25128785
35053,1.6453900709
35055,1.127206812
35057,3.0672964849
35059,0.0
35061,0.7284600225
36000,4.5857700313
36001,3.2638669286
36003,1.0720544274
36005,9.745691357
36007,2.230987614
36009,0.376972035
36011,0.7537783138
36013,1.3831103535
36015,0.6403199353
36017,0.179883076
36019,1.1869654067
36021,0.6401177817
36023,0.1829212524
36025,0.4008481102
36027,1.9221851078
36029,2.8156014761
36031,1.4076216313
36033,0.793527909
36035,0.3092117828
36037,0.7695396146
36039,1.0878042773
36041,0.0
36043,0.4198642439
36045,9.4963170257
36047,6.7242522264
36049,1.4385039559
36051,1.079871958
36053,0.2752906036
36055,2.882012188
36057,1.8648486064
36059,2.4281865497
36061,7.5880111528
36063,0.7109136867
36065,2.6026586436
36067,3.036450242
36069,0.9852216749
36071,1.4362205735
36073,0.6114841426
36075,0.4189961346
36077,0.436476503
36079,1.0729398552
36081,8.7218599096
36083,1.8995316996
36085,1.951924047
36087,3.5090603305
36089,1.593717725
36091,1.8575544304
36093,2.065315606
36095,0.7423790154
36097,0.7043970632
36099,0.4521817771
36101,0.4139887819
36103,2.2237250298
36105,2.0391729011
36107,-0.197720285
36109,8.262159797
36111,1.5330259955
36113,0.2592392092
36115,0.1268894634
36117,0.5797568242
36119,3.6161551523
36121,0.2633185316
36123,0.3543934949
37000,2.2188823165
37001,0.3922119775
37003,0.1081841294
37005,0.0910788287
37007,0.1514549138
37009,0.6306807642
37011,0.3391650886
37013,-0.147204172
37015,0.241826272
37017,0.3156973324
37019,0.1350147166
37021,0.1980087743
37023,0.9195860755
37025,0.62377741
37027,0.1701796611
37029,1.1983821841
37031,2.1303666006
37033,0.3441008215
37035,1.0027429873
37037,0.2487639541
37039,0.03689084
37041,1.4236322961
37043,-0.093720712
37045,0.4826477852
37047,0.190907592
37049,6.490601951
37051,8.9509574739
37053,-0.125179946
37055,0.2626241994
37057,0.3865469394
37059,0.338917401
37061,1.6348544221
37063,4.6779275493
37065,0.0895054822
37067,1.2666368965
37069,0.3923139165
37071,0.6220029943
37073,0.2506998705
37075,0.0
37077,0.1390578828
37079,-0.093665847
37081,2.7544860854
37083,0.2596294717
37085,3.4385331135
37087,-0.426017756
37089,-0.139445379
37091,1.1354880571
37093,5.1825394443
37095,1.3928789066
37097,1.4148597343
37099,1.6073989812
37101,0.2479608107
37103,1.192191148
37105,0.8830696861
37107,0.2193630036
37109,-0.050946977
37111,0.2220939013
37113,0.3249966762
37115,-0.095861193
37117,-0.083279549
37119,4.0776896162
37121,0.3910578114
37123,-0.253494604
37125,1.0922079876
37127,0.157128117
37129,1.0843086087
37131,0.1851808986
37133,15.982069417
37135,4.84151378
37137,0.6092220995
37139,2.7280392838
37141,0.1309769948
37143,0.1476832195
37145,-0.177902027
37147,1.1053870164
37149,-0.246688211
37151,0.1830161054
37153,0.1075153209
37155,0.3547081971
37157,0.2043285388
37159,0.1089656976
37161,0.2971083926
37163,1.1318797063
37165,0.5527304886
37167,0.2810103147
37169,0.0213053807
37171,-0.068124068
37173,0.0
37175,-0.213278084
37177,0.0
37179,0.3293321096
37181,-0.442570894
37183,3.7110939912
37185,0.6704659739
37187,0.7040600798
37189,0.2121749865
37191,3.5559560252
37193,0.0580324111
37195,0.8858758174
37197,-0.261485762
37199,0.0566347624
38000,1.6330051695
38001,1.2919896641
38003,0.4521000045
38005,0.1485994502
38007,6.8065796937
38009,0.7630675315
38011,0.0
38013,-0.471253534
38015,-0.070987855
38017,2.9866405765
38019,0.0
38021,0.0
38023,2.2773855614
38025,1.8224420724
38027,0.4258943782
38029,0.2866972477
38031,0.5949724825
38033,0.0
38035,3.0841205042
38037,1.2741558717
38039,0.0
38041,0.0
38043,0.0
38045,0.0
38047,0.5111167902
38049,0.3539509778
38051,1.0893246187
38053,-0.266862366
38055,0.6498429546
38057,0.4733727811
38059,-0.179198624
38061,-0.118750742
38063,0.0
38065,0.0
38067,1.235076163
38069,0.0
38071,0.8655385814
38073,0.1834525775
38075,0.0
38077,-0.246237188
38079,0.0
38081,0.0
38083,0.0
38085,0.233535731
38087,0.0
38089,0.9215351239
38091,0.0
38093,0.0
38095,0.0
38097,0.2478621886
38099,0.997777677
38101,5.9501673485
38103,0.948654097
38105,-0.821258873
39000,1.5072583357
39001,0.0704820975
39003,0.3219209211
39005,1.6715027561
39007,0.4569453205
39009,4.1792287704
39011,0.7212247708
39013,-0.18593874
39015,-0.157462603
39017,1.6687526074
39019,0.0
39021,0.5289872413
39023,0.2909281335
39025,0.4870138021
39027,0.2627430373
39029,0.0840968235
39031,0.1898202131
39033,0.0929303255
39035,2.2969228094
39037,0.0570515746
39039,0.8736766369
39041,1.601503634
39043,0.574731411
39045,1.0323457
39047,0.2776139085
39049,4.4263386901
39051,0.0944588101
39053,0.7429300515
39055,0.3314391408
39057,3.4400627019
39059,0.1002682175
39061,2.1284200848
39063,1.2236401966
39065,0.5990100571
39067,0.0635445129
39069,0.1791280049
39071,0.0926547914
39073,0.1701548409
39075,-0.046554393
39077,0.3709323891
39079,-0.060612489
39081,-0.247141518
39083,0.0491613886
39085,0.8312443423
39087,-0.578030042
39089,0.7886411772
39091,0.2636406578
39093,1.5672994403
39095,0.890297131
39097,1.2078276523
39099,0.9301047425
39101,-0.10536139
39103,0.4551648244
39105,-0.084709869
39107,0.2702038811
39109,0.6320866639
39111,0.0686931135
39113,1.8505143644
39115,0.0
39117,0.1435873873
39119,0.4766416527
39121,0.407761052
39123,0.1695695356
39125,0.2589533107
39127,0.0276946937
39129,0.2317600392
39131,0.2110817942
39133,2.1283309307
39135,0.5489391155
39137,0.4665267087
39139,0.1464742429
39141,0.2452847239
39143,0.198222604
39145,0.3287165515
39147,0.763575665
39149,1.097360239
39151,0.4003191878
39153,1.5877255323
39155,-0.004807403
39157,0.5949290412
39159,0.9632546675
39161,0.174638934
39163,-0.075185143
39165,1.7847895243
39167,-0.032506054
39169,0.9491549038
39171,-0.159776313
39173,1.275684898
39175,-0.265557228
40000,1.7083831053
40001,0.1772460397
40003,-0.176740898
40005,0.2836980035
40007,0.3563791875
40009,-0.484816431
40011,1.6417833872
40013,0.6468529449
40015,0.4719366257
40017,0.4382030368
40019,0.2289520241
40021,0.250807286
40023,0.1969925799
40025,0.0
40027,2.3853968278
40029,0.0
40031,6.808887974
40033,0.6482982172
40035,0.2016942315
40037,0.4667246537
40039,1.3123825063
40041,0.2638838911
40043,0.2082899396
40045,0.4926108374
40047,4.2238994123
40049,0.9851677522
40051,0.9264774006
40053,0.0
40055,-0.327895729
40057,1.7099863201
40059,7.2737068966
40061,0.5473239767
40063,0.3647904279
40065,4.4826014284
40067,0.3126709919
40069,0.2722446572
40071,0.0437010412
40073,0.0662646611
40075,0.7452754858
40077,0.0901266279
40079,1.0907612522
40081,0.0
40083,-0.233598468
40085,0.6329447756
40087,0.5369051656
40089,0.0600114022
40091,0.0494266509
40093,1.3038659626
40095,0.8132878726
40097,-0.024249773
40099,0.0
40101,0.4246524927
40103,0.0
40105,0.0941885655
40107,0.1621533971
40109,3.1827194343
40111,0.0504197444
40113,0.272983075
40115,0.4996096799
40117,0.2411236361
40119,4.44690787
40121,-0.065745499
40123,0.8178448469
40125,0.3414644557
40127,0.7058408329
40129,-0.265674814
40131,0.2390941746
40133,0.078695233
40135,0.2841211777
40137,0.5556481636
40139,3.3137309811
40141,0.2526847757
40143,1.8000873908
40145,0.2952643623
40147,1.5924030722
40149,0.0
40151,0.4534633262
40153,0.5885093548
41000,1.0775910602
41001,0.4991576714
41003,4.822370247
41005,0.2910841705
41007,1.152150905
41009,0.0202798621
41011,0.7492965381
41013,-0.145472178
41015,-0.983350095
41017,-0.392500132
41019,-0.093392046
41021,0.5124263387
41023,0.0
41025,0.5477576173
41027,-1.466992665
41029,-0.472480449
41031,0.2294314688
41033,-0.398895181
41035,-0.015126648
41037,0.0
41039,1.4384248402
41041,0.086923453
41043,-0.22839065
41045,-1.004618002
41047,0.3260627608
41049,-0.08908686
41051,2.5709630846
41053,0.3417904562
41055,-0.572246066
41057,0.2367097347
41059,-0.871210397
41061,0.154705962
41063,0.145137881
41065,-0.59304946
41067,2.5002501168
41069,0.0
41071,-0.040083373
42000,1.990911825
42001,0.2663667574
42003,2.0795312963
42005,0.0438631761
42007,0.1175205514
42009,0.0
42011,2.3810503239
42013,0.1656713239
42015,0.2854673338
42017,0.9574165417
42019,0.3192502489
42021,0.2604579132
42023,0.4005206769
42025,-0.076990592
42027,5.6932771082
42029,1.6819358309
42031,0.5796444008
42033,0.6878170407
42035,0.1514291122
42037,0.3877096055
42039,0.0682217434
42041,2.3470088233
42043,3.1339591361
42045,2.4481355956
42047,0.031537285
42049,2.9492288477
42051,0.0
42053,0.3930302633
42055,1.0647584784
42057,0.2037974254
42059,-0.183272461
42061,0.4350474202
42063,0.6559527714
42065,0.0891593389
42067,0.8514779224
42069,2.3475219176
42071,2.0764439707
42073,0.2217233447
42075,3.8507964484
42077,4.3999181017
42079,1.5821774562
42081,0.2906355516
42083,0.2086158339
42085,0.1898294555
42087,0.4278029112
42089,1.1816175754
42091,2.2627672553
42093,2.8260869565
42095,1.6541433948
42097,0.4660967574
42099,0.1090132124
42101,4.9083365402
42103,0.5646427752
42105,0.0571134845
42107,0.4072448865
42109,0.6276360715
42111,0.2851846571
42113,0.78015291
42115,0.0464284885
42117,0.0708441075
42119,0.66465056
42121,0.0
42123,0.2416422004
42125,0.4131090055
42127,-0.133328254
42129,0.187012787
42131,0.4233550891
42133,1.1691129956
44000,4.1512709473
44001,1.9898275144
44003,0.7032327488
44005,4.4466343785
44007,5.8383877165
44009,0.8859918362
45000,1.2433238176
45001,0.7185628743
45003,0.3821075078
45005,-0.197843506
45007,0.7215236883
45009,-0.634759426
45011,-0.13387777
45013,5.1290251533
45015,3.5941839569
45017,-0.066744535
45019,1.0083619244
45021,-0.304858913
45023,-0.243954502
45025,0.3024836065
45027,-0.202792746
45029,-0.261253494
45031,0.0587268029
45033,2.2756005057
45035,1.9380598889
45037,-0.33676333
45039,1.0217766141
45041,0.2684885185
45043,0.4318757527
45045,1.5978758414
45047,1.0729153255
45049,-0.192617918
45051,0.6286472768
45053,1.0974367014
45055,0.385780764
45057,0.2163331531
45059,0.1356852103
45061,-0.213225299
45063,1.1526646511
45065,-0.40132437
45067,0.2454439467
45069,0.1759200619
45071,0.4797888929
45073,0.2419306062
45075,0.1856320772
45077,1.6450596021
45079,3.4489723392
45081,-0.151251607
45083,0.2646801723
45085,2.1570559905
45087,-0.175821084
45089,0.4137727206
45091,0.2671647997
46000,2.5405139562
46003,1.0952902519
46005,8.4028905944
46007,0.0
46009,0.5696382797
46011,4.9300548469
46013,4.6715171692
46015,0.0
46017,0.0
46019,-0.097442144
46021,2.1216407355
46023,0.2175568367
46025,5.0069541029
46027,3.2802082219
46029,1.1987358785
46031,0.7402837754
46033,-0.120040814
46035,3.7305908449
46037,0.5294740558
46039,2.2878059941
46041,0.0
46043,0.0
46045,0.0
46047,0.0
46049,-0.42462845
46051,10.167423575
46053,0.0
46055,0.0
46057,3.8616521155
46059,0.5871990605
46061,0.0
46063,4.652966266
46065,-0.748309109
46067,0.8274720728
46069,0.7072135785
46071,2.2123893805
46073,1.4534883721
46075,0.0
46077,0.5769230769
46079,3.6895619718
46081,0.4924996409
46083,0.1890776164
46085,0.0
46087,2.5207057976
46089,0.0
46091,7.0853462158
46093,4.9861711659
46095,0.9701673539
46097,0.0
46099,4.7311231652
46101,6.1581094604
46102,-0.0715999
46103,1.5486168915
46105,0.3305785124
46107,0.0
46109,1.1642008246
46111,0.4279905842
46115,5.7125676488
46117,0.0
46119,2.8551034975
46121,0.0
46123,-0.358744395
46125,0.2401392808
46127,-0.679301678
46129,1.4538845979
46135,-0.044361636
46137,0.0
47000,1.211372524
47001,0.358961405
47003,1.3259521994
47005,0.0
47007,-0.154332896
47009,0.355285682
47011,0.7767106305
47013,-0.295493721
47015,0.5088503616
47017,0.1048694376
47019,0.2614789248
47021,-0.025569889
47023,-0.175305323
47025,0.2191986723
47027,0.1295085152
47029,-0.084552296
47031,0.0942800305
47033,0.2742543709
47035,0.405225649
47037,3.6537297454
47039,0.8577800652
47041,1.2226563538
47043,0.05988263
47045,0.340733363
47047,0.1294397846
47049,-0.22276056
47051,0.3678950273
47053,0.1607006549
47055,0.6179939231
47057,0.0880242947
47059,0.1594977272
47061,0.0
47063,1.0981752783
47065,1.0337994167
47067,-0.149644594
47069,-0.037396459
47071,0.0
47073,-0.265062157
47075,-0.21726142
47077,-0.213823702
47079,0.1234244103
47081,-0.123568663
47083,0.2385069465
47085,0.1635322976
47087,-0.086381894
47089,0.3454629203
47091,-0.054972239
47093,1.0734223142
47095,0.0
47097,0.7581911725
47099,0.3083637744
47101,-0.332115576
47103,0.119821466
47105,-0.100998879
47107,1.0307704054
47109,-0.191501178
47111,2.225040607
47113,0.3764198404
47115,0.0
47117,0.3558776428
47119,0.7702558961
47121,-0.256904303
47123,0.4222316051
47125,8.2427771904
47127,0.0
47129,-0.1367054
47131,-0.254028737
47133,0.0
47135,-0.127250748
47137,-0.196618168
47139,-0.23955682
47141,2.6331227745
47143,0.1551614455
47145,0.2416289509
47147,0.0598923435
47149,1.4460304991
47151,-0.090334237
47153,-0.279485746
47155,1.688876298
47157,1.2027640072
47159,-0.052098257
47161,1.9598974823
47163,-0.15964342
47165,0.3215560888
47167,0.5210495893
47169,-0.256262413
47171,0.3282724661
47173,-0.104449551
47175,0.0
47177,0.2259858633
47179,0.5225920566
47181,-0.117740559
47183,0.2016971373
47185,0.0768034408
47187,1.7657291361
47189,0.6357467693
48000,3.2847020816
48001,0.0858715533
48003,0.3175510463
48005,-0.137295059
48007,0.3856454205
48009,0.3398278206
48011,2.5713551041
48013,-0.217528442
48015,1.4344190603
48017,6.1478273019
48019,0.340367597
48021,0.3070679021
48023,-0.274536719
48025,0.4938424025
48027,7.2725910713
48029,3.3785737927
48031,1.5106453288
48033,0.0
48035,0.0549677065
48037,0.5165789559
48039,1.3491438066
48041,6.572628297
48043,-0.107480653
48045,0.6182380216
48047,5.2733832917
48049,0.527648797
48051,1.7260723224
48053,0.6467035442
48055,0.0777685608
48057,1.6769925933
48059,0.3703840883
48061,1.4956373224
48063,5.1387048858
48065,0.6489819096
48067,0.4974134501
48069,6.2362435803
48071,0.6647554946
48073,0.136762824
48075,-0.283145749
48077,0.6606578264
48079,2.2913256956
48081,0.0
48083,0.8041355543
48085,4.1644161503
48087,1.636929121
48089,2.0226342403
48091,0.7401337527
48093,-0.072490033
48095,11.694481666
48097,0.6220839813
48099,9.8269958667
48101,0.0
48103,0.9005966453
48105,2.7184993883
48107,0.4966887417
48109,0.8494372478
48111,4.3020004302
48113,4.4163714916
48115,1.1696761459
48117,1.4911942409
48119,0.0
48121,2.9606094005
48123,0.0493060178
48125,1.2703789964
48127,2.1379980564
48129,0.5456281544
48131,0.0
48133,1.2958613428
48135,0.915051542
48137,1.5117157974
48139,0.8101609868
48141,4.5926476481
48143,0.6638834629
48145,0.5646846236
48147,0.3853050579
48149,0.0809552722
48151,0.2569043031
48153,1.8873859704
48155,0.7487832273
48157,5.6723276204
48159,-0.094344073
48161,0.0511692166
48163,5.1379047512
48165,1.7672235262
48167,1.6726612073
48169,4.6232085067
48171,2.1906241287
48173,7.9428117554
48175,-0.275122085
48177,-0.251984377
48179,0.8336807003
48181,1.2331267161
48183,1.6765346192
48185,0.2249971875
48187,1.1617353422
48189,0.6057352111
48191,-0.303951368
48193,0.2404135112
48195,3.239157819
48197,0.242248062
48199,-0.054450414
48201,5.7517403871
48203,0.8597674103
48205,1.8150317631
48207,5.5724417427
48209,0.8258260521
48211,3.2302149335
48213,0.0253438848
48215,2.5189372329
48217,0.5685290732
48219,0.9564177807
48221,1.6201828492
48223,-0.481784302
48225,0.6431281754
48227,1.9011137121
48229,4.7274338898
48231,1.0249559499
48233,0.9081414884
48235,0.0
48237,0.1109754744
48239,0.494367739
48241,1.1934830276
48243,0.4368719965
48245,2.0431638154
48247,0.0
48249,0.5067873303
48251,0.1309290397
48253,0.548081714
48255,0.4024414783
48257,0.5100306018
48259,1.8293031498
48261,15.81920904
48263,0.0
48265,0.1207729469
48267,-0.219322294
48269,0.0
48271,5.2442727022
48273,4.0545176683
48275,0.5367686527
48277,0.0200970688
48279,-0.214884321
48281,2.4013207264
48283,2.5425524401
48285,-0.102989263
48287,-0.483953903
48289,0.0595770033
48291,0.5644526122
48293,1.9882818284
48295,1.769650494
48297,0.7771349624
48299,0.9911578288
48301,0.0
48303,1.2259185168
48305,-0.171203561
48307,-0.242497727
48309,0.972297892
48311,1.4015416959
48313,1.8909778537
48315,-0.287783587
48317,1.8248175182
48319,3.4614909136
48321,0.2458176852
48323,2.3778428282
48325,0.042871076
48327,1.3580805794
48329,1.3423472298
48331,0.7799511504
48333,0.4117344313
48335,-0.213618158
48337,0.6626567438
48339,2.7490114856
48341,8.9438202247
48343,0.6281160444
48345,0.0
48347,1.8400103406
48349,0.1454741939
48351,0.5517812187
48353,0.3990024938
48355,2.0920078356
48357,1.329787234
48359,0.0
48361,-0.072626916
48363,0.3218366143
48365,0.6665555741
48367,0.1597968057
48369,4.5943304008
48371,0.7048796899
48373,1.5369414864
48375,4.7175201188
48377,3.7728485006
48379,1.1849421201
48381,1.3848686991
48383,0.5822416303
48385,0.294854784
48387,-0.236173981
48389,4.1603497514
48391,1.372024422
48393,0.0
48395,0.4228074414
48397,0.806082257
48399,0.9599232061
48401,0.2046606819
48403,-0.282339655
48405,0.0
48407,-0.670116526
48409,0.5396321251
48411,0.6646174296
48413,-0.913381032
48415,0.2941782132
48417,0.8961911875
48419,1.3514818033
48421,1.6520733521
48423,1.0851897328
48425,0.3533568905
48427,2.9446979258
48429,0.4177545692
48431,3.388394748
48433,0.6861063465
48435,0.50613691
48437,0.5112147741
48439,2.9575717671
48441,3.70124786
48443,2.1378941742
48445,1.3442454434
48447,1.2319063751
48449,1.383253412
48451,2.2483093247
48453,4.564079876
48455,-0.137655723
48457,0.1852795405
48459,1.1299576894
48461,0.9164502826
48463,1.5374807815
48465,3.4916486299
48467,0.4393757044
48469,0.7584633758
48471,1.5618385906
48473,0.1809217966
48475,0.093049223
48477,2.3860021209
48479,3.6822643409
48481,0.1698555015
48483,0.7249660172
48485,5.6075335995
48487,0.9722897423
48489,0.9014084507
48491,1.9848938661
48493,0.0681663258
48495,0.8255365988
48497,0.2824131372
48499,-0.023675644
48501,3.8687133408
48503,-0.054595583
48505,0.9121846823
48507,2.7627778475
49000,1.725902601
49001,-0.153151084
49003,0.3584229391
49005,2.8784962458
49007,0.2821736779
49009,0.8861320337
49011,1.8286719191
49013,0.3713527851
49015,-0.091224229
49017,1.3709361535
49019,0.3216123499
49021,0.2358794013
49023,-0.097049689
49025,-0.414708322
49027,0.7987858455
49029,2.0554984584
49031,0.0
49033,0.8789277082
49035,2.7543538776
49037,0.5355469273
49039,0.6075334143
49041,-0.19264111
49043,0.6907086405
49045,0.8236539981
49047,0.4124804808
49049,1.3154292943
49051,1.1255828911
49053,-0.350400157
49055,0.3671745915
49057,0.8721585712
50000,0.3383503346
50001,0.8664103536
50003,-0.272394209
50005,-0.160937299
50007,1.1240709049
50009,0.0
50011,0.1864415558
50013,0.1434102969
50015,0.2416821075
50017,0.0345220423
50019,0.2575423105
50021,0.0163883381
50023,0.0840350258
50025,0.0226667422
50027,-0.248337029
51000,4.506136624
51001,2.3461116208
51003,3.2527258934
51005,0.0621175886
51007,0.2353218026
51009,0.0
51011,0.0
51013,10.32817915
51015,0.2716726887
51017,1.290738948
51019,0.2643684238
51021,0.0
51023,-0.030244375
51025,0.1756491701
51027,0.8395248289
51029,0.5834135527
51031,0.5838403926
51033,0.2082574062
51035,-0.099986668
51036,-0.139557602
51037,0.0
51041,2.288155458
51043,0.2110075611
51045,0.0
51047,0.4412274528
51049,-0.201755271
51051,0.1270405895
51053,0.7099499485
51057,0.4483500717
51059,9.5690595611
51061,0.3620100609
51063,0.1297395479
51065,0.0385809911
51067,-0.106546388
51069,0.3505674811
51071,0.9364117871
51073,0.8951944335
51075,0.4220695477
51077,-0.131108853
51079,0.9607686149
51081,0.5895729807
51083,-0.055758454
51085,0.3895189441
51087,5.4535260225
51089,0.4500112503
51091,0.0
51093,1.1891448067
51095,2.1785543114
51097,0.0
51099,1.6776120624
51101,-0.062517583
51103,0.9821428571
51105,-0.078474457
51107,7.485990117
51109,-0.179214146
51111,0.704528553
51113,0.0
51115,1.1201344161
51117,0.8405192541
51119,0.1842978253
51121,7.4794237062
51125,0.6706458319
51127,1.2660564978
51131,1.3809910642
51133,2.1710288264
51135,-0.315955766
51137,1.5526813048
51139,0.0418427549
51141,0.5999781826
51143,0.0475597866
51145,0.2841564992
51147,0.8353484282
51149,9.2092254771
51153,5.6108682589
51155,0.0287885767
51157,-0.403090359
51159,0.0
51161,2.2958400026
51163,0.4908194454
51165,1.155859167
51167,0.2101208195
51169,-0.086943291
51171,0.6368224916
51173,0.2502228547
51175,0.107686095
51177,1.8453132239
51179,3.6600795277
51181,-0.145348837
51183,0.4997917534
51185,-0.089893701
51187,-0.158870957
51191,0.0
51193,-0.113804484
51195,-0.121413742
51197,0.0683410217
51199,5.1216973031
51510,15.958286165
51520,-0.22593126
51530,0.4458314757
51540,9.8029227652
51550,2.4214249799
51570,3.2884299189
51580,-0.340251786
51590,0.9841827768
51595,-0.171614896
51600,10.054239979
51610,7.6902163359
51620,1.2996987062
51630,3.6651489675
51640,-0.730033582
51650,3.433100199
51660,6.7952630695
51670,1.2943250541
51678,1.2866333095
51680,2.794875628
51683,6.9534546829
51685,5.9086134454
51690,1.1075014767
51700,5.2480465604
51710,7.7010395995
51720,1.4614541469
51730,3.8697395728
51735,1.4903129657
51740,3.1525063987
51750,3.8773562396
51760,3.0921533612
51770,5.9037029051
51775,2.7885668758
51790,1.7561465128
51800,1.9294004153
51810,5.5225900068
51820,0.8062794944
51830,11.314824515
51840,2.5713646866
53000,3.1325405676
53001,-0.951852146
53003,-1.139471285
53005,1.0584081431
53007,0.0818073981
53009,0.529513405
53011,0.2210341636
53013,0.2505637685
53015,0.2843527543
53017,-0.308249528
53019,0.5228074761
53021,0.8533383902
53023,0.0
53025,-0.714701969
53027,0.3191363892
53029,4.7854158754
53031,0.0335272325
53033,6.6934360617
53035,2.1311900849
53037,1.6831373681
53039,0.1935780482
53041,0.3176641099
53043,0.1908852303
53045,1.3985898923
53047,0.6786480362
53049,0.5305551536
53051,-0.154101013
53053,3.013877885
53055,0.6941595936
53057,0.323002907
53059,0.4473472309
53061,2.9790292023
53063,1.6039912191
53065,0.5061194442
53067,3.0684795296
53069,1.2512512513
53071,0.1010330631
53073,1.3419761824
53075,8.2670767486
53077,-0.934858643
54000,0.4750653956
54001,-0.239027159
54003,0.2726742765
54005,-0.123026451
54007,0.137997654
54009,-0.084226485
54011,1.2605845186
54013,-0.393933425
54015,-0.215726459
54017,0.0
54019,0.0653722952
54021,-0.914337962
54023,0.1688832594
54025,0.6144479046
54027,-0.337161521
54029,0.4255458444
54031,2.4450756895
54033,0.1011560694
54035,0.3412736332
54037,1.9604789432
54039,0.6347042772
54041,-0.060805059
54043,0.0463241766
54045,-0.109924839
54047,0.1858390634
54049,0.0528858019
54051,0.1216508014
54053,-0.366750408
54055,0.0640107538
54057,0.0
54059,0.0378838104
54061,3.4311494351
54063,0.0
54065,-0.630535095
54067,-0.076222417
54069,0.0680318389
54071,2.6654228027
54073,-0.132380196
54075,0.2282062985
54077,-0.14802096
54079,0.4623249611
54081,0.8701464116
54083,0.2719839529
54085,-0.097262073
54087,0.0
54089,-0.144440833
54091,-0.05898487
54093,0.0
54095,0.0
54097,-0.492701854
54099,0.0713614577
54101,0.5523031039
54103,0.061137774
54105,-0.173475583
54107,-0.080689782
54109,0.0
55000,0.9963897501
55001,0.1456805711
55003,0.5020867983
55005,0.545452562
55007,0.2656395272
55009,1.2123307954
55011,0.2986969346
55013,0.2597065316
55015,0.4230672375
55017,0.0634915596
55019,0.4339775489
55021,0.1766909322
55023,0.0602464078
55025,2.7029435055
55027,0.4305046534
55029,0.108495172
55031,0.5016588948
55033,0.7305435701
55035,0.8267879289
55037,-0.228623685
55039,1.1198538296
55041,0.2173558659
55043,0.4115669923
55045,1.3312323408
55047,-0.210233096
55049,0.2120486015
55051,0.0
55053,0.1462772441
55055,0.5469516364
55057,0.224420714
55059,0.3113297071
55061,0.1461169423
55063,0.3883109767
55065,-0.178237234
55067,0.2537427049
55069,0.0350834108
55071,0.7418214189
55073,0.4093678244
55075,0.0724944119
55077,0.1306847883
55078,2.51860332
55079,2.0682935634
55081,0.9105647722
55083,0.4000426712
55085,0.3918166298
55087,0.9749838203
55089,0.7015163103
55091,0.6769105801
55093,0.0
55095,0.228641981
55097,0.9536484169
55099,1.2217470984
55101,0.4467242787
55103,0.5024424285
55105,0.0250053136
55107,1.3139695712
55109,0.0471125873
55111,0.8025360138
55113,0.0605033882
55115,0.3125751383
55117,0.7479073812
55119,0.3412220624
55121,0.9608785175
55123,0.2671564535
55125,0.6084860399
55127,0.0
55129,0.1262267664
55131,0.5809808012
55133,0.9366462195
55135,0.4030439414
55137,0.2041232905
55139,0.583302085
55141,0.147673802
56000,0.7957299905
56001,4.5276916858
56003,-0.085178876
56005,-0.042367944
56007,-0.0634035
56009,0.4321832457
56011,0.8416918005
56013,-0.196237153
56015,0.2939987505
56017,-1.03799045
56019,1.0412448661
56021,2.1252396234
56023,-0.055621993
56025,0.4775302651
56027,0.0
56029,1.7465113436
56031,-0.344313095
56033,1.0208421948
56035,0.0
56037,-0.741673035
56039,0.6041172917
56041,-0.763868996
56043,-0.118638035
56045,0.5626274703
72000,
72001,
72003,
72005,
72007,
72009,
72011,
72013,
72015,
72017,
72019,
72021,
72023,
72025,
72027,
72029,
72031,
72033,
72035,
72037,
72039,
72041,
72043,
72045,
72047,
72049,
72051,
72053,
72054,
72055,
72057,
72059,
72061,
72063,
72065,
72067,
72069,
72071,
72073,
72075,
72077,
72079,
72081,
72083,
72085,
72087,
72089,
72091,
72093,
72095,
72097,
72099,
72101,
72103,
72105,
72107,
72109,
72111,
72113,
72115,
72117,
72119,
72121,
72123,
72125,
72127,
72129,
72131,
72133,
72135,
72137,
72139,
72141,
72143,
72145,
72147,
72149,
72151,
72153,
