FIPStxt,year,rate_natural_increase_population
0,2016,
1000,2016,1.5807124672
1001,2016,2.1615337808
1003,2016,1.3543138306
1005,2016,-0.15358329
1007,2016,1.5503189227
1009,2016,0.869414015
1011,2016,1.2506614075
1013,2016,-1.145019167
1015,2016,-0.807144531
1017,2016,-1.564783514
1019,2016,-3.922330097
1021,2016,1.2333554119
1023,2016,-2.816258182
1025,2016,-0.285492883
1027,2016,-3.133393017
1029,2016,-3.091190108
1031,2016,2.8581216659
1033,2016,-1.322144077
1035,2016,-2.30359838
1037,2016,-6.252011217
1039,2016,-1.281059009
1041,2016,-0.576244328
1043,2016,0.4141013696
1045,2016,3.6059031471
1047,2016,-1.555248346
1049,2016,0.8158040945
1051,2016,1.4190873417
1053,2016,-1.810051107
1055,2016,-1.875124482
1057,2016,-3.247241348
1059,2016,1.0455279916
1061,2016,-3.275294118
1063,2016,-1.294879341
1065,2016,0.4021043461
1067,2016,-3.101864045
1069,2016,2.2832145358
1071,2016,-3.474655174
1073,2016,2.5938864232
1075,2016,-4.523424879
1077,2016,-2.087795591
1079,2016,-0.783580965
1081,2016,6.0672778231
1083,2016,2.733010867
1085,2016,-0.291290417
1087,2016,-3.38930024
1089,2016,3.0463318614
1091,2016,-0.101804484
1093,2016,-3.561976731
1095,2016,2.2878469989
1097,2016,3.0310812424
1099,2016,-1.479255749
1101,2016,4.2028918537
1103,2016,0.5959800724
1105,2016,0.417275193
1107,2016,-1.362497263
1109,2016,2.7180406213
1111,2016,-2.926959067
1113,2016,3.9135598869
1115,2016,1.391988588
1117,2016,4.7734514243
1119,2016,0.1528292515
1121,2016,-1.966848095
1123,2016,-1.798228868
1125,2016,4.1047489124
1127,2016,-2.842489032
1129,2016,-3.347980749
1131,2016,-0.367985281
1133,2016,-3.135648138
2000,2016,9.1943359969
2013,2016,0.593824228
2016,2016,2.96012537
2020,2016,9.5494925991
2050,2016,17.511187703
2060,2016,2.2148394241
2068,2016,7.0210631896
2070,2016,14.862422173
2090,2016,12.093733928
2100,2016,0.0
2105,2016,1.410768869
2110,2016,4.8902763467
2122,2016,4.3264773547
2130,2016,4.8159363713
2150,2016,12.22040371
2158,2016,20.519083969
2164,2016,15.023474178
2170,2016,8.9481969578
2180,2016,14.602950803
2185,2016,9.9579098655
2188,2016,15.3915799
2195,2016,1.8424689083
2198,2016,2.6099639211
2220,2016,2.0554984584
2230,2016,8.1081081081
2240,2016,8.1937230229
2261,2016,7.084205442
2275,2016,1.6164881794
2282,2016,8.0192461909
2290,2016,4.4085231447
4000,2016,4.2009337474
4001,2016,4.3681922566
4003,2016,1.7212659634
4005,2016,5.526740619
4007,2016,-4.457652303
4009,2016,7.4801432593
4011,2016,8.5327783559
4012,2016,-2.724132899
4013,2016,5.7247271578
4015,2016,-6.273384945
4017,2016,5.0623539483
4019,2016,1.8846782275
4021,2016,3.6290405891
4023,2016,7.1012029007
4025,2016,-4.822847905
4027,2016,7.3078536393
5000,2016,2.5060464487
5001,2016,0.7674597084
5003,2016,-0.580158577
5005,2016,-8.216946845
5007,2016,7.3257204832
5009,2016,0.0537793434
5011,2016,-0.455414883
5013,2016,-4.254084888
5015,2016,0.9011769371
5017,2016,-1.737619461
5019,2016,1.0639476892
5021,2016,-4.097006542
5023,2016,-5.897720076
5025,2016,-5.081977131
5027,2016,-0.166178517
5029,2016,-1.10021526
5031,2016,6.2170550742
5033,2016,2.3033495212
5035,2016,6.6717518434
5037,2016,0.4084014002
5039,2016,-3.483153594
5041,2016,-0.083563132
5043,2016,0.3228757467
5045,2016,4.7484668121
5047,2016,-2.881030392
5049,2016,-5.033626274
5051,2016,-2.539572454
5053,2016,-0.776053215
5055,2016,2.1790407728
5057,2016,4.3973978285
5059,2016,-1.314708299
5061,2016,2.0235329386
5063,2016,2.0498435646
5065,2016,-4.670991659
5067,2016,-0.808150778
5069,2016,0.1686826587
5071,2016,4.0979682503
5073,2016,-1.295150381
5075,2016,-3.419829009
5077,2016,-1.0521332
5079,2016,-0.869754294
5081,2016,-3.708481135
5083,2016,0.0
5085,2016,4.2469370364
5087,2016,3.0172549266
5089,2016,-5.338897242
5091,2016,1.6684760871
5093,2016,3.6015652957
5095,2016,-3.820700007
5097,2016,-6.123698714
5099,2016,-0.829089186
5101,2016,-1.529246846
5103,2016,-2.731279356
5105,2016,-1.748166853
5107,2016,1.8654782879
5109,2016,-0.092323316
5111,2016,-0.375187594
5113,2016,-1.487394333
5115,2016,4.1253284185
5117,2016,-4.833544801
5119,2016,4.6945198019
5121,2016,-2.12149881
5123,2016,3.1699309408
5125,2016,2.3499653914
5127,2016,-1.6273393
5129,2016,-3.923305701
5131,2016,2.9438316913
5133,2016,6.4265474834
5135,2016,-4.790773325
5137,2016,-3.213496686
5139,2016,1.0004376915
5141,2016,-5.078113332
5143,2016,7.4495049855
5145,2016,1.3432003649
5147,2016,-4.960168345
5149,2016,0.6510416667
6000,2016,5.8970742739
6001,2016,6.0471990767
6003,2016,-4.708097928
6005,2016,-3.867848509
6007,2016,0.2705927756
6009,2016,-3.211979576
6011,2016,7.2553654598
6013,2016,4.1394136111
6015,2016,-0.036648831
6017,2016,0.2266931142
6019,2016,8.9224885142
6021,2016,4.1372115194
6023,2016,1.0980426836
6025,2016,11.077200682
6027,2016,-0.055509298
6029,2016,9.030745859
6031,2016,9.8374779191
6033,2016,-1.935035853
6035,2016,1.226261355
6037,2016,5.9950104808
6039,2016,7.8430862479
6041,2016,1.4267140704
6043,2016,-2.109584355
6045,2016,1.5826414056
6047,2016,8.678211397
6049,2016,-2.553144253
6051,2016,5.7848324515
6053,2016,8.596827086
6055,2016,1.4483390249
6057,2016,-1.568913249
6059,2016,5.7815112635
6061,2016,1.3993381078
6063,2016,-3.127358999
6065,2016,6.0957739875
6067,2016,5.502118209
6069,2016,7.0162890302
6071,2016,7.9993012148
6073,2016,6.7800840421
6075,2016,3.8223787303
6077,2016,6.5233526679
6079,2016,0.957499822
6081,2016,5.6648538352
6083,2016,5.5585070085
6085,2016,6.8203814492
6087,2016,4.0080379778
6089,2016,-0.85181501
6091,2016,-0.673854447
6093,2016,-3.578437031
6095,2016,4.5192584381
6097,2016,1.74405278
6099,2016,6.5363377487
6101,2016,5.3815227406
6103,2016,2.9697261691
6105,2016,-5.940899622
6107,2016,9.2492765136
6109,2016,-4.116031103
6111,2016,4.9636028055
6113,2016,5.2985521344
6115,2016,7.731699296
8000,2016,5.4357489164
8001,2016,8.64622431
8003,2016,3.505806492
8005,2016,6.6302658248
8007,2016,2.3004918293
8009,2016,-7.904022583
8011,2016,-3.583006313
8013,2016,3.1504340059
8014,2016,5.1301958456
8015,2016,-2.86305074
8017,2016,2.1756867011
8019,2016,2.3659730064
8021,2016,1.3651877133
8023,2016,-5.227679186
8025,2016,-4.215156236
8027,2016,-6.207049435
8029,2016,-2.489254717
8031,2016,7.1623059726
8033,2016,0.0
8035,2016,6.5698414749
8037,2016,9.7596074018
8039,2016,3.5752304819
8041,2016,7.6122494821
8043,2016,-3.367003367
8045,2016,8.0011675523
8047,2016,2.0479563103
8049,2016,4.146463802
8051,2016,4.4898210222
8053,2016,0.0
8055,2016,-10.93653728
8057,2016,0.0
8059,2016,2.8953595922
8061,2016,-2.934702861
8063,2016,2.5250931128
8065,2016,4.52368281
8067,2016,3.5817204985
8069,2016,3.7454242013
8071,2016,-3.556693698
8073,2016,-1.081665765
8075,2016,-1.113412163
8077,2016,1.8538357945
8079,2016,4.0
8081,2016,6.3642985853
8083,2016,0.8508992458
8085,2016,0.0244759096
8087,2016,5.5269171494
8089,2016,-2.085162423
8091,2016,0.0
8093,2016,0.7631571223
8095,2016,4.4150110375
8097,2016,5.1232075734
8099,2016,1.6763054228
8101,2016,0.8725364574
8103,2016,2.6328016107
8105,2016,-0.352593768
8107,2016,4.9345458994
8109,2016,4.2637189104
8111,2016,4.347826087
8113,2016,5.1725225509
8115,2016,-2.514142049
8117,2016,7.4261102035
8119,2016,0.6744509548
8121,2016,-2.286902287
8123,2016,8.8181025603
8125,2016,5.1761895282
9000,2016,1.6111062497
9001,2016,3.5134891944
9003,2016,1.7258414315
9005,2016,-1.935053078
9007,2016,-1.174254471
9009,2016,1.235094614
9011,2016,0.7285717206
9013,2016,1.0366594475
9015,2016,0.3525532162
10000,2016,2.7288507454
10001,2016,4.0037967038
10003,2016,3.6083301911
10005,2016,-0.539223932
11000,2016,7.1494951202
11001,2016,7.1494951202
12000,2016,1.5177897278
12001,2016,3.892843554
12003,2016,3.9826933869
12005,2016,2.7333329682
12007,2016,0.1495662579
12009,2016,-3.152404124
12011,2016,4.018303028
12013,2016,-3.340757238
12015,2016,-8.712966322
12017,2016,-10.37122339
12019,2016,2.6071799979
12021,2016,0.3132423914
12023,2016,0.4800453861
12027,2016,2.0583285816
12029,2016,-3.961240782
12031,2016,5.719301226
12033,2016,1.9362612438
12035,2016,-4.644971252
12037,2016,-3.314917127
12039,2016,1.7797842554
12041,2016,0.9714285714
12043,2016,-3.471043199
12045,2016,-4.0636429
12047,2016,1.7497812773
12049,2016,6.4342966395
12051,2016,7.4162830296
12053,2016,-5.622171224
12055,2016,-5.539672961
12057,2016,5.0065815067
12059,2016,-2.637635437
12061,2016,-4.969975853
12063,2016,-2.600404507
12065,2016,-3.134461264
12067,2016,-1.25922958
12069,2016,-2.320976507
12071,2016,-0.227801163
12073,2016,4.4041016471
12075,2016,-3.902414462
12077,2016,1.6757436112
12079,2016,-1.848127412
12081,2016,-1.314503856
12083,2016,-3.99332416
12085,2016,-4.16714455
12086,2016,4.6886689442
12087,2016,-0.455966649
12089,2016,0.4303634039
12091,2016,5.0022749039
12093,2016,1.3643749302
12095,2016,6.7552468335
12097,2016,6.4839223803
12099,2016,0.2845072911
12101,2016,-1.817219197
12103,2016,-3.140119165
12105,2016,1.3208089803
12107,2016,-1.829369699
12109,2016,0.8499750645
12111,2016,-0.106162747
12113,2016,3.254789956
12115,2016,-6.400653517
12117,2016,2.9106576295
12119,2016,-10.93335006
12121,2016,-2.056884277
12123,2016,-0.224951635
12125,2016,-6.097760876
12127,2016,-3.526655141
12129,2016,2.4603737876
12131,2016,2.8796687603
12133,2016,-3.877076276
13000,2016,4.9494302755
13001,2016,1.5196331171
13003,2016,5.7887120116
13005,2016,1.6884386386
13007,2016,-0.940881292
13009,2016,-0.044048982
13011,2016,1.1442271018
13013,2016,6.0271484876
13015,2016,3.9536276481
13017,2016,-0.404530744
13019,2016,1.2635901756
13021,2016,3.008821317
13023,2016,-1.09469075
13025,2016,1.7909475741
13027,2016,-0.700748527
13029,2016,7.3905225751
13031,2016,4.9540464814
13033,2016,2.5202838636
13035,2016,-0.296258676
13037,2016,-2.637089894
13039,2016,8.279835548
13043,2016,-2.209741276
13045,2016,4.329004329
13047,2016,0.7421824709
13049,2016,1.3036309957
13051,2016,5.67376874
13053,2016,14.984114941
13055,2016,-0.160833116
13057,2016,5.7888515354
13059,2016,5.0952645432
13061,2016,-1.973035186
13063,2016,10.064251077
13065,2016,0.8844339623
13067,2016,7.112551522
13069,2016,3.4227836312
13071,2016,3.080477474
13073,2016,6.7168715038
13075,2016,1.3437719093
13077,2016,4.220469276
13079,2016,0.0
13081,2016,2.2239665097
13083,2016,-1.543876984
13085,2016,1.9133873334
13087,2016,2.3823704586
13089,2016,8.9020250656
13091,2016,-0.809600914
13093,2016,-2.079822139
13095,2016,2.7157480402
13097,2016,5.6699439747
13099,2016,-0.096302003
13101,2016,5.0087653393
13103,2016,6.3226085079
13105,2016,-2.08127374
13107,2016,1.1141564721
13109,2016,2.7181554035
13111,2016,-5.376561426
13113,2016,-0.144561549
13115,2016,1.2857468738
13117,2016,5.7443176422
13119,2016,-0.269160891
13121,2016,6.0868060195
13123,2016,0.5384938999
13125,2016,-4.001333778
13127,2016,1.1349381757
13129,2016,3.6730621507
13131,2016,3.7631610553
13133,2016,-0.537538076
13135,2016,8.5109420025
13137,2016,0.2958041322
13139,2016,6.1997301779
13141,2016,-5.46162338
13143,2016,-1.772926371
13145,2016,0.5989099838
13147,2016,-2.122599792
13149,2016,-1.642532959
13151,2016,4.2212618051
13153,2016,5.8482446959
13155,2016,-1.301730216
13157,2016,3.4246841896
13159,2016,2.1857923497
13161,2016,1.6011741944
13163,2016,-0.568325335
13165,2016,-1.016317543
13167,2016,-0.826104915
13169,2016,1.6486889415
13171,2016,0.7625272331
13173,2016,7.0534808445
13175,2016,2.0893789901
13177,2016,4.5924225029
13179,2016,17.370251211
13181,2016,0.7703665661
13183,2016,10.38023869
13185,2016,6.6753915205
13187,2016,0.1913875598
13189,2016,3.4950370474
13191,2016,-1.495300484
13193,2016,-0.809835824
13195,2016,2.4443474465
13197,2016,1.0572066252
13199,2016,-1.420219187
13201,2016,-4.947961099
13205,2016,1.158026011
13207,2016,-0.037304385
13209,2016,0.8925085067
13211,2016,0.4992372764
13213,2016,2.741917057
13215,2016,5.008596656
13217,2016,5.0335173595
13219,2016,2.5830562502
13221,2016,0.6792555359
13223,2016,6.4582349012
13225,2016,0.5570513416
13227,2016,-0.888333224
13229,2016,2.6702968742
13231,2016,-0.61414773
13233,2016,1.7882603127
13235,2016,-3.086011551
13237,2016,-1.027509224
13239,2016,1.3057671382
13241,2016,-4.650024474
13243,2016,-1.817546312
13245,2016,4.4323252355
13247,2016,3.5750334102
13249,2016,3.2748988634
13251,2016,0.1425415152
13253,2016,-5.532015066
13255,2016,0.8413573899
13257,2016,-1.68353464
13259,2016,-4.29929723
13261,2016,0.2291363197
13263,2016,-5.286069652
13265,2016,-9.222256379
13267,2016,0.7096532555
13269,2016,-2.312560857
13271,2016,-0.863850924
13273,2016,-0.67136623
13275,2016,0.9805450939
13277,2016,3.8722407202
13279,2016,3.2429842826
13281,2016,-7.246697009
13283,2016,1.3320506179
13285,2016,2.694683733
13287,2016,0.7534848675
13289,2016,-4.217883827
13291,2016,-5.689072054
13293,2016,-1.10526717
13295,2016,-1.065755665
13297,2016,2.5825431313
13299,2016,1.3244100035
13301,2016,-7.836551917
13303,2016,-0.924956795
13305,2016,1.6160527911
13307,2016,3.4305317324
13309,2016,0.2511616225
13311,2016,-0.419470419
13313,2016,5.3922864352
13315,2016,-3.246571509
13317,2016,-2.941176471
13319,2016,-3.093922652
13321,2016,1.7395085888
15000,2016,5.1908839487
15001,2016,3.1550301681
15003,2016,5.7983232258
15005,2016,0.0
15007,2016,4.1667251224
15009,2016,4.4160435409
16000,2016,5.6182219024
16001,2016,4.7780356255
16003,2016,-2.042900919
16005,2016,6.2300130285
16007,2016,4.2351346773
16009,2016,-3.108175612
16011,2016,7.4138007347
16013,2016,4.7599432468
16015,2016,-1.280409731
16017,2016,-1.214907631
16019,2016,9.9744556623
16021,2016,3.9130434783
16023,2016,1.9462826002
16025,2016,2.7881040892
16027,2016,7.9144379912
16029,2016,4.2647058824
16031,2016,6.8542722125
16033,2016,4.555808656
16035,2016,-5.579773322
16037,2016,-3.684145892
16039,2016,9.5067644285
16041,2016,8.9058039962
16043,2016,4.5090569852
16045,2016,-0.356675782
16047,2016,5.2765227715
16049,2016,-2.643144728
16051,2016,10.444529359
16053,2016,10.128437204
16055,2016,3.1086095256
16057,2016,5.626493333
16059,2016,-2.978117312
16061,2016,-1.047531753
16063,2016,4.5240339303
16065,2016,24.557892959
16067,2016,7.3581365885
16069,2016,-0.44926433
16071,2016,2.34082397
16073,2016,4.7677909235
16075,2016,2.4957309865
16077,2016,7.1577303488
16079,2016,-3.459929192
16081,2016,10.232983097
16083,2016,5.1305520763
16085,2016,2.150012216
16087,2016,-0.401545952
17000,2016,3.9043686311
17001,2016,0.555097142
17003,2016,-3.025489751
17005,2016,-2.347135291
17007,2016,3.1544858095
17009,2016,2.5392083645
17011,2016,-1.495058831
17013,2016,0.2055709734
17015,2016,-2.325740475
17017,2016,1.2541642171
17019,2016,5.1766051766
17021,2016,-2.36906422
17023,2016,-1.323877069
17025,2016,-1.946472019
17027,2016,2.7370323129
17029,2016,0.0769511937
17031,2016,5.2543091755
17033,2016,-1.094091904
17035,2016,1.3807069219
17037,2016,4.3404153163
17039,2016,-0.86630983
17041,2016,4.4487134119
17043,2016,4.9998257247
17045,2016,-4.156938671
17047,2016,1.9927952786
17049,2016,3.0421810098
17051,2016,0.6879787185
17053,2016,-3.348089729
17055,2016,-0.892197099
17057,2016,-4.242407215
17059,2016,-1.734438235
17061,2016,-3.778147197
17063,2016,4.3901470004
17065,2016,-1.338688086
17067,2016,-0.439306993
17069,2016,-7.446016381
17071,2016,-2.881221638
17073,2016,0.4034861201
17075,2016,-2.963747023
17077,2016,4.5107681872
17079,2016,0.6245771092
17081,2016,2.118034673
17083,2016,-1.990634967
17085,2016,-2.91704649
17087,2016,-0.713408109
17089,2016,6.6994750285
17091,2016,1.6425077413
17093,2016,8.4069955904
17095,2016,-2.561420317
17097,2016,4.5798849918
17099,2016,-0.497211098
17101,2016,-4.533341502
17103,2016,-0.753459393
17105,2016,-0.660138629
17107,2016,-1.505560308
17109,2016,-2.02065559
17111,2016,3.6861651682
17113,2016,5.2106952119
17115,2016,1.1229331013
17117,2016,-2.380770365
17119,2016,1.0044447621
17121,2016,-0.732945919
17123,2016,-2.856422751
17125,2016,-4.72074951
17127,2016,-3.723239218
17129,2016,-0.161590046
17131,2016,-3.70039556
17133,2016,2.2763554662
17135,2016,-2.128645735
17137,2016,-1.240891711
17139,2016,-0.068136136
17141,2016,1.1099535572
17143,2016,4.1720050387
17145,2016,-0.605891126
17147,2016,1.5817971649
17149,2016,-1.648856898
17151,2016,-7.081317125
17153,2016,-3.019270047
17155,2016,-1.923581359
17157,2016,-1.563937443
17159,2016,-1.321336437
17161,2016,2.0684655216
17163,2016,3.003531896
17165,2016,-1.395587481
17167,2016,1.7081355625
17169,2016,-3.666878217
17171,2016,0.1968116512
17173,2016,0.5969875092
17175,2016,-4.719978215
17177,2016,-0.987156004
17179,2016,0.991671451
17181,2016,-0.407106924
17183,2016,0.9640755023
17185,2016,1.2086678753
17187,2016,2.4173357507
17189,2016,-0.070321015
17191,2016,2.7829032941
17193,2016,-4.454972952
17195,2016,-0.440936549
17197,2016,5.0676573
17199,2016,0.6969054433
17201,2016,2.6691648654
17203,2016,1.3360225068
18000,2016,3.2366447814
18001,2016,10.096544643
18003,2016,5.3883551808
18005,2016,4.3863668298
18007,2016,2.996945421
18009,2016,-2.709693312
18011,2016,4.1972882688
18013,2016,-4.134711571
18015,2016,1.5554440542
18017,2016,2.5531018872
18019,2016,1.7360583663
18021,2016,1.4827487881
18023,2016,2.105915144
18025,2016,-0.567697985
18027,2016,6.2582595355
18029,2016,0.6876257698
18031,2016,2.8353243611
18033,2016,3.030018321
18035,2016,-0.354327987
18037,2016,4.0109948447
18039,2016,7.2251172422
18041,2016,-3.387650086
18043,2016,2.4014774307
18045,2016,-1.454809965
18047,2016,1.7501640779
18049,2016,0.0988679618
18051,2016,0.8322434907
18053,2016,-1.416346125
18055,2016,-1.144731143
18057,2016,7.4287636346
18059,2016,1.4913324851
18061,2016,1.4900306845
18063,2016,4.0295204808
18065,2016,-2.329896907
18067,2016,-0.327984354
18069,2016,-1.043783992
18071,2016,3.8009832484
18073,2016,2.2427223659
18075,2016,3.4634910092
18077,2016,0.1239791095
18079,2016,1.0814318157
18081,2016,3.5473973551
18083,2016,-0.426138255
18085,2016,3.9166067943
18087,2016,13.122515406
18089,2016,2.0349075975
18091,2016,1.2214044342
18093,2016,-0.570513242
18095,2016,0.2009918173
18097,2016,6.6899033056
18099,2016,2.4218004908
18101,2016,2.2542389493
18103,2016,-0.749510736
18105,2016,2.3241058744
18107,2016,1.9874217126
18109,2016,1.6954997414
18111,2016,0.5721846726
18113,2016,3.9825945866
18115,2016,-2.550586635
18117,2016,-0.102283479
18119,2016,-1.102482983
18121,2016,3.2440721954
18123,2016,0.5223568742
18125,2016,-2.258246633
18127,2016,2.0728236099
18129,2016,1.2487317568
18131,2016,-1.337424278
18133,2016,0.2953218337
18135,2016,1.2338308458
18137,2016,1.6210596797
18139,2016,0.4198278706
18141,2016,3.4706803685
18143,2016,0.0422413247
18145,2016,1.2645365248
18147,2016,-1.215628115
18149,2016,0.4795222215
18151,2016,2.412860839
18153,2016,-1.683339746
18155,2016,3.0110562221
18157,2016,6.3764041219
18159,2016,-1.381033802
18161,2016,-0.558503211
18163,2016,1.6752495653
18165,2016,-4.168537164
18167,2016,1.1424696851
18169,2016,-2.493175327
18171,2016,-1.095223608
18173,2016,1.6676516065
18175,2016,-1.189146337
18177,2016,-1.377224892
18179,2016,2.5845358604
18181,2016,0.7032348805
18183,2016,3.3473303546
19000,2016,3.286454284
19001,2016,-5.93639576
19003,2016,-4.029008864
19005,2016,0.9377817854
19007,2016,-1.11633841
19009,2016,-3.351856752
19011,2016,2.8876921876
19013,2016,4.1982472318
19015,2016,-0.756730169
19017,2016,2.38417554
19019,2016,4.1318389058
19021,2016,5.7003857589
19023,2016,-2.501436636
19025,2016,-2.753416276
19027,2016,1.0781406974
19029,2016,-4.523692841
19031,2016,-0.163925469
19033,2016,-2.091102359
19035,2016,-3.409537964
19037,2016,0.2474737059
19039,2016,1.5129410493
19041,2016,-0.97581801
19043,2016,-0.621697233
19045,2016,0.3164356686
19047,2016,4.0953634635
19049,2016,9.9466881774
19051,2016,4.6429986977
19053,2016,0.8647313156
19055,2016,2.191401632
19057,2016,0.2264521242
19059,2016,-1.524345557
19061,2016,3.7807378637
19063,2016,-0.726028108
19065,2016,-2.35
19067,2016,1.4480435672
19069,2016,-1.073380172
19071,2016,-1.876037232
19073,2016,-1.448871552
19075,2016,-0.89101292
19077,2016,-0.75149124
19079,2016,2.2447430099
19081,2016,0.1825233858
19083,2016,-2.322273506
19085,2016,-1.561114068
19087,2016,1.0585744531
19089,2016,0.3231017771
19091,2016,-1.467043907
19093,2016,-1.29226793
19095,2016,-0.431114122
19097,2016,1.2384220439
19099,2016,1.8506926489
19101,2016,-0.278017181
19103,2016,7.4827577937
19105,2016,-0.097979179
19107,2016,0.7865886633
19109,2016,-0.528715881
19111,2016,-0.490252624
19113,2016,4.7597630515
19115,2016,3.9100684262
19117,2016,-3.262452665
19119,2016,6.4606622179
19121,2016,0.9518974489
19123,2016,1.9326711313
19125,2016,1.5395064523
19127,2016,1.1927392001
19129,2016,2.2715884416
19131,2016,-0.844277674
19133,2016,-7.13800136
19135,2016,-2.284263959
19137,2016,-0.986533813
19139,2016,2.7662838812
19141,2016,-1.220738188
19143,2016,0.3263973888
19145,2016,-2.143483485
19147,2016,-1.870804446
19149,2016,2.7556460792
19151,2016,-2.60473193
19153,2016,7.6722023915
19155,2016,3.1109519406
19157,2016,-1.637688675
19159,2016,-3.613732182
19161,2016,-2.527550298
19163,2016,4.2960370657
19165,2016,-3.497696639
19167,2016,6.3703406124
19169,2016,3.8443850792
19171,2016,0.8137405911
19173,2016,1.4447387431
19175,2016,-2.339653086
19177,2016,-1.238219715
19179,2016,1.1312057239
19181,2016,3.4142950605
19183,2016,3.4785751395
19185,2016,1.7179447134
19187,2016,0.054166046
19189,2016,-3.112473473
19191,2016,0.631497134
19193,2016,5.9460565948
19195,2016,-1.335648457
19197,2016,1.0124610592
20000,2016,4.2526832713
20001,2016,-1.49883643
20003,2016,-0.639877144
20005,2016,0.3049338294
20007,2016,-0.631778456
20009,2016,2.1836889539
20011,2016,0.681268522
20013,2016,3.3076644788
20015,2016,1.7155627121
20017,2016,-3.78214826
20019,2016,-8.299985179
20021,2016,0.2451521169
20023,2016,-1.123385134
20025,2016,-1.929570671
20027,2016,-0.853762654
20029,2016,-2.738525578
20031,2016,-2.525556224
20033,2016,-8.185538881
20035,2016,-0.728270917
20037,2016,1.2534373601
20039,2016,-5.564249696
20041,2016,-1.467428332
20043,2016,0.9028763059
20045,2016,4.5752156197
20047,2016,-2.391527161
20049,2016,-3.933136676
20051,2016,3.9695552372
20053,2016,-2.697556331
20055,2016,12.102710953
20057,2016,11.448230005
20059,2016,1.1766551616
20061,2016,23.086337339
20063,2016,-1.127819549
20065,2016,-6.986221618
20067,2016,9.7408922657
20069,2016,4.4580203088
20071,2016,-4.652966266
20073,2016,-6.318347509
20075,2016,4.2291426374
20077,2016,-4.367575122
20079,2016,-0.172592337
20081,2016,5.6685150955
20083,2016,-0.537634409
20085,2016,2.6360384108
20087,2016,0.6379924504
20089,2016,0.3422899196
20091,2016,6.4390550219
20093,2016,7.6736155519
20095,2016,-5.447419119
20097,2016,6.302934804
20099,2016,-0.586209423
20101,2016,-11.16971765
20103,2016,4.8442863149
20105,2016,-3.537546229
20107,2016,-0.416970708
20109,2016,8.9206066012
20111,2016,3.819434002
20113,2016,-1.64689805
20115,2016,-4.653095139
20117,2016,1.7316899256
20119,2016,2.811292023
20121,2016,1.2484584583
20123,2016,-1.279897608
20125,2016,-1.598913945
20127,2016,-4.648667978
20129,2016,-5.223750653
20131,2016,4.0628251499
20133,2016,0.1851052015
20135,2016,-6.357704534
20137,2016,-0.544118981
20139,2016,-1.894178558
20141,2016,-7.193249412
20143,2016,-4.054396486
20145,2016,-2.669039146
20147,2016,-3.696174459
20149,2016,8.1749700394
20151,2016,1.0387451958
20153,2016,-5.193767479
20155,2016,-0.978072251
20157,2016,-4.493420349
20159,2016,0.1014867813
20161,2016,8.4407017728
20163,2016,-1.165387977
20165,2016,-9.102730819
20167,2016,1.2810476123
20169,2016,2.8264965937
20171,2016,1.8132366274
20173,2016,5.5283520883
20175,2016,12.908815248
20177,2016,2.3358792737
20179,2016,0.4032258065
20181,2016,1.8457924323
20183,2016,-3.267528931
20185,2016,0.7142006904
20187,2016,7.1856287425
20189,2016,4.7194546408
20191,2016,-0.214592275
20193,2016,3.9385084487
20195,2016,-5.556520229
20197,2016,2.4689565028
20199,2016,3.9906883937
20201,2016,2.335609055
20203,2016,-0.930665426
20205,2016,-0.570027931
20207,2016,-3.789673141
20209,2016,8.2930705368
21000,2016,2.022978381
21001,2016,2.134249499
21003,2016,1.3049467147
21005,2016,2.8564303688
21007,2016,-2.705694257
21009,2016,1.786757379
21011,2016,0.3272117469
21013,2016,-2.052259318
21015,2016,5.6973422752
21017,2016,0.2481635894
21019,2016,-0.496935564
21021,2016,-0.033474484
21023,2016,0.7203745948
21025,2016,-3.391107762
21027,2016,1.301268737
21029,2016,2.3179374157
21031,2016,-0.629425649
21033,2016,-0.315183989
21035,2016,-0.180904263
21037,2016,1.3667351842
21039,2016,-1.245459263
21041,2016,0.6574004508
21043,2016,2.1189923826
21045,2016,-0.444106078
21047,2016,13.77777471
21049,2016,1.1187090098
21051,2016,-1.971153846
21053,2016,-0.588725899
21055,2016,-3.169572108
21057,2016,-2.524502525
21059,2016,3.6788845061
21061,2016,-1.495824158
21063,2016,0.6649378283
21065,2016,-3.276631344
21067,2016,5.438554251
21069,2016,0.6882549296
21071,2016,-2.657753795
21073,2016,0.1992786114
21075,2016,-0.642518673
21077,2016,2.6540503116
21079,2016,2.5441614386
21081,2016,4.6328002256
21083,2016,1.1549049889
21085,2016,-0.650954414
21087,2016,-2.828467153
21089,2016,-2.979256578
21091,2016,4.3768716886
21093,2016,4.971018027
21095,2016,-3.669590107
21097,2016,0.6449879065
21099,2016,2.9219198095
21101,2016,0.8859501275
21103,2016,-0.191101061
21105,2016,-2.820262501
21107,2016,-2.073036344
21109,2016,1.198995841
21111,2016,2.590690481
21113,2016,3.7297650633
21115,2016,-2.652981342
21117,2016,4.3467702768
21119,2016,-2.181444886
21121,2016,-1.302910894
21123,2016,-0.497724687
21125,2016,2.4500612515
21127,2016,-0.883280757
21129,2016,-3.445692884
21131,2016,-3.036773428
21133,2016,-2.401327279
21135,2016,-3.826483682
21137,2016,2.5859945817
21139,2016,-4.760101693
21141,2016,2.3210542078
21143,2016,-8.257539493
21145,2016,0.4452906673
21147,2016,1.919223279
21149,2016,-3.416613282
21151,2016,2.6780088217
21153,2016,0.471475719
21155,2016,1.1995723264
21157,2016,-3.07993391
21159,2016,-3.301692117
21161,2016,-0.058450478
21163,2016,0.4310035199
21165,2016,-1.715800967
21167,2016,-0.420737693
21169,2016,-0.60165455
21171,2016,-3.308597627
21173,2016,1.6653995149
21175,2016,-0.678553926
21177,2016,-0.192323103
21179,2016,2.8031916655
21181,2016,-0.848536275
21183,2016,0.041511862
21185,2016,2.2005755351
21187,2016,-3.363857223
21189,2016,-5.158685657
21191,2016,2.1319028953
21193,2016,-0.366501741
21195,2016,-2.471115766
21197,2016,1.3882083946
21199,2016,-0.813294233
21201,2016,-4.226344212
21203,2016,-1.124127322
21205,2016,0.6115210567
21207,2016,-2.820556214
21209,2016,6.3648418261
21211,2016,4.7219364271
21213,2016,2.7303373917
21215,2016,1.3733245441
21217,2016,1.5286025046
21219,2016,3.1446540881
21221,2016,-0.140252454
21223,2016,-2.885336719
21225,2016,-1.009557141
21227,2016,5.2207024
21229,2016,0.6634599436
21231,2016,0.774124876
21233,2016,-0.835358445
21235,2016,3.2679286041
21237,2016,-4.435204435
21239,2016,2.6164915926
22000,2016,4.3490346485
22001,2016,4.7662694775
22003,2016,2.3386798152
22005,2016,8.2346886258
22007,2016,1.401848688
22009,2016,2.5865645055
22011,2016,3.9453635176
22013,2016,-1.304206065
22015,2016,5.8773471611
22017,2016,2.8589593388
22019,2016,4.6113207925
22021,2016,0.6958596352
22023,2016,2.0406675898
22025,2016,-1.809227058
22027,2016,-2.221742216
22029,2016,0.0995074382
22031,2016,1.5840562893
22033,2016,5.402442756
22035,2016,2.4807056229
22037,2016,-1.331523827
22039,2016,3.2051757653
22041,2016,1.1286681716
22043,2016,0.7626567372
22045,2016,4.6892678472
22047,2016,1.1515151515
22049,2016,-1.13058225
22051,2016,4.274175879
22053,2016,2.51516261
22055,2016,7.0910327981
22057,2016,4.4101209227
22059,2016,1.5999466684
22061,2016,5.2472420369
22063,2016,6.0127988784
22065,2016,1.8229166667
22067,2016,0.1532713861
22069,2016,2.4606551494
22071,2016,4.5932304228
22073,2016,4.1430697597
22075,2016,4.9615055603
22077,2016,1.7152658662
22079,2016,3.3077287814
22081,2016,-0.923147934
22083,2016,1.5612802498
22085,2016,0.7045171985
22087,2016,6.2939976754
22089,2016,5.124895604
22091,2016,-0.863475007
22093,2016,1.444749965
22095,2016,3.8424370715
22097,2016,4.264799871
22099,2016,4.7954498987
22101,2016,3.3541378817
22103,2016,3.721594422
22105,2016,6.3007307151
22107,2016,0.2121340687
22109,2016,6.2603880559
22111,2016,0.7997334222
22113,2016,4.0169344623
22115,2016,11.893656716
22117,2016,0.5175481158
22119,2016,-0.350824437
22121,2016,7.0741424546
22123,2016,-0.356776524
22125,2016,-2.018886356
22127,2016,-0.548433537
23000,2016,-1.146798046
23001,2016,1.0353511799
23003,2016,-3.25402558
23005,2016,0.3375358847
23007,2016,-2.200036667
23009,2016,-1.949496993
23011,2016,-1.220583323
23013,2016,-4.751907677
23015,2016,-4.043802946
23017,2016,-2.67281589
23019,2016,-0.936483964
23021,2016,-5.140780571
23023,2016,-1.79293073
23025,2016,-3.159713651
23027,2016,-0.789316223
23029,2016,-3.881411824
23031,2016,-0.525027985
24000,2016,4.3605389492
24001,2016,-3.653599972
24003,2016,4.9792927599
24005,2016,2.0142312441
24009,2016,2.8645560764
24011,2016,1.7116222205
24013,2016,1.2147251011
24015,2016,1.7084087881
24017,2016,5.1892112974
24019,2016,-0.927428704
24021,2016,4.2276422764
24023,2016,-1.701143168
24025,2016,2.5443663888
24027,2016,6.1974141274
24029,2016,-6.043523527
24031,2016,7.2212621762
24033,2016,7.1868707631
24035,2016,1.3462931043
24037,2016,5.8275529216
24039,2016,0.2328921321
24041,2016,-2.521865107
24043,2016,1.4999832591
24045,2016,2.3063183308
24047,2016,-4.119264362
24510,2016,3.4244253068
25000,2016,2.2659987975
25001,2016,-6.396279209
25003,2016,-3.734431696
25005,2016,0.7713467984
25007,2016,0.2891092544
25009,2016,2.4744461403
25011,2016,-1.314599118
25013,2016,1.5476720344
25015,2016,-1.080366207
25017,2016,3.7206423957
25019,2016,8.5299455535
25021,2016,2.1831283986
25023,2016,1.1963643057
25025,2016,5.9688909176
25027,2016,1.9677290003
26000,2016,1.86628439
26001,2016,-11.98646689
26003,2016,-6.092254134
26005,2016,3.7888873854
26007,2016,-4.251982225
26009,2016,-2.862471267
26011,2016,-5.123994088
26013,2016,-3.969412177
26015,2016,1.2747827837
26017,2016,-1.898420209
26019,2016,-3.665101363
26021,2016,-0.012930463
26023,2016,1.6761379944
26025,2016,0.7295167696
26027,2016,-0.72107889
26029,2016,-1.564885496
26031,2016,-3.657529398
26033,2016,0.0528708893
26035,2016,-3.376883104
26037,2016,2.832641341
26039,2016,-3.475616379
26041,2016,-2.368787098
26043,2016,-2.267396403
26045,2016,1.7260057656
26047,2016,-2.006109515
26049,2016,0.8542971758
26051,2016,-3.572775451
26053,2016,-5.635445006
26055,2016,0.7411524921
26057,2016,-1.506939212
26059,2016,1.0910360478
26061,2016,0.0551518745
26063,2016,-3.889389556
26065,2016,4.1150979373
26067,2016,3.1034832311
26069,2016,-7.30835325
26071,2016,-9.872370703
26073,2016,2.0699852144
26075,2016,0.0692823919
26077,2016,4.2496832892
26079,2016,-3.651009823
26081,2016,6.4229966386
26083,2016,-2.346316283
26085,2016,-3.312101911
26087,2016,-0.623091781
26089,2016,-1.947148818
26091,2016,-0.375850107
26093,2016,2.1079639517
26095,2016,-7.520564042
26097,2016,-6.962172198
26099,2016,0.9933694608
26101,2016,-4.009737935
26103,2016,-0.537883429
26105,2016,-0.590811149
26107,2016,1.2536856035
26109,2016,-3.898551966
26111,2016,0.8498719207
26113,2016,0.6688963211
26115,2016,0.5493916492
26117,2016,1.574978523
26119,2016,-9.085992428
26121,2016,2.5399654009
26123,2016,0.2717022144
26125,2016,2.4843436264
26127,2016,0.7599650416
26129,2016,-6.758214106
26131,2016,-11.18904476
26133,2016,-0.906207522
26135,2016,-2.781809386
26137,2016,-0.946287877
26139,2016,5.2464614725
26141,2016,-6.970551378
26143,2016,-10.69384161
26145,2016,0.414709755
26147,2016,-1.573327399
26149,2016,2.0395743211
26151,2016,-0.917110138
26153,2016,-4.47538538
26155,2016,-0.029187067
26157,2016,-0.841105774
26159,2016,1.756171546
26161,2016,4.166723814
26163,2016,3.0254002004
26165,2016,0.9095043201
27000,2016,4.9433082509
27001,2016,-7.530215782
27003,2016,6.6454129277
27005,2016,1.727141432
27007,2016,6.309148265
27009,2016,6.497364396
27011,2016,-3.2016008
27013,2016,4.0445966007
27015,2016,0.8314855876
27017,2016,-0.986415647
27019,2016,7.0350344717
27021,2016,0.5889689579
27023,2016,1.824212272
27025,2016,3.8246894738
27027,2016,6.6760365425
27029,2016,0.7941910597
27031,2016,1.5118586412
27033,2016,1.4041862302
27035,2016,1.2287528159
27037,2016,6.8944289071
27039,2016,5.4212454212
27041,2016,-0.486854917
27043,2016,-1.364550417
27045,2016,1.1523226503
27047,2016,-0.03280248
27049,2016,0.5851375073
27051,2016,-0.339069255
27053,2016,6.5699017444
27055,2016,0.5884083554
27057,2016,0.7255665465
27059,2016,3.8931208554
27061,2016,-1.238458561
27063,2016,1.3955342903
27065,2016,-0.251572327
27067,2016,5.0632911392
27069,2016,-6.415396953
27071,2016,-4.329515488
27073,2016,-3.523452984
27075,2016,-3.229636666
27077,2016,-1.830304615
27079,2016,2.7013885137
27081,2016,0.3504775256
27083,2016,6.1393516999
27085,2016,1.3135279404
27087,2016,7.5119091242
27089,2016,4.3668122271
27091,2016,-1.251877817
27093,2016,2.8194061897
27095,2016,0.430629502
27097,2016,2.313792946
27099,2016,2.0996976941
27101,2016,-0.838373555
27103,2016,4.7883889005
27105,2016,10.269105579
27107,2016,-4.713036868
27109,2016,7.1093547424
27111,2016,0.1734003815
27113,2016,3.6564356784
27115,2016,-1.726787657
27117,2016,-0.970716713
27119,2016,3.3863438563
27121,2016,-1.004291062
27123,2016,6.8544418917
27125,2016,2.7438263906
27127,2016,-0.130544042
27129,2016,-0.612015912
27131,2016,4.8326485811
27133,2016,-0.637145588
27135,2016,3.0149464366
27137,2016,-0.594609045
27139,2016,8.1436772321
27141,2016,7.2030892046
27143,2016,-1.144742601
27145,2016,6.4617467149
27147,2016,3.4406018323
27149,2016,3.6577931315
27151,2016,-0.637687321
27153,2016,3.4901147632
27155,2016,-3.580486349
27157,2016,2.0550184485
27159,2016,-3.159789837
27161,2016,1.4850566178
27163,2016,4.9991250537
27165,2016,3.9963669391
27167,2016,-1.577287066
27169,2016,1.1014082291
27171,2016,7.3984891586
27173,2016,1.3181242079
28000,2016,2.2317749672
28001,2016,-0.126722636
28003,2016,-0.885644508
28005,2016,-4.08228608
28007,2016,-3.009458298
28009,2016,-1.463236191
28011,2016,1.5202420225
28013,2016,-0.959166895
28015,2016,-2.354210604
28017,2016,1.9642392906
28019,2016,-2.399376162
28021,2016,0.2178530581
28023,2016,-2.819725547
28025,2016,-0.401414988
28027,2016,4.386146398
28029,2016,1.1823619419
28031,2016,-0.885024859
28033,2016,4.739363653
28035,2016,3.8370700662
28037,2016,-1.813706439
28039,2016,4.8061586883
28041,2016,-1.548958141
28043,2016,-0.984459602
28045,2016,-0.796144081
28047,2016,3.97343109
28049,2016,4.3750719584
28051,2016,1.9239226033
28053,2016,2.081767189
28055,2016,4.5061960195
28057,2016,-1.235119998
28059,2016,2.2128820845
28061,2016,1.5086597067
28063,2016,1.7549780628
28065,2016,-2.34090515
28067,2016,3.5448060568
28069,2016,-2.283331679
28071,2016,3.7283922721
28073,2016,5.6731791057
28075,2016,2.0549176749
28077,2016,1.333176489
28079,2016,2.2824035465
28081,2016,3.2315703191
28083,2016,3.5654781739
28085,2016,-0.116115361
28087,2016,3.3040940577
28089,2016,3.5287559681
28091,2016,-2.335801101
28093,2016,0.8371002846
28095,2016,-1.422197434
28097,2016,0.3915810083
28099,2016,0.6106455881
28101,2016,0.9295840112
28103,2016,2.3830255259
28105,2016,4.7251726505
28107,2016,3.2435749456
28109,2016,-0.909247961
28111,2016,-1.326314917
28113,2016,-0.27679223
28115,2016,5.1663003193
28117,2016,0.590028518
28119,2016,-0.940923449
28121,2016,4.4656948907
28123,2016,6.1990384446
28125,2016,-1.762891141
28127,2016,-0.29541552
28129,2016,0.5620082428
28131,2016,-0.109727328
28133,2016,0.0
28135,2016,0.6223205642
28137,2016,1.6205457012
28139,2016,0.0453710215
28141,2016,-4.72728207
28143,2016,7.3518600206
28145,2016,2.8259064978
28147,2016,-1.783448229
28149,2016,0.804752274
28151,2016,2.1021210401
28153,2016,2.6857435847
28155,2016,-2.037593602
28157,2016,-4.749019824
28159,2016,-2.06594721
28161,2016,-0.240780128
28163,2016,-0.252785151
29000,2016,2.5803391056
29001,2016,2.0159297982
29003,2016,-0.519255733
29005,2016,-3.214826021
29007,2016,1.3122346584
29009,2016,-0.085083453
29011,2016,-1.268498943
29013,2016,-1.772995445
29015,2016,-7.687210073
29017,2016,0.1631254843
29019,2016,6.4838232317
29021,2016,2.9643935906
29023,2016,0.2336503189
29025,2016,0.4433361042
29027,2016,2.2056857678
29029,2016,-2.119565824
29031,2016,1.1232871467
29033,2016,-1.918411104
29035,2016,-0.960768615
29037,2016,2.4808664402
29039,2016,-1.735483404
29041,2016,0.3979571533
29043,2016,5.2253663436
29045,2016,-1.033439138
29047,2016,5.5852950117
29049,2016,-0.340392424
29051,2016,3.3350703491
29053,2016,-1.302525767
29055,2016,-0.902082992
29057,2016,-5.138339921
29059,2016,0.8556149733
29061,2016,1.575089356
29063,2016,0.0
29065,2016,0.0
29067,2016,-2.471077165
29069,2016,-0.22799075
29071,2016,1.7662413701
29073,2016,-1.356483993
29075,2016,0.6025003766
29077,2016,2.4968268044
29079,2016,0.0992950055
29081,2016,-1.395267717
29083,2016,-2.399077278
29085,2016,-9.558586618
29087,2016,-5.81915846
29089,2016,1.5868293167
29091,2016,0.4488666118
29093,2016,-4.624618715
29095,2016,4.5910240115
29097,2016,4.3487952491
29099,2016,2.6114631136
29101,2016,4.953595095
29103,2016,-0.510204082
29105,2016,2.8765211015
29107,2016,-1.657509439
29109,2016,1.3920808983
29111,2016,0.0
29113,2016,4.4661981716
29115,2016,-3.437129179
29117,2016,-3.725261932
29119,2016,5.8165153785
29121,2016,-1.90488702
29123,2016,-1.967938994
29125,2016,-1.576842935
29127,2016,1.6031784756
29129,2016,3.8246141238
29131,2016,1.3234409465
29133,2016,-1.732664332
29135,2016,4.0170725584
29137,2016,0.0
29139,2016,-4.604891611
29141,2016,-1.793096578
29143,2016,0.055700997
29145,2016,1.1004504969
29147,2016,1.4640638864
29149,2016,-2.685682534
29151,2016,3.6094434827
29153,2016,-4.956095459
29155,2016,1.2184508268
29157,2016,1.7761989343
29159,2016,3.1697595477
29161,2016,0.9611730782
29163,2016,1.0293639614
29165,2016,5.3412341224
29167,2016,2.0754837474
29169,2016,9.2939617641
29171,2016,-1.85854414
29173,2016,-0.784352174
29175,2016,0.5598768271
29177,2016,-0.307462555
29179,2016,-4.272489912
29181,2016,-2.104270217
29183,2016,4.6575261212
29185,2016,-6.310497888
29186,2016,1.0650522716
29187,2016,-0.799469032
29189,2016,1.8269628094
29195,2016,-0.215884804
29197,2016,4.4439506721
29199,2016,4.9367479173
29201,2016,1.0801496779
29203,2016,-1.939981813
29205,2016,-2.140798683
29207,2016,-2.397271837
29209,2016,-4.619452675
29211,2016,4.7247814789
29213,2016,1.0659413365
29215,2016,-0.233168173
29217,2016,-0.048296346
29219,2016,3.7090337225
29221,2016,0.0
29223,2016,-2.774965313
29225,2016,6.4943636316
29227,2016,-8.380576781
29229,2016,1.3762351711
29510,2016,4.7308249674
30000,2016,2.4206622399
30001,2016,0.8529693997
30003,2016,9.3388121031
30005,2016,8.062108092
30007,2016,-1.043569006
30009,2016,-5.170432784
30011,2016,1.7226528854
30013,2016,2.6309348997
30015,2016,0.173100225
30017,2016,1.2538660871
30019,2016,-3.447285263
30021,2016,2.4416135881
30023,2016,-5.176496503
30025,2016,3.5160620105
30027,2016,-2.118644068
30029,2016,2.4279242281
30031,2016,6.7405566552
30033,2016,3.8714672861
30035,2016,6.9477456394
30037,2016,-2.457002457
30039,2016,-4.341758412
30041,2016,8.4534452351
30043,2016,0.5138966211
30045,2016,-0.516662361
30047,2016,1.5211439002
30049,2016,3.1550717779
30051,2016,0.4166666667
30053,2016,-4.53668457
30055,2016,0.0
30057,2016,-2.983590254
30059,2016,1.0911074741
30061,2016,-3.607503608
30063,2016,3.1240372975
30065,2016,-2.37222342
30067,2016,-0.186811134
30069,2016,-4.14507772
30071,2016,3.6324010171
30073,2016,0.1648804617
30075,2016,-2.845759818
30077,2016,-4.105571848
30079,2016,-9.56937799
30081,2016,-1.035321311
30083,2016,7.1214071214
30085,2016,10.24644466
30087,2016,6.8894988966
30089,2016,-3.163722647
30091,2016,-2.746875429
30093,2016,-0.691772234
30095,2016,-2.555230237
30097,2016,-2.487562189
30099,2016,1.8222479914
30101,2016,0.9972078181
30103,2016,-2.93255132
30105,2016,1.3198706527
30107,2016,0.0
30109,2016,-8.514664144
30111,2016,2.8876457736
31000,2016,5.5224100337
31001,2016,2.4031620553
31003,2016,-0.626959248
31005,2016,-4.362050164
31007,2016,7.0077084793
31009,2016,16.895459345
31011,2016,-0.939584704
31013,2016,3.0220879072
31015,2016,-6.52938222
31017,2016,0.0
31019,2016,7.5960770664
31021,2016,-5.047801147
31023,2016,-3.239068145
31025,2016,1.8406830109
31027,2016,1.0512790562
31029,2016,1.0156150819
31031,2016,2.7460739724
31033,2016,3.2699167658
31035,2016,1.9314340898
31037,2016,10.919781604
31039,2016,2.8837622005
31041,2016,1.1084426381
31043,2016,9.1601557716
31045,2016,-0.223851363
31047,2016,8.8942963227
31049,2016,-4.242906391
31051,2016,2.0849622101
31053,2016,1.9387253563
31055,2016,8.6272763155
31057,2016,3.9149888143
31059,2016,-2.863534676
31061,2016,-3.684474962
31063,2016,2.653525398
31065,2016,-1.667882831
31067,2016,-1.984310106
31069,2016,-4.185194873
31071,2016,-8.982035928
31073,2016,0.0
31075,2016,13.729977117
31077,2016,-0.413650465
31079,2016,7.1518961505
31081,2016,3.6067544675
31083,2016,-1.160766106
31085,2016,13.289036545
31087,2016,-2.803574558
31089,2016,2.5383188519
31091,2016,-24.33786686
31093,2016,1.4074595355
31095,2016,-3.610609638
31097,2016,-4.209720628
31099,2016,-0.152450644
31101,2016,-2.710694924
31103,2016,1.258653241
31105,2016,-1.624915369
31107,2016,-1.061821614
31109,2016,6.2653917411
31111,2016,2.1130331887
31113,2016,0.0
31115,2016,0.0
31117,2016,-4.032258065
31119,2016,5.1730543885
31121,2016,2.4292015598
31123,2016,-2.859477124
31125,2016,-1.682085786
31127,2016,-2.432393762
31129,2016,-4.420660772
31131,2016,2.8309008556
31133,2016,-0.742115028
31135,2016,4.4642857143
31137,2016,-0.434546442
31139,2016,4.883493791
31141,2016,6.1927023253
31143,2016,0.579094682
31145,2016,-1.385681293
31147,2016,-3.992763117
31149,2016,-6.380716058
31151,2016,2.5330706445
31153,2016,9.2552782241
31155,2016,1.5736391598
31157,2016,1.3486547857
31159,2016,-0.410593307
31161,2016,-1.339584729
31163,2016,-6.283068783
31165,2016,0.0
31167,2016,3.3559862405
31169,2016,-5.289450485
31171,2016,4.2402826855
31173,2016,11.680270194
31175,2016,-0.955908711
31177,2016,1.8440069773
31179,2016,4.2678047479
31181,2016,-6.705783738
31183,2016,8.843967151
31185,2016,-0.290518212
32000,2016,4.4871624212
32001,2016,0.7103905058
32003,2016,5.4580830413
32005,2016,-2.268002268
32007,2016,8.9008766015
32009,2016,1.2077294686
32011,2016,-0.504413619
32013,2016,7.0980716905
32015,2016,7.4413775201
32017,2016,-2.332361516
32019,2016,-0.93617753
32021,2016,-7.730786721
32023,2016,-8.583292737
32027,2016,1.5158405336
32029,2016,-1.780717375
32031,2016,3.6764046556
32033,2016,-0.713484864
32510,2016,-5.285773691
33000,2016,0.3867609776
33001,2016,-2.774177035
33003,2016,-3.920080931
33005,2016,-0.919461721
33007,2016,-7.065158188
33009,2016,-0.858211243
33011,2016,2.3015464734
33013,2016,-0.006717902
33015,2016,0.8137473891
33017,2016,0.9163928584
33019,2016,-1.414788014
34000,2016,3.5773606928
34001,2016,0.8374118391
34003,2016,2.7144621952
34005,2016,0.9699777331
34007,2016,3.0631554049
34009,2016,-4.291457019
34011,2016,2.9745571449
34013,2016,5.8883425724
34015,2016,1.0727105194
34017,2016,10.153929247
34019,2016,0.4715718128
34021,2016,3.5280223641
34023,2016,4.5220995964
34025,2016,1.0328374965
34027,2016,2.1091836528
34029,2016,2.3259999253
34031,2016,6.6298167284
34033,2016,-1.528341277
34035,2016,2.8263793383
34037,2016,0.0772122178
34039,2016,5.4412588897
34041,2016,-1.240595674
35000,2016,3.4069048423
35001,2016,3.1094642194
35003,2016,-5.719187875
35005,2016,4.0465197648
35006,2016,1.811694674
35007,2016,-3.565784675
35009,2016,9.1475843417
35011,2016,-10.24811219
35013,2016,6.1022120519
35015,2016,5.0968664673
35017,2016,-2.482093469
35019,2016,3.2113774515
35021,2016,-4.26742532
35023,2016,1.3698630137
35025,2016,8.5517727994
35027,2016,-0.619370822
35028,2016,2.4426802865
35029,2016,3.9401588377
35031,2016,5.7751382347
35033,2016,-2.187705097
35035,2016,4.631369091
35037,2016,-3.445203445
35039,2016,1.9589136933
35041,2016,6.7917036727
35043,2016,2.7743427066
35045,2016,6.0109289617
35047,2016,-1.245108502
35049,2016,0.4379227639
35051,2016,-15.21048629
35053,2016,1.3483409544
35055,2016,-0.821680184
35057,2016,-0.128671149
35059,2016,-1.683299267
35061,2016,1.917228613
36000,2016,4.2876602769
36001,2016,1.4470838821
36003,2016,0.550975863
36005,2016,8.0702476961
36007,2016,0.0102452193
36009,2016,0.4499177293
36011,2016,-0.820660118
36013,2016,-0.138602807
36015,2016,0.2785046621
36017,2016,-1.23600482
36019,2016,0.7195226339
36021,2016,-2.66625228
36023,2016,0.3534119848
36025,2016,-4.053284256
36027,2016,0.5621154619
36029,2016,0.2892370123
36031,2016,-3.411074092
36033,2016,0.0787238858
36035,2016,-1.787526417
36037,2016,-0.549474136
36039,2016,-2.796761644
36041,2016,-5.402485143
36043,2016,-1.135200819
36045,2016,9.8800528448
36047,2016,9.8013941149
36049,2016,3.2539177918
36051,2016,-0.623324815
36053,2016,0.1258538836
36055,2016,2.151278379
36057,2016,0.4861596427
36059,2016,2.5844845344
36061,2016,4.5856556583
36063,2016,-0.896412463
36065,2016,-0.190625142
36067,2016,1.9174837111
36069,2016,-0.439359268
36071,2016,5.8598570598
36073,2016,0.9428488541
36075,2016,2.1120563215
36077,2016,-0.580257966
36079,2016,0.929546442
36081,2016,7.0731299109
36083,2016,1.2424308976
36085,2016,3.7151742043
36087,2016,9.3534743576
36089,2016,1.7834638325
36091,2016,1.7563989409
36093,2016,2.0309953171
36095,2016,-1.371413992
36097,2016,-1.111296327
36099,2016,0.2014069716
36101,2016,0.91512475
36103,2016,2.6732716151
36105,2016,1.1218398173
36107,2016,0.0611128653
36109,2016,1.2624546002
36111,2016,-1.070532478
36113,2016,-1.831473405
36115,2016,-0.225731814
36117,2016,0.7690237244
36119,2016,3.8359188052
36121,2016,0.2949779996
36123,2016,2.47075936
37000,2016,3.1308154774
37001,2016,0.7941510147
37003,2016,-1.32266206
37005,2016,-4.225028703
37007,2016,-4.136545394
37009,2016,-5.260389269
37011,2016,-4.237288136
37013,2016,-2.78604445
37015,2016,-3.233548061
37017,2016,-2.362634929
37019,2016,-2.856970404
37021,2016,-0.074964145
37023,2016,-1.800975435
37025,2016,4.7232027334
37027,2016,-1.616814875
37029,2016,0.1934329513
37031,2016,-3.184991274
37033,2016,-3.11622191
37035,2016,0.480807757
37037,2016,0.2465465357
37039,2016,-4.225018667
37041,2016,-3.655664522
37043,2016,-4.959760434
37045,2016,-1.805892369
37047,2016,-1.788132818
37049,2016,3.0853833613
37051,2016,8.6728780649
37053,2016,1.4188310409
37055,2016,-0.280516712
37057,2016,0.0610210034
37059,2016,-2.39323194
37061,2016,2.5728262157
37063,2016,7.7684068358
37065,2016,-0.896978304
37067,2016,3.0407852428
37069,2016,2.3374680546
37071,2016,1.1035035072
37073,2016,-0.952380952
37075,2016,-2.219755827
37077,2016,0.8900604214
37079,2016,0.8089844865
37081,2016,3.6530627532
37083,2016,-1.250036059
37085,2016,6.5401920312
37087,2016,-2.515597538
37089,2016,-2.750299428
37091,2016,-1.029187765
37093,2016,11.80476731
37095,2016,-5.524861878
37097,2016,2.4216261746
37099,2016,0.0953209337
37101,2016,4.4953144991
37103,2016,-2.788536019
37105,2016,3.2096255157
37107,2016,-1.73579469
37109,2016,-0.494327591
37111,2016,-0.801487204
37113,2016,-3.452715356
37115,2016,-1.458377437
37117,2016,-1.509141083
37119,2016,8.4386732174
37121,2016,-6.385738517
37123,2016,0.0
37125,2016,0.3062011002
37127,2016,-0.383511151
37129,2016,1.3416443247
37131,2016,-5.11559272
37133,2016,15.29209087
37135,2016,2.830009363
37137,2016,-6.586685486
37139,2016,1.4725297045
37141,2016,0.877819565
37143,2016,-4.615670947
37145,2016,-0.713739485
37147,2016,4.7559463484
37149,2016,-7.004996571
37151,2016,0.4201136407
37153,2016,-1.039351621
37155,2016,2.777746665
37157,2016,-2.229934687
37159,2016,0.1583263466
37161,2016,-2.683531709
37163,2016,2.3031297325
37165,2016,0.9061305394
37167,2016,-0.773993808
37169,2016,-2.780221332
37171,2016,-2.055469911
37173,2016,0.9117688315
37175,2016,-4.267468069
37177,2016,-0.980031851
37179,2016,4.6092613581
37181,2016,0.2248605864
37183,2016,7.3474370899
37185,2016,-3.691601606
37187,2016,-3.289879508
37189,2016,0.2238116998
37191,2016,3.6683815278
37193,2016,-1.563424631
37195,2016,1.8825324368
37197,2016,-1.567647997
37199,2016,-3.071672355
38000,2016,6.8889625456
38001,2016,-4.64037123
38003,2016,-1.186835258
38005,2016,13.030746706
38007,2016,11.603375527
38009,2016,-3.306530398
38011,2016,3.6928758271
38013,2016,7.8757383505
38015,2016,6.8896851723
38017,2016,9.1037977913
38019,2016,3.9210560711
38021,2016,-1.19510009
38023,2016,-1.649484536
38025,2016,7.374301676
38027,2016,-2.612671457
38029,2016,-5.64216778
38031,2016,-1.808863431
38033,2016,5.8886509636
38035,2016,7.8253151074
38037,2016,0.8376963351
38039,2016,-9.238891333
38041,2016,1.52264941
38043,2016,6.9049553209
38045,2016,-0.969814523
38047,2016,-3.111226342
38049,2016,2.009208874
38051,2016,-9.405568096
38053,2016,12.457620437
38055,2016,2.1753768063
38057,2016,1.3791518216
38059,2016,8.1336809826
38061,2016,8.2745193478
38063,2016,-6.892986386
38065,2016,4.2553191489
38067,2016,2.9835902536
38069,2016,-3.769584168
38071,2016,3.4451574006
38073,2016,-5.172732311
38075,2016,0.3946329913
38077,2016,3.6224098235
38079,2016,10.403209356
38081,2016,3.8714672861
38083,2016,5.2770448549
38085,2016,8.1503282771
38087,2016,1.2804097311
38089,2016,9.7242148892
38091,2016,5.2260256075
38093,2016,-0.379912145
38095,2016,0.0
38097,2016,-1.125844383
38099,2016,-0.092302012
38101,2016,11.355854828
38103,2016,-3.683693517
38105,2016,13.464913543
39000,2016,1.8146476393
39001,2016,-1.040676081
39003,2016,1.2324994704
39005,2016,0.3931479921
39007,2016,-0.48836322
39009,2016,0.2117394395
39011,2016,1.1147540984
39013,2016,-3.00918018
39015,2016,-0.618308811
39017,2016,3.3379642395
39019,2016,-0.397549649
39021,2016,-0.463296613
39023,2016,-1.745116816
39025,2016,2.6162503702
39027,2016,1.9109953897
39029,2016,-1.707180227
39031,2016,2.2952701041
39033,2016,-1.942690627
39035,2016,0.8850392159
39037,2016,-0.038608175
39039,2016,0.9154395418
39041,2016,5.433571895
39043,2016,-2.154842743
39045,2016,2.9272175317
39047,2016,-0.104746775
39049,2016,7.5881692179
39051,2016,1.418322361
39053,2016,-0.661868123
39055,2016,0.6711445145
39057,2016,2.4820822789
39059,2016,0.5597750722
39061,2016,3.5388642689
39063,2016,1.6632675287
39065,2016,1.6504268893
39067,2016,-2.610369694
39069,2016,-0.109563026
39071,2016,1.7448758812
39073,2016,1.2303798358
39075,2016,9.0278015252
39077,2016,3.4283559319
39079,2016,0.4301934334
39081,2016,-3.57039252
39083,2016,2.0670986794
39085,2016,-0.957852321
39087,2016,-2.154357229
39089,2016,2.2124668714
39091,2016,1.0400761247
39093,2016,0.9836215573
39095,2016,2.5366065329
39097,2016,-0.457059281
39099,2016,-2.527509386
39101,2016,-0.061116289
39103,2016,1.9659945269
39105,2016,-2.157683511
39107,2016,3.8311353422
39109,2016,1.0161627394
39111,2016,-2.893845285
39113,2016,0.8988383736
39115,2016,-2.036106963
39117,2016,1.1736921205
39119,2016,0.3136125259
39121,2016,-0.553480006
39123,2016,-3.274168534
39125,2016,0.0529128525
39127,2016,2.6123810186
39129,2016,0.2968550823
39131,2016,-0.533712862
39133,2016,-0.369100165
39135,2016,-1.237053387
39137,2016,3.8510722737
39139,2016,0.1975877825
39141,2016,-0.727759475
39143,2016,0.7744629268
39145,2016,-0.951586412
39147,2016,0.4319771052
39149,2016,2.863132062
39151,2016,0.1710859413
39153,2016,0.3934277252
39155,2016,-2.14298235
39157,2016,1.3275840668
39159,2016,5.2014658677
39161,2016,-0.318606627
39163,2016,0.3064664419
39165,2016,3.3214698836
39167,2016,-2.729859067
39169,2016,3.9686118878
39171,2016,1.2171372931
39173,2016,1.6367307076
39175,2016,0.0452008046
40000,2016,3.4656183881
40001,2016,3.0069114083
40003,2016,2.5310048089
40005,2016,-2.375553396
40007,2016,0.3673094582
40009,2016,4.3496226702
40011,2016,3.6106669418
40013,2016,1.566983006
40015,2016,1.1174508576
40017,2016,5.8765915769
40019,2016,1.8556892339
40021,2016,2.4905574938
40023,2016,-2.344194769
40025,2016,-5.437245129
40027,2016,3.545726457
40029,2016,-2.664298401
40031,2016,5.6806159155
40033,2016,-3.852919005
40035,2016,-4.044697333
40037,2016,-0.126767705
40039,2016,4.6268732883
40041,2016,-2.509890162
40043,2016,-1.011224593
40045,2016,-1.444390948
40047,2016,4.087767713
40049,2016,1.2173290369
40051,2016,1.0984786071
40053,2016,-1.563547018
40055,2016,0.1668752607
40057,2016,-1.092100473
40059,2016,1.8416206262
40061,2016,-0.235802712
40063,2016,-2.961975638
40065,2016,5.8154384173
40067,2016,-3.195909236
40069,2016,-0.452632055
40071,2016,1.0207817857
40073,2016,3.0127239512
40075,2016,-2.866435147
40077,2016,-2.266931142
40079,2016,-0.319482438
40081,2016,-0.429799427
40083,2016,4.1806660611
40085,2016,1.5127830165
40087,2016,2.376910017
40089,2016,0.9962113779
40091,2016,-2.324230099
40093,2016,-0.77309625
40095,2016,-0.553795034
40097,2016,0.2929544456
40099,2016,-2.448773813
40101,2016,-1.792801324
40103,2016,-0.696864111
40105,2016,-0.955383587
40107,2016,-1.571156868
40109,2016,6.888674916
40111,2016,-0.819042744
40113,2016,-0.485734198
40115,2016,-1.575944779
40117,2016,-1.701610453
40119,2016,4.2153504929
40121,2016,-2.784921
40123,2016,2.1861336665
40125,2016,0.4878728743
40127,2016,-1.529327096
40129,2016,6.9854916711
40131,2016,1.5353008748
40133,2016,0.5540604717
40135,2016,-1.028105536
40137,2016,-0.361279834
40139,2016,8.2572896385
40141,2016,-1.192684866
40143,2016,6.0508962463
40145,2016,3.3809385019
40147,2016,0.9604487216
40149,2016,1.8166089965
40151,2016,2.1668472373
40153,2016,5.4012164479
41000,2016,2.5312838956
41001,2016,-4.206825103
41003,2016,1.7166804113
41005,2016,1.9670781076
41007,2016,1.0983981693
41009,2016,1.2133146364
41011,2016,-4.287007193
41013,2016,-0.959758689
41015,2016,-9.710467706
41017,2016,1.8765215039
41019,2016,-3.390932739
41021,2016,-4.832214765
41023,2016,-4.870242816
41025,2016,-1.667477246
41027,2016,4.8698828184
41029,2016,0.1831979313
41031,2016,2.8961976435
41033,2016,-3.834572316
41035,2016,0.7583340917
41037,2016,-3.459542572
41039,2016,0.1860923346
41041,2016,-3.291416997
41043,2016,1.5719841156
41045,2016,4.6902611022
41047,2016,5.0147341679
41049,2016,7.605583393
41051,2016,4.4563839269
41053,2016,2.7681143156
41055,2016,0.5887547836
41057,2016,-1.818991041
41059,2016,4.1918865448
41061,2016,0.618190248
41063,2016,-2.476689977
41065,2016,-0.117098304
41067,2016,6.3425750751
41069,2016,-2.268431002
41071,2016,2.4628743593
42000,2016,0.8047060165
42001,2016,-0.51050712
42003,2016,-0.07982884
42005,2016,-2.971701299
42007,2016,-2.698515518
42009,2016,-2.568079795
42011,2016,1.8798395036
42013,2016,-2.762742445
42015,2016,-0.179246513
42017,2016,0.0591462006
42019,2016,-0.171961653
42021,2016,-3.852951834
42023,2016,-3.162555345
42025,2016,-3.347688052
42027,2016,1.8604651163
42029,2016,3.033468951
42031,2016,-0.129088891
42033,2016,-1.827062903
42035,2016,0.4335794534
42037,2016,-1.897390335
42039,2016,-0.451347097
42041,2016,1.5696199451
42043,2016,3.3182222661
42045,2016,2.1545202776
42047,2016,-3.224283086
42049,2016,0.8731040653
42051,2016,-2.695762833
42053,2016,-6.252123683
42055,2016,2.0146502235
42057,2016,-3.171757567
42059,2016,-1.313479246
42061,2016,-1.782590037
42063,2016,-0.721341229
42065,2016,-1.697312588
42067,2016,0.0816259897
42069,2016,-2.029006756
42071,2016,3.8604394346
42073,2016,-3.191847111
42075,2016,0.8986842248
42077,2016,2.5262877974
42079,2016,-2.188180363
42081,2016,-0.373144042
42083,2016,-1.998334721
42085,2016,-2.245581774
42087,2016,1.2507682521
42089,2016,-0.354672814
42091,2016,1.6921497082
42093,2016,-0.54710581
42095,2016,-0.628536557
42097,2016,-2.300700471
42099,2016,1.6123058152
42101,2016,5.0020399629
42103,2016,-1.59598103
42105,2016,-3.113983549
42107,2016,-4.054044657
42109,2016,2.8666040627
42111,2016,-3.740606884
42113,2016,-9.198741225
42115,2016,-2.288412203
42117,2016,-0.193309089
42119,2016,0.3517527178
42121,2016,-1.896975273
42123,2016,-2.165256346
42125,2016,-2.500578168
42127,2016,-3.509044028
42129,2016,-3.85054273
42131,2016,-2.059322952
42133,2016,1.8612341518
44000,2016,1.0128571327
44001,2016,-4.470710721
44003,2016,-0.616873004
44005,2016,-1.430090793
44007,2016,2.7635261837
44009,2016,-1.934097989
45000,2016,2.1317969938
45001,2016,-3.397164985
45003,2016,1.6583548639
45005,2016,-3.892523112
45007,2016,0.2003688843
45009,2016,-4.595336077
45011,2016,-0.968031899
45013,2016,2.5235550168
45015,2016,6.46758554
45017,2016,-1.28800461
45019,2016,4.8283493812
45021,2016,0.3887097487
45023,2016,-1.885421979
45025,2016,-0.693729337
45027,2016,-2.079428304
45029,2016,-0.826468314
45031,2016,-0.356138568
45033,2016,0.0
45035,2016,4.3497679476
45037,2016,-0.861294188
45039,2016,-4.263080405
45041,2016,1.6010962461
45043,2016,-3.609139903
45045,2016,4.2403098113
45047,2016,0.7706029254
45049,2016,-1.25779835
45051,2016,-0.831719628
45053,2016,4.4288414799
45055,2016,1.3281872588
45057,2016,1.9990459099
45059,2016,-0.405941785
45061,2016,-3.907687951
45063,2016,2.9122179339
45065,2016,-8.321198253
45067,2016,-0.34629309
45069,2016,-2.492485888
45071,2016,-0.184925898
45073,2016,-1.469835562
45075,2016,-0.833436574
45077,2016,0.5234745624
45079,2016,4.6599969081
45081,2016,1.3384226441
45083,2016,2.1592668536
45085,2016,3.351600646
45087,2016,-3.789998015
45089,2016,-2.452235725
45091,2016,3.6583063222
46000,2016,5.3162988123
46003,2016,6.5359477124
46005,2016,6.6088393226
46007,2016,11.398509426
46009,2016,-2.737160556
46011,2016,7.7238219703
46013,2016,4.2432082794
46015,2016,3.8244574051
46017,2016,5.3294573643
46019,2016,0.8853474989
46021,2016,-2.85816363
46023,2016,2.7780745806
46025,2016,3.5684875103
46027,2016,2.9601819429
46029,2016,4.7890495166
46031,2016,9.6466899795
46033,2016,-3.988269795
46035,2016,1.6530167556
46037,2016,-0.181735575
46039,2016,2.5652985075
46041,2016,16.710182768
46043,2016,2.3846022824
46045,2016,1.0081915564
46047,2016,-7.361059993
46049,2016,-2.595155709
46051,2016,-1.94040194
46053,2016,-1.437125749
46055,2016,2.6773761714
46057,2016,8.2401412596
46059,2016,-7.901534721
46061,2016,5.317577548
46063,2016,10.248324793
46065,2016,5.4040217299
46067,2016,0.1370426203
46069,2016,-3.677822729
46071,2016,11.893870082
46073,2016,0.0
46075,2016,1.0822510823
46077,2016,0.604534005
46079,2016,1.8445005814
46081,2016,0.0398851308
46083,2016,9.8766809888
46085,2016,8.739236602
46087,2016,-0.181967064
46089,2016,-3.322949117
46091,2016,3.9361922519
46093,2016,4.3615664677
46095,2016,7.3152889539
46097,2016,-4.057709648
46099,2016,8.9313970252
46101,2016,4.6292724327
46102,2016,11.117673627
46103,2016,5.2486429496
46105,2016,-1.008742434
46107,2016,-6.152493957
46109,2016,5.7840301946
46111,2016,3.8119440915
46115,2016,-1.532919445
46117,2016,9.3551620448
46119,2016,2.845962291
46121,2016,16.770247608
46123,2016,0.7328020518
46125,2016,-2.318486882
46127,2016,3.7921628634
46129,2016,-0.367782273
46135,2016,1.1471178664
46137,2016,4.5550105116
47000,2016,2.2051524569
47001,2016,-2.01345838
47003,2016,2.4790761733
47005,2016,-5.510494706
47007,2016,0.0
47009,2016,-0.84633529
47011,2016,1.7390134701
47013,2016,-3.997184373
47015,2016,-0.796639629
47017,2016,-4.330476173
47019,2016,-3.650928683
47021,2016,1.159157343
47023,2016,-0.233556185
47025,2016,-5.254079033
47027,2016,-7.83443233
47029,2016,-3.865173649
47031,2016,-0.202522323
47033,2016,-1.377695116
47035,2016,-4.726148788
47037,2016,6.9858277034
47039,2016,-3.428326548
47041,2016,-1.135894259
47043,2016,0.0387469245
47045,2016,0.478119397
47047,2016,-0.050643809
47049,2016,-2.721844188
47051,2016,-3.017100928
47053,2016,-2.08969456
47055,2016,-0.344009082
47057,2016,-2.133077944
47059,2016,-3.734091821
47061,2016,-3.907864577
47063,2016,0.1889257994
47065,2016,2.4737584825
47067,2016,-3.039513678
47069,2016,-1.206202214
47071,2016,-2.83528178
47073,2016,-2.975162704
47075,2016,-1.115511183
47077,2016,-1.895124524
47079,2016,-4.692428409
47081,2016,0.2039193295
47083,2016,-3.328197227
47085,2016,-2.134646962
47087,2016,-4.925469864
47089,2016,-2.354958129
47091,2016,-5.336928738
47093,2016,2.2636452403
47095,2016,-5.022137051
47097,2016,-0.727648737
47099,2016,0.723893144
47101,2016,-3.029537995
47103,2016,-2.322361663
47105,2016,-2.131216455
47107,2016,-2.07220395
47109,2016,-3.017641597
47111,2016,2.1113409169
47113,2016,2.2456125959
47115,2016,-2.007749207
47117,2016,0.2514734774
47119,2016,2.6330510055
47121,2016,-3.19905712
47123,2016,-1.355591267
47125,2016,11.178268041
47127,2016,-1.752429505
47129,2016,-1.665317451
47131,2016,-0.327289389
47133,2016,-3.588380913
47135,2016,-4.195270786
47137,2016,-2.737047898
47139,2016,-2.979471442
47141,2016,0.6355132763
47143,2016,-1.110305797
47145,2016,-4.767580453
47147,2016,2.9692931634
47149,2016,7.2488656103
47151,2016,0.4111184706
47153,2016,-0.816465385
47155,2016,0.9484748837
47157,2016,5.6922045307
47159,2016,1.9055466859
47161,2016,-1.213178148
47163,2016,-3.610975059
47165,2016,3.2030857897
47167,2016,2.0202678484
47169,2016,0.5553704321
47171,2016,-6.468669142
47173,2016,-0.833811038
47175,2016,-2.803083392
47177,2016,-0.917090098
47179,2016,-0.552521075
47181,2016,-3.998329057
47183,2016,-0.978038588
47185,2016,-3.181516902
47187,2016,4.8826038076
47189,2016,3.3099643719
48000,2016,7.661751221
48001,2016,-1.024616854
48003,2016,10.651646544
48005,2016,3.2818455823
48007,2016,-3.682798927
48009,2016,-1.823985408
48011,2016,-12.82051282
48013,2016,6.2214805888
48015,2016,1.9966159052
48017,2016,9.986822942
48019,2016,-2.940833236
48021,2016,4.9168438779
48023,2016,-4.967572789
48025,2016,4.096043039
48027,2016,12.09445191
48029,2016,7.9377682319
48031,2016,-2.418271384
48033,2016,4.5731707317
48035,2016,-3.233629749
48037,2016,2.6706135976
48039,2016,7.3598689542
48041,2016,8.5138200492
48043,2016,1.3076168683
48045,2016,-8.008008008
48047,2016,4.8678720445
48049,2016,-2.005938634
48051,2016,-1.410079246
48053,2016,1.303133041
48055,2016,5.1492043253
48057,2016,5.2469487852
48059,2016,-2.849002849
48061,2016,10.482873454
48063,2016,0.9422850412
48065,2016,-0.825832026
48067,2016,-2.39210605
48069,2016,6.6872427984
48071,2016,6.4148703767
48073,2016,4.0213829304
48075,2016,-0.556599179
48077,2016,-2.620087336
48079,2016,1.3563919973
48081,2016,-3.700277521
48083,2016,-4.543280727
48085,2016,7.4858054261
48087,2016,-2.659132458
48089,2016,0.5709935287
48091,2016,3.3138505271
48093,2016,-0.742445616
48095,2016,-2.679006332
48097,2016,4.203125597
48099,2016,6.5717995601
48101,2016,-9.855684618
48103,2016,9.0034786167
48105,2016,4.066693778
48107,2016,1.8598359963
48109,2016,4.4702726866
48111,2016,17.191977077
48113,2016,9.4800903731
48115,2016,4.2330485646
48117,2016,10.405882509
48119,2016,-1.358431981
48121,2016,8.3776505294
48123,2016,-0.678705611
48125,2016,-2.7291335
48127,2016,6.4847839177
48129,2016,-4.426084391
48131,2016,1.7569288883
48133,2016,-3.407342273
48135,2016,11.077507938
48137,2016,-3.666841278
48139,2016,5.8680915736
48141,2016,9.6697537326
48143,2016,2.6646318569
48145,2016,1.9714716456
48147,2016,-2.698895232
48149,2016,-1.841362608
48151,2016,-1.031725561
48153,2016,1.5397775877
48155,2016,-9.072164948
48157,2016,9.4704249632
48159,2016,0.1879699248
48161,2016,0.5581631359
48163,2016,5.2381563744
48165,2016,15.394830681
48167,2016,4.9030923647
48169,2016,3.6499246211
48171,2016,-3.33832163
48173,2016,9.4717668488
48175,2016,-1.064891847
48177,2016,4.6976777974
48179,2016,2.3040472982
48181,2016,1.2681209362
48183,2016,4.4018821283
48185,2016,2.3725658387
48187,2016,5.2512538106
48189,2016,4.0210739496
48191,2016,-5.155469631
48193,2016,-6.373720659
48195,2016,3.0232971723
48197,2016,-0.253100481
48199,2016,1.9107142857
48201,2016,10.318231511
48203,2016,2.4006721882
48205,2016,0.1747946163
48207,2016,-4.320774283
48209,2016,7.199254524
48211,2016,4.2969682502
48213,2016,-2.168544819
48215,2016,13.575526152
48217,2016,-1.372801373
48219,2016,3.3654779626
48221,2016,-0.85870693
48223,2016,2.1896697479
48225,2016,-1.884146876
48227,2016,2.7544077342
48229,2016,5.1314945478
48231,2016,1.7183928621
48233,2016,1.7081784816
48235,2016,0.6441223833
48237,2016,0.0
48239,2016,4.9863549072
48241,2016,0.7922697112
48243,2016,-2.257336343
48245,2016,4.5100418901
48247,2016,6.4436653084
48249,2016,5.8521957825
48251,2016,4.4891775429
48253,2016,-1.502366227
48255,2016,3.3649335102
48257,2016,6.12177152
48259,2016,0.1466257744
48261,2016,-6.841505131
48263,2016,0.0
48265,2016,-3.753445546
48267,2016,-3.861880963
48269,2016,6.968641115
48271,2016,4.4290657439
48273,2016,5.3255098299
48275,2016,-4.51887294
48277,2016,2.2042244264
48279,2016,4.0069554699
48281,2016,-0.782663993
48283,2016,3.8075231406
48285,2016,-2.00954534
48287,2016,0.590964158
48289,2016,0.2337267734
48291,2016,4.1518792226
48293,2016,2.003666283
48295,2016,4.8206436977
48297,2016,-0.578608034
48299,2016,-6.146583729
48301,2016,16.949152542
48303,2016,6.0123477968
48305,2016,3.9927089662
48307,2016,-0.976860614
48309,2016,5.6389795475
48311,2016,1.2239902081
48313,2016,1.0680717744
48315,2016,-6.909826761
48317,2016,10.122535962
48319,2016,-0.486736432
48321,2016,3.7912638449
48323,2016,12.232098893
48325,2016,3.9936102236
48327,2016,-9.467455621
48329,2016,11.42321064
48331,2016,0.3262509686
48333,2016,-6.753299908
48335,2016,-2.077322562
48337,2016,-1.552714663
48339,2016,6.7591288112
48341,2016,13.697366601
48343,2016,-1.935561918
48345,2016,-7.772020725
48347,2016,4.5187045363
48349,2016,2.9403847348
48351,2016,-1.48315559
48353,2016,2.1223677665
48355,2016,5.7606079657
48357,2016,9.9260319733
48359,2016,3.8666022233
48361,2016,2.7892512937
48363,2016,-0.392219786
48365,2016,0.0849509408
48367,2016,3.5427148507
48369,2016,9.6134178769
48371,2016,5.0139450346
48373,2016,-2.821712334
48375,2016,5.6468681791
48377,2016,10.272285935
48379,2016,-6.506238859
48381,2016,4.5373225229
48383,2016,9.2924465684
48385,2016,-1.19474313
48387,2016,-3.588321644
48389,2016,6.3630165893
48391,2016,-1.233045623
48393,2016,1.0989010989
48395,2016,0.3581875709
48397,2016,5.4251025377
48399,2016,-2.613366888
48401,2016,1.4170059609
48403,2016,-6.627923731
48405,2016,-6.852196911
48407,2016,-1.887717133
48409,2016,5.7726068974
48411,2016,0.0
48413,2016,0.3198976328
48415,2016,4.1757236014
48417,2016,2.0989505247
48419,2016,4.7900429926
48421,2016,3.590078329
48423,2016,4.7145464986
48425,2016,-0.694082943
48427,2016,14.068363454
48429,2016,-2.238567317
48431,2016,2.245508982
48433,2016,-1.429081815
48435,2016,5.8966799128
48437,2016,2.5494800403
48439,2016,8.1193762355
48441,2016,5.3452769925
48443,2016,-3.560830861
48445,2016,3.8387715931
48447,2016,-8.397932817
48449,2016,6.8828834365
48451,2016,5.4944120299
48453,2016,9.0799546505
48455,2016,-7.633587786
48457,2016,-2.710723716
48459,2016,0.4192975533
48461,2016,8.9893761918
48463,2016,5.6635202665
48465,2016,11.553955952
48467,2016,-0.148427136
48469,2016,5.4189381049
48471,2016,1.4998493142
48473,2016,5.9987637683
48475,2016,5.2581673994
48477,2016,0.8911118777
48479,2016,14.593316438
48481,2016,4.1690765375
48483,2016,3.7580529707
48485,2016,2.9665670185
48487,2016,1.7736649316
48489,2016,6.3267925912
48491,2016,7.4104498166
48493,2016,3.8159136178
48495,2016,7.025467319
48497,2016,2.9842541328
48499,2016,-4.558535743
48501,2016,12.604070305
48503,2016,-1.820137338
48505,2016,12.025294585
48507,2016,5.8122876673
49000,2016,10.90226394
49001,2016,7.1701348297
49003,2016,9.8090667074
49005,2016,14.386228906
49007,2016,1.1298047403
49009,2016,-5.497022446
49011,2016,11.956832254
49013,2016,11.466211271
49015,2016,4.0846097739
49017,2016,1.4121444422
49019,2016,4.2768476503
49021,2016,10.491977625
49023,2016,12.611860713
49025,2016,1.3950892857
49027,2016,6.646884273
49029,2016,9.4604846267
49031,2016,-4.745762712
49033,2016,9.1047040971
49035,2016,9.7624980764
49037,2016,8.8327662915
49039,2016,6.4955256884
49041,2016,5.3823620472
49043,2016,6.7122467312
49045,2016,9.3044455446
49047,2016,11.072851259
49049,2016,16.277499989
49051,2016,10.186072311
49053,2016,5.6814924746
49055,2016,-0.746129453
49057,2016,8.4856623327
50000,2016,0.0336303211
50001,2016,0.4332520986
50003,2016,-3.580150977
50005,2016,-1.611868616
50007,2016,2.8619570335
50009,2016,-3.704598534
50011,2016,2.7973170259
50013,2016,-1.305104408
50015,2016,1.7401277412
50017,2016,0.0346050696
50019,2016,-2.416356877
50021,2016,-3.117995045
50023,2016,-0.068371978
50025,2016,-1.735930285
50027,2016,-1.803654203
51000,2016,4.4814205463
51001,2016,-1.155278559
51003,2016,3.5452946849
51005,2016,-4.154225626
51007,2016,-1.641586867
51009,2016,0.9101894136
51011,2016,-0.838168923
51013,2016,9.9954981112
51015,2016,-0.080468865
51017,2016,-4.735595896
51019,2016,-1.45223683
51021,2016,-5.075361427
51023,2016,-2.011045744
51025,2016,-3.884887787
51027,2016,-4.448002847
51029,2016,-1.174122344
51031,2016,1.3179869104
51033,2016,3.3333888898
51035,2016,-3.419433782
51036,2016,-3.835227273
51037,2016,-2.304716438
51041,2016,4.5471150619
51043,2016,-1.612168366
51045,2016,-3.705148206
51047,2016,4.2054671072
51049,2016,-0.615353059
51051,2016,-4.832037068
51053,2016,2.4021478027
51057,2016,-3.247192531
51059,2016,8.825219766
51061,2016,3.3812341505
51063,2016,-0.256204964
51065,2016,0.9174311927
51067,2016,-0.783022645
51069,2016,3.3545271247
51071,2016,-3.632141475
51073,2016,-0.89039987
51075,2016,-0.582306831
51077,2016,-5.153019544
51079,2016,3.2734074613
51081,2016,-7.04285837
51083,2016,-2.082946942
51085,2016,0.3858006086
51087,2016,3.9212309282
51089,2016,-3.62986919
51091,2016,-0.907852928
51093,2016,1.7658825964
51095,2016,-1.553673279
51097,2016,-1.838885353
51099,2016,5.763127665
51101,2016,2.3250833665
51103,2016,-9.909242452
51105,2016,-0.697292863
51107,2016,10.627205224
51109,2016,2.1454623471
51111,2016,-2.189159606
51113,2016,-1.684017146
51115,2016,-8.63489178
51117,2016,-3.984773629
51119,2016,-7.091205972
51121,2016,2.4553811212
51125,2016,-5.276509386
51127,2016,2.1746484318
51131,2016,-6.477867287
51133,2016,-9.010115903
51135,2016,-3.408250539
51137,2016,-1.389440254
51139,2016,-2.538017385
51141,2016,-6.93589887
51143,2016,-2.909937436
51145,2016,0.8849714154
51147,2016,0.8235804075
51149,2016,5.274344643
51153,2016,10.433356768
51155,2016,-3.032069971
51157,2016,0.2706359946
51159,2016,-4.447231883
51161,2016,-1.465993237
51163,2016,-3.210988717
51165,2016,2.4966415735
51167,2016,-3.582024749
51169,2016,-5.58835459
51171,2016,-1.119468253
51173,2016,-3.837237189
51175,2016,-0.386569472
51177,2016,5.6202143951
51179,2016,6.7306914607
51181,2016,-3.93194707
51183,2016,-5.539686661
51185,2016,-2.139666118
51187,2016,2.9532235077
51191,2016,-2.91598996
51193,2016,-1.193249616
51195,2016,-2.213768623
51197,2016,-4.447585719
51199,2016,3.7601191442
51510,2016,13.610352116
51520,2016,-2.512122451
51530,2016,-0.154273372
51540,2016,4.933293295
51550,2016,4.8965772629
51570,2016,-4.534756903
51580,2016,-4.424778761
51590,2016,-4.35344209
51595,2016,8.1551286698
51600,2016,2.5389448317
51610,2016,4.5404613695
51620,2016,-5.443987418
51630,2016,7.4464124249
51640,2016,-15.96538347
51650,2016,3.703458279
51660,2016,5.0839319506
51670,2016,0.2233638597
51678,2016,-6.149545772
51680,2016,3.5380625016
51683,2016,11.840480399
51685,2016,13.994169096
51690,2016,-9.141115978
51700,2016,6.6174373628
51710,2016,6.807047631
51720,2016,1.7541661446
51730,2016,-2.339107346
51735,2016,-1.084553456
51740,2016,4.1984114965
51750,2016,-0.462173951
51760,2016,5.624964984
51770,2016,2.8039355597
51775,2016,-6.164058796
51790,2016,-2.565110362
51800,2016,4.3999932308
51810,2016,6.5750421342
51820,2016,0.4157139888
51830,2016,5.1206036922
51840,2016,5.8626617208
53000,2016,4.8474149472
53001,2016,12.27915652
53003,2016,-1.486519967
53005,2016,6.3485113835
53007,2016,3.2870321281
53009,2016,-3.716715726
53011,2016,4.6974065588
53013,2016,-2.77252678
53015,2016,1.4537472502
53017,2016,5.4693508808
53019,2016,-1.594578433
53021,2016,14.341124264
53023,2016,1.7905102954
53025,2016,8.6711975627
53027,2016,-0.813795232
53029,2016,2.7950579418
53031,2016,-5.518457444
53033,2016,5.9722382708
53035,2016,3.5836393082
53037,2016,2.2722883079
53039,2016,0.6620794022
53041,2016,0.8150923552
53043,2016,-1.357904947
53045,2016,-0.357337188
53047,2016,1.3022246337
53049,2016,-4.934288561
53051,2016,-3.432756122
53053,2016,6.0093526997
53055,2016,-4.552865537
53057,2016,2.1536779762
53059,2016,0.6969855376
53061,2016,5.9018196207
53063,2016,3.0421136906
53065,2016,-1.117522293
53067,2016,3.6367529888
53069,2016,-7.820136852
53071,2016,1.2006003002
53073,2016,3.1149810976
53075,2016,3.4024827814
53077,2016,8.0583030091
54000,2016,-1.659645752
54001,2016,-1.364094656
54003,2016,3.2153912429
54005,2016,-3.951281996
54007,2016,-3.62394592
54009,2016,-7.458617757
54011,2016,-1.633179551
54013,2016,-1.482779538
54015,2016,-1.581563488
54017,2016,-0.810232074
54019,2016,-3.105100916
54021,2016,-2.919708029
54023,2016,-1.806218552
54025,2016,-3.374957813
54027,2016,-1.758637699
54029,2016,-4.225210422
54031,2016,-1.447282727
54033,2016,-1.095818357
54035,2016,-0.514068337
54037,2016,1.7492347098
54039,2016,-2.291189336
54041,2016,-2.872070641
54043,2016,-1.745818293
54045,2016,-6.077956397
54047,2016,-6.263798326
54049,2016,-1.500904957
54051,2016,-3.691248925
54053,2016,-3.923963944
54055,2016,-2.6937133
54057,2016,-2.409110819
54059,2016,-2.238522575
54061,2016,3.7846370362
54063,2016,-1.92165558
54065,2016,-5.410639025
54067,2016,-0.824628917
54069,2016,-2.500058413
54071,2016,-2.698863636
54073,2016,-1.467743012
54075,2016,-1.8712356
54077,2016,-1.834265258
54079,2016,0.2118887231
54081,2016,-3.293005942
54083,2016,-3.365037943
54085,2016,-0.597937117
54087,2016,-4.703569799
54089,2016,-6.279915757
54091,2016,-0.472227141
54093,2016,-3.95983595
54095,2016,-3.347280335
54097,2016,-1.295363005
54099,2016,-2.22127296
54101,2016,-5.467659376
54103,2016,-0.763820375
54105,2016,0.5185377236
54107,2016,-1.522866244
54109,2016,-6.188287755
55000,2016,2.6812171221
55001,2016,-7.398150462
55003,2016,0.3180965105
55005,2016,-0.242801488
55007,2016,-4.883106458
55009,2016,5.3849276147
55011,2016,2.4261723341
55013,2016,-3.029903833
55015,2016,2.7357304501
55017,2016,1.2131333501
55019,2016,7.1176444954
55021,2016,0.9158396224
55023,2016,-0.798084597
55025,2016,5.6454733775
55027,2016,-1.164396854
55029,2016,-4.062288422
55031,2016,-0.368434384
55033,2016,2.8210017942
55035,2016,3.0245820467
55037,2016,-7.860362964
55039,2016,1.6555156098
55041,2016,-1.775312067
55043,2016,1.787499039
55045,2016,-0.054260832
55047,2016,-1.447954094
55049,2016,1.2761884505
55051,2016,-10.01141653
55053,2016,2.828716348
55055,2016,1.6691131209
55057,2016,-1.063587328
55059,2016,3.2283330901
55061,2016,1.965408805
55063,2016,1.962783584
55065,2016,3.994276857
55067,2016,-1.730875141
55069,2016,-2.297983878
55071,2016,-1.070320026
55073,2016,3.0027920049
55075,2016,-3.312567982
55077,2016,-3.900955403
55078,2016,10.181496237
55079,2016,5.8047460306
55081,2016,4.3859165794
55083,2016,0.0533710489
55085,2016,-5.096839959
55087,2016,4.9304062557
55089,2016,0.3403984932
55091,2016,0.4141644233
55093,2016,2.350802787
55095,2016,-1.203118854
55097,2016,2.3409069951
55099,2016,-5.186914157
55101,2016,2.9472322203
55103,2016,0.0569313977
55105,2016,2.6494915086
55107,2016,-1.91319752
55109,2016,4.773160416
55111,2016,1.5762304449
55113,2016,-3.680078508
55115,2016,-1.121910174
55117,2016,1.4159999305
55119,2016,2.1180179293
55121,2016,3.3570132755
55123,2016,4.1399704288
55125,2016,-5.402007125
55127,2016,1.3164181724
55129,2016,-4.238512667
55131,2016,1.78960241
55133,2016,1.3865856022
55135,2016,-5.340531723
55137,2016,-2.455162082
55139,2016,2.6145333825
55141,2016,0.3138453561
56000,2016,4.771641643
56001,2016,5.6139056179
56003,2016,0.5861173909
56005,2016,11.346591431
56007,2016,5.3031755159
56009,2016,3.94491212
56011,2016,7.231820008
56013,2016,2.6859324289
56015,2016,-0.297973778
56017,2016,-6.403415155
56019,2016,-1.520912548
56021,2016,5.1319949091
56023,2016,5.7642983685
56025,2016,4.8575248703
56027,2016,1.6116035455
56029,2016,1.6511583908
56031,2016,-1.374570447
56033,2016,0.2339298545
56035,2016,5.7924697893
56037,2016,7.1957814731
56039,2016,6.8278559236
56041,2016,7.4315357703
56043,2016,1.3379553609
56045,2016,1.1089548101
72000,2016,
72001,2016,
72003,2016,
72005,2016,
72007,2016,
72009,2016,
72011,2016,
72013,2016,
72015,2016,
72017,2016,
72019,2016,
72021,2016,
72023,2016,
72025,2016,
72027,2016,
72029,2016,
72031,2016,
72033,2016,
72035,2016,
72037,2016,
72039,2016,
72041,2016,
72043,2016,
72045,2016,
72047,2016,
72049,2016,
72051,2016,
72053,2016,
72054,2016,
72055,2016,
72057,2016,
72059,2016,
72061,2016,
72063,2016,
72065,2016,
72067,2016,
72069,2016,
72071,2016,
72073,2016,
72075,2016,
72077,2016,
72079,2016,
72081,2016,
72083,2016,
72085,2016,
72087,2016,
72089,2016,
72091,2016,
72093,2016,
72095,2016,
72097,2016,
72099,2016,
72101,2016,
72103,2016,
72105,2016,
72107,2016,
72109,2016,
72111,2016,
72113,2016,
72115,2016,
72117,2016,
72119,2016,
72121,2016,
72123,2016,
72125,2016,
72127,2016,
72129,2016,
72131,2016,
72133,2016,
72135,2016,
72137,2016,
72139,2016,
72141,2016,
72143,2016,
72145,2016,
72147,2016,
72149,2016,
72151,2016,
72153,2016,
