county_fips,year,unemployment
0,2012,8.069576263427734
1000,2012,8.2
1001,2012,7.1
1003,2012,7.7
1005,2012,11.8
1007,2012,8.8
1009,2012,7.1
1011,2012,10.6
1013,2012,11.8
1015,2012,9.1
1017,2012,10.1
1019,2012,8.2
1021,2012,7.4
1023,2012,10.5
1025,2012,15.4
1027,2012,9.6
1029,2012,8.4
1031,2012,7.2
1033,2012,9.0
1035,2012,12.2
1037,2012,9.6
1039,2012,8.6
1041,2012,8.5
1043,2012,7.9
1045,2012,7.6
1047,2012,13.2
1049,2012,9.3
1051,2012,7.1
1053,2012,9.4
1055,2012,8.5
1057,2012,8.8
1059,2012,8.6
1061,2012,7.8
1063,2012,13.9
1065,2012,11.7
1067,2012,8.5
1069,2012,7.8
1071,2012,8.8
1073,2012,7.6
1075,2012,7.7
1077,2012,7.9
1079,2012,9.2
1081,2012,7.0
1083,2012,7.0
1085,2012,15.8
1087,2012,11.0
1089,2012,7.1
1091,2012,10.4
1093,2012,9.1
1095,2012,8.0
1097,2012,9.4
1099,2012,12.8
1101,2012,8.3
1103,2012,8.0
1105,2012,13.6
1107,2012,10.4
1109,2012,8.2
1111,2012,9.4
1113,2012,9.0
1115,2012,7.0
1117,2012,5.2
1119,2012,10.7
1121,2012,9.6
1123,2012,8.8
1125,2012,7.2
1127,2012,9.4
1129,2012,12.2
1131,2012,20.4
1133,2012,10.2
2000,2012,7.2
2013,2012,6.9
2016,2012,7.0
2020,2012,5.4
2050,2012,15.6
2060,2012,10.0
2068,2012,13.9
2070,2012,10.0
2090,2012,6.2
2100,2012,10.1
2105,2012,14.6
2110,2012,5.2
2122,2012,8.8
2130,2012,8.3
2150,2012,6.8
2158,2012,22.4
2164,2012,15.4
2170,2012,8.8
2180,2012,11.8
2185,2012,7.9
2188,2012,15.9
2195,2012,8.2
2198,2012,13.4
2201,2012,
2220,2012,5.7
2230,2012,14.2
2232,2012,
2240,2012,13.0
2261,2012,9.8
2275,2012,8.3
2280,2012,
2282,2012,9.8
2290,2012,17.6
4000,2012,8.3
4001,2012,19.0
4003,2012,9.0
4005,2012,8.6
4007,2012,10.2
4009,2012,8.5
4011,2012,8.2
4012,2012,8.6
4013,2012,7.3
4015,2012,11.0
4017,2012,14.1
4019,2012,7.4
4021,2012,8.5
4023,2012,15.5
4025,2012,8.6
4027,2012,23.9
5000,2012,7.3
5001,2012,8.4
5003,2012,11.5
5005,2012,8.1
5007,2012,5.8
5009,2012,7.3
5011,2012,10.4
5013,2012,8.6
5015,2012,6.1
5017,2012,10.9
5019,2012,9.5
5021,2012,10.6
5023,2012,8.2
5025,2012,7.1
5027,2012,8.7
5029,2012,8.8
5031,2012,6.6
5033,2012,7.7
5035,2012,9.2
5037,2012,7.6
5039,2012,10.7
5041,2012,9.5
5043,2012,10.1
5045,2012,6.3
5047,2012,6.8
5049,2012,6.9
5051,2012,7.6
5053,2012,6.5
5055,2012,8.3
5057,2012,7.0
5059,2012,6.9
5061,2012,6.4
5063,2012,8.8
5065,2012,8.4
5067,2012,10.4
5069,2012,9.6
5071,2012,7.1
5073,2012,9.0
5075,2012,8.7
5077,2012,9.1
5079,2012,8.4
5081,2012,7.0
5083,2012,7.7
5085,2012,6.1
5087,2012,5.6
5089,2012,7.9
5091,2012,5.7
5093,2012,10.5
5095,2012,8.6
5097,2012,8.1
5099,2012,7.4
5101,2012,7.1
5103,2012,10.0
5105,2012,8.7
5107,2012,11.1
5109,2012,8.6
5111,2012,8.3
5113,2012,7.1
5115,2012,7.0
5117,2012,7.3
5119,2012,6.6
5121,2012,10.4
5123,2012,10.4
5125,2012,5.9
5127,2012,6.4
5129,2012,7.9
5131,2012,7.5
5133,2012,8.3
5135,2012,9.8
5137,2012,7.9
5139,2012,8.9
5141,2012,9.8
5143,2012,5.4
5145,2012,7.5
5147,2012,9.8
5149,2012,6.4
6000,2012,10.5
6001,2012,8.8
6003,2012,11.2
6005,2012,12.5
6007,2012,12.3
6009,2012,12.6
6011,2012,21.0
6013,2012,9.1
6015,2012,13.7
6017,2012,10.4
6019,2012,15.4
6021,2012,14.4
6023,2012,9.7
6025,2012,27.7
6027,2012,9.2
6029,2012,13.4
6031,2012,15.1
6033,2012,13.0
6035,2012,12.7
6037,2012,11.0
6039,2012,14.7
6041,2012,6.4
6043,2012,12.4
6045,2012,10.2
6047,2012,16.6
6049,2012,14.6
6051,2012,10.5
6053,2012,11.8
6055,2012,8.6
6057,2012,9.9
6059,2012,8.0
6061,2012,9.5
6063,2012,16.4
6065,2012,11.8
6067,2012,10.7
6069,2012,13.3
6071,2012,11.6
6073,2012,9.3
6075,2012,6.9
6077,2012,14.6
6079,2012,8.4
6081,2012,6.5
6083,2012,8.5
6085,2012,8.0
6087,2012,12.0
6089,2012,14.4
6091,2012,14.6
6093,2012,15.9
6095,2012,10.9
6097,2012,9.0
6099,2012,15.1
6101,2012,17.1
6103,2012,14.0
6105,2012,14.9
6107,2012,16.4
6109,2012,13.2
6111,2012,9.2
6113,2012,10.8
6115,2012,15.6
8000,2012,8.0
8001,2012,9.5
8003,2012,10.6
8005,2012,7.8
8007,2012,10.2
8009,2012,4.6
8011,2012,8.5
8013,2012,6.3
8014,2012,6.7
8015,2012,6.9
8017,2012,4.6
8019,2012,7.1
8021,2012,10.8
8023,2012,11.6
8025,2012,8.2
8027,2012,6.5
8029,2012,9.8
8031,2012,7.9
8033,2012,10.3
8035,2012,6.1
8037,2012,7.3
8039,2012,7.2
8041,2012,9.0
8043,2012,11.8
8045,2012,8.6
8047,2012,6.8
8049,2012,7.3
8051,2012,6.1
8053,2012,4.8
8055,2012,14.4
8057,2012,5.3
8059,2012,7.5
8061,2012,4.7
8063,2012,4.5
8065,2012,8.7
8067,2012,6.7
8069,2012,6.8
8071,2012,12.2
8073,2012,6.6
8075,2012,6.1
8077,2012,9.8
8079,2012,5.4
8081,2012,8.4
8083,2012,8.7
8085,2012,10.5
8087,2012,6.9
8089,2012,10.4
8091,2012,9.5
8093,2012,6.9
8095,2012,5.2
8097,2012,7.3
8099,2012,7.1
8101,2012,10.8
8103,2012,8.5
8105,2012,12.4
8107,2012,7.3
8109,2012,11.2
8111,2012,10.1
8113,2012,8.0
8115,2012,7.1
8117,2012,6.1
8119,2012,8.5
8121,2012,4.9
8123,2012,7.9
8125,2012,5.2
9000,2012,8.4
9001,2012,7.8
9003,2012,8.5
9005,2012,7.6
9007,2012,7.2
9009,2012,9.1
9011,2012,8.7
9013,2012,7.4
9015,2012,9.5
10000,2012,7.1
10001,2012,7.8
10003,2012,6.9
10005,2012,7.1
11000,2012,9.0
11001,2012,9.0
12000,2012,8.6
12001,2012,6.8
12003,2012,8.9
12005,2012,8.9
12007,2012,7.8
12009,2012,9.7
12011,2012,8.2
12013,2012,9.4
12015,2012,9.8
12017,2012,11.1
12019,2012,7.9
12021,2012,8.7
12023,2012,9.1
12027,2012,10.3
12029,2012,10.5
12031,2012,9.0
12033,2012,8.7
12035,2012,10.2
12037,2012,6.7
12039,2012,10.6
12041,2012,9.3
12043,2012,7.9
12045,2012,8.3
12047,2012,9.1
12049,2012,9.2
12051,2012,13.1
12053,2012,10.9
12055,2012,10.6
12057,2012,8.1
12059,2012,9.1
12061,2012,11.3
12063,2012,8.9
12065,2012,9.5
12067,2012,5.9
12069,2012,9.1
12071,2012,9.1
12073,2012,7.2
12075,2012,9.6
12077,2012,8.2
12079,2012,8.8
12081,2012,8.4
12083,2012,10.5
12085,2012,8.6
12086,2012,7.9
12087,2012,5.9
12089,2012,8.3
12091,2012,6.9
12093,2012,10.3
12095,2012,8.5
12097,2012,9.7
12099,2012,8.8
12101,2012,9.3
12103,2012,8.2
12105,2012,9.9
12107,2012,12.2
12109,2012,6.7
12111,2012,11.3
12113,2012,7.8
12115,2012,8.7
12117,2012,8.3
12119,2012,10.9
12121,2012,8.3
12123,2012,9.3
12125,2012,7.4
12127,2012,9.8
12129,2012,7.5
12131,2012,7.5
12133,2012,9.1
13000,2012,9.0
13001,2012,11.0
13003,2012,11.4
13005,2012,9.6
13007,2012,10.9
13009,2012,11.4
13011,2012,8.1
13013,2012,8.5
13015,2012,9.8
13017,2012,13.7
13019,2012,10.1
13021,2012,10.4
13023,2012,12.4
13025,2012,11.9
13027,2012,9.0
13029,2012,8.2
13031,2012,9.6
13033,2012,12.2
13035,2012,10.1
13037,2012,7.7
13039,2012,8.5
13043,2012,8.5
13045,2012,10.1
13047,2012,7.4
13049,2012,9.2
13051,2012,9.1
13053,2012,11.5
13055,2012,10.1
13057,2012,7.0
13059,2012,8.6
13061,2012,12.3
13063,2012,11.9
13065,2012,9.6
13067,2012,7.6
13069,2012,11.2
13071,2012,8.6
13073,2012,6.9
13075,2012,9.3
13077,2012,7.9
13079,2012,9.7
13081,2012,12.3
13083,2012,7.5
13085,2012,8.4
13087,2012,10.0
13089,2012,9.3
13091,2012,11.4
13093,2012,11.3
13095,2012,11.1
13097,2012,9.5
13099,2012,10.0
13101,2012,7.3
13103,2012,8.2
13105,2012,12.4
13107,2012,12.2
13109,2012,8.4
13111,2012,10.1
13113,2012,7.4
13115,2012,10.8
13117,2012,6.5
13119,2012,11.1
13121,2012,9.0
13123,2012,10.4
13125,2012,9.6
13127,2012,9.3
13129,2012,9.6
13131,2012,8.5
13133,2012,10.9
13135,2012,7.6
13137,2012,9.4
13139,2012,7.7
13141,2012,16.8
13143,2012,10.1
13145,2012,7.1
13147,2012,10.1
13149,2012,10.2
13151,2012,9.3
13153,2012,7.9
13155,2012,11.6
13157,2012,8.1
13159,2012,9.6
13161,2012,11.4
13163,2012,13.0
13165,2012,13.6
13167,2012,9.8
13169,2012,8.4
13171,2012,11.9
13173,2012,9.2
13175,2012,12.1
13177,2012,7.5
13179,2012,8.8
13181,2012,10.6
13183,2012,8.4
13185,2012,9.0
13187,2012,8.2
13189,2012,12.4
13191,2012,9.6
13193,2012,13.1
13195,2012,8.8
13197,2012,9.9
13199,2012,11.8
13201,2012,8.1
13205,2012,8.7
13207,2012,8.5
13209,2012,11.5
13211,2012,8.9
13213,2012,12.6
13215,2012,9.7
13217,2012,10.9
13219,2012,6.2
13221,2012,8.4
13223,2012,8.2
13225,2012,11.0
13227,2012,9.0
13229,2012,9.3
13231,2012,9.1
13233,2012,9.9
13235,2012,8.9
13237,2012,11.4
13239,2012,9.4
13241,2012,11.3
13243,2012,12.3
13245,2012,10.5
13247,2012,10.0
13249,2012,10.3
13251,2012,13.6
13253,2012,10.8
13255,2012,12.4
13257,2012,10.4
13259,2012,9.0
13261,2012,11.7
13263,2012,9.9
13265,2012,14.1
13267,2012,8.2
13269,2012,13.2
13271,2012,11.6
13273,2012,10.7
13275,2012,9.6
13277,2012,9.9
13279,2012,11.6
13281,2012,11.2
13283,2012,13.3
13285,2012,9.7
13287,2012,11.5
13289,2012,14.7
13291,2012,8.7
13293,2012,10.5
13295,2012,8.9
13297,2012,9.0
13299,2012,10.0
13301,2012,14.7
13303,2012,10.2
13305,2012,10.5
13307,2012,9.8
13309,2012,13.2
13311,2012,8.5
13313,2012,10.5
13315,2012,11.5
13317,2012,12.0
13319,2012,11.3
13321,2012,10.0
15000,2012,5.9
15001,2012,8.1
15003,2012,5.3
15007,2012,7.1
15009,2012,6.3
16000,2012,7.4
16001,2012,6.3
16003,2012,15.2
16005,2012,7.1
16007,2012,5.7
16009,2012,12.4
16011,2012,6.5
16013,2012,7.2
16015,2012,9.7
16017,2012,10.7
16019,2012,6.5
16021,2012,9.7
16023,2012,8.4
16025,2012,9.5
16027,2012,9.4
16029,2012,6.2
16031,2012,5.9
16033,2012,7.7
16035,2012,12.8
16037,2012,8.3
16039,2012,7.7
16041,2012,4.7
16043,2012,6.3
16045,2012,9.7
16047,2012,5.8
16049,2012,11.2
16051,2012,6.3
16053,2012,6.6
16055,2012,9.0
16057,2012,6.0
16059,2012,10.1
16061,2012,5.6
16063,2012,9.5
16065,2012,4.7
16067,2012,6.2
16069,2012,5.9
16071,2012,5.1
16073,2012,4.2
16075,2012,8.1
16077,2012,8.0
16079,2012,13.4
16081,2012,6.1
16083,2012,7.1
16085,2012,11.5
16087,2012,8.7
17000,2012,9.0
17001,2012,6.6
17003,2012,12.0
17005,2012,9.0
17007,2012,10.5
17009,2012,6.0
17011,2012,9.3
17013,2012,10.0
17015,2012,8.2
17017,2012,8.5
17019,2012,7.1
17021,2012,9.4
17023,2012,9.7
17025,2012,9.7
17027,2012,6.7
17029,2012,8.8
17031,2012,9.7
17033,2012,7.7
17035,2012,7.8
17037,2012,8.5
17039,2012,8.1
17041,2012,7.2
17043,2012,7.5
17045,2012,9.7
17047,2012,7.9
17049,2012,6.6
17051,2012,9.0
17053,2012,7.5
17055,2012,10.7
17057,2012,10.0
17059,2012,8.5
17061,2012,8.4
17063,2012,11.5
17065,2012,8.0
17067,2012,8.3
17069,2012,10.6
17071,2012,8.0
17073,2012,7.4
17075,2012,8.6
17077,2012,7.9
17079,2012,7.7
17081,2012,9.3
17083,2012,9.1
17085,2012,7.6
17087,2012,11.6
17089,2012,9.0
17091,2012,10.7
17093,2012,8.4
17095,2012,8.4
17097,2012,8.2
17099,2012,10.1
17101,2012,10.3
17103,2012,8.3
17105,2012,7.8
17107,2012,7.5
17109,2012,7.7
17111,2012,9.0
17113,2012,6.4
17115,2012,9.9
17117,2012,9.5
17119,2012,8.9
17121,2012,9.8
17123,2012,8.4
17125,2012,10.1
17127,2012,9.7
17129,2012,7.2
17131,2012,7.8
17133,2012,6.7
17135,2012,11.3
17137,2012,7.8
17139,2012,7.1
17141,2012,10.2
17143,2012,8.4
17145,2012,10.7
17147,2012,6.7
17149,2012,7.6
17151,2012,8.6
17153,2012,11.4
17155,2012,9.4
17157,2012,8.4
17159,2012,8.1
17161,2012,8.0
17163,2012,9.6
17165,2012,9.1
17167,2012,7.5
17169,2012,7.9
17171,2012,8.8
17173,2012,8.6
17175,2012,8.2
17177,2012,9.1
17179,2012,7.5
17181,2012,11.0
17183,2012,9.3
17185,2012,8.0
17187,2012,7.1
17189,2012,6.4
17191,2012,7.7
17193,2012,7.6
17195,2012,8.8
17197,2012,9.8
17199,2012,8.7
17201,2012,10.6
17203,2012,6.0
18000,2012,8.2
18001,2012,6.9
18003,2012,8.3
18005,2012,6.3
18007,2012,7.3
18009,2012,11.3
18011,2012,6.0
18013,2012,7.9
18015,2012,7.2
18017,2012,8.5
18019,2012,7.7
18021,2012,9.7
18023,2012,7.9
18025,2012,10.5
18027,2012,5.9
18029,2012,8.8
18031,2012,8.0
18033,2012,8.2
18035,2012,9.2
18037,2012,5.6
18039,2012,8.8
18041,2012,11.0
18043,2012,7.0
18045,2012,8.3
18047,2012,9.4
18049,2012,8.2
18051,2012,6.7
18053,2012,9.6
18055,2012,10.3
18057,2012,5.2
18059,2012,7.2
18061,2012,7.6
18063,2012,6.2
18065,2012,9.9
18067,2012,8.9
18069,2012,8.7
18071,2012,7.4
18073,2012,8.0
18075,2012,7.8
18077,2012,8.4
18079,2012,10.2
18081,2012,6.9
18083,2012,7.0
18085,2012,7.6
18087,2012,7.0
18089,2012,9.0
18091,2012,9.6
18093,2012,10.8
18095,2012,9.8
18097,2012,9.1
18099,2012,8.1
18101,2012,7.0
18103,2012,9.6
18105,2012,7.2
18107,2012,8.1
18109,2012,8.3
18111,2012,9.4
18113,2012,8.5
18115,2012,8.7
18117,2012,10.6
18119,2012,10.7
18121,2012,10.1
18123,2012,8.3
18125,2012,7.3
18127,2012,7.5
18129,2012,6.7
18131,2012,7.3
18133,2012,9.8
18135,2012,9.4
18137,2012,8.8
18139,2012,8.4
18141,2012,9.3
18143,2012,10.2
18145,2012,8.2
18147,2012,7.1
18149,2012,10.5
18151,2012,7.2
18153,2012,9.2
18155,2012,7.6
18157,2012,6.9
18159,2012,7.7
18161,2012,7.9
18163,2012,7.5
18165,2012,11.2
18167,2012,9.8
18169,2012,8.4
18171,2012,7.3
18173,2012,6.7
18175,2012,9.3
18177,2012,9.8
18179,2012,7.1
18181,2012,7.7
18183,2012,7.8
19000,2012,5.1
19001,2012,4.4
19003,2012,4.0
19005,2012,6.5
19007,2012,6.6
19009,2012,4.8
19011,2012,5.3
19013,2012,5.5
19015,2012,4.3
19017,2012,3.9
19019,2012,4.8
19021,2012,4.2
19023,2012,4.5
19025,2012,5.5
19027,2012,3.8
19029,2012,5.2
19031,2012,4.6
19033,2012,5.6
19035,2012,4.4
19037,2012,5.2
19039,2012,6.0
19041,2012,5.1
19043,2012,5.7
19045,2012,6.2
19047,2012,4.5
19049,2012,3.9
19051,2012,5.8
19053,2012,4.5
19055,2012,4.5
19057,2012,6.2
19059,2012,5.7
19061,2012,4.5
19063,2012,4.5
19065,2012,5.4
19067,2012,6.3
19069,2012,4.5
19071,2012,5.1
19073,2012,5.0
19075,2012,4.6
19077,2012,5.6
19079,2012,6.9
19081,2012,4.6
19083,2012,5.4
19085,2012,5.1
19087,2012,6.0
19089,2012,4.6
19091,2012,4.2
19093,2012,4.0
19095,2012,4.5
19097,2012,5.5
19099,2012,6.0
19101,2012,5.3
19103,2012,3.7
19105,2012,5.3
19107,2012,5.5
19109,2012,3.9
19111,2012,7.2
19113,2012,5.2
19115,2012,5.5
19117,2012,4.8
19119,2012,3.0
19121,2012,5.6
19123,2012,5.2
19125,2012,4.8
19127,2012,6.4
19129,2012,4.6
19131,2012,4.6
19133,2012,6.4
19135,2012,5.8
19137,2012,5.1
19139,2012,5.8
19141,2012,3.8
19143,2012,4.2
19145,2012,5.4
19147,2012,4.3
19149,2012,4.1
19151,2012,4.0
19153,2012,5.2
19155,2012,5.1
19157,2012,4.9
19159,2012,4.4
19161,2012,4.3
19163,2012,5.7
19165,2012,3.8
19167,2012,3.5
19169,2012,3.6
19171,2012,6.0
19173,2012,4.1
19175,2012,5.1
19177,2012,5.8
19179,2012,7.0
19181,2012,4.8
19183,2012,4.2
19185,2012,5.5
19187,2012,6.4
19189,2012,5.4
19191,2012,4.6
19193,2012,5.2
19195,2012,5.5
19197,2012,5.4
20000,2012,5.7
20001,2012,7.1
20003,2012,6.5
20005,2012,7.7
20007,2012,3.9
20009,2012,4.5
20011,2012,7.6
20013,2012,5.3
20015,2012,6.2
20017,2012,5.3
20019,2012,6.5
20021,2012,7.8
20023,2012,3.6
20025,2012,3.5
20027,2012,5.2
20029,2012,5.0
20031,2012,7.0
20033,2012,3.9
20035,2012,6.2
20037,2012,6.6
20039,2012,4.4
20041,2012,6.0
20043,2012,6.3
20045,2012,5.1
20047,2012,4.0
20049,2012,6.8
20051,2012,3.4
20053,2012,3.5
20055,2012,4.5
20057,2012,3.9
20059,2012,7.2
20061,2012,8.7
20063,2012,3.0
20065,2012,3.4
20067,2012,3.9
20069,2012,3.1
20071,2012,3.0
20073,2012,5.6
20075,2012,2.7
20077,2012,4.3
20079,2012,5.4
20081,2012,3.4
20083,2012,3.4
20085,2012,5.6
20087,2012,6.0
20089,2012,4.3
20091,2012,4.6
20093,2012,3.9
20095,2012,6.1
20097,2012,3.8
20099,2012,7.9
20101,2012,4.6
20103,2012,6.4
20105,2012,4.9
20107,2012,9.9
20109,2012,3.0
20111,2012,5.8
20113,2012,4.1
20115,2012,5.1
20117,2012,4.2
20119,2012,3.3
20121,2012,6.3
20123,2012,3.0
20125,2012,7.7
20127,2012,6.1
20129,2012,3.7
20131,2012,3.6
20133,2012,8.8
20135,2012,3.2
20137,2012,3.1
20139,2012,7.2
20141,2012,4.3
20143,2012,5.4
20145,2012,4.1
20147,2012,4.5
20149,2012,4.7
20151,2012,4.5
20153,2012,2.7
20155,2012,5.4
20157,2012,3.8
20159,2012,4.4
20161,2012,4.4
20163,2012,4.6
20165,2012,4.6
20167,2012,4.1
20169,2012,5.7
20171,2012,3.1
20173,2012,6.9
20175,2012,4.1
20177,2012,6.2
20179,2012,2.8
20181,2012,3.8
20183,2012,3.9
20185,2012,4.6
20187,2012,3.5
20189,2012,3.5
20191,2012,6.4
20193,2012,3.4
20195,2012,4.3
20197,2012,5.4
20199,2012,4.2
20201,2012,4.1
20203,2012,5.2
20205,2012,9.9
20207,2012,6.2
20209,2012,8.4
21000,2012,8.2
21001,2012,9.5
21003,2012,8.0
21005,2012,6.9
21007,2012,9.2
21009,2012,7.9
21011,2012,10.5
21013,2012,12.0
21015,2012,6.9
21017,2012,7.3
21019,2012,9.4
21021,2012,9.0
21023,2012,9.5
21025,2012,14.5
21027,2012,9.7
21029,2012,8.1
21031,2012,9.0
21033,2012,8.4
21035,2012,7.1
21037,2012,7.0
21039,2012,8.0
21041,2012,10.3
21043,2012,12.6
21045,2012,8.4
21047,2012,9.4
21049,2012,8.2
21051,2012,14.1
21053,2012,11.0
21055,2012,7.7
21057,2012,10.8
21059,2012,7.0
21061,2012,10.0
21063,2012,14.4
21065,2012,10.0
21067,2012,5.9
21069,2012,9.1
21071,2012,11.7
21073,2012,6.7
21075,2012,11.3
21077,2012,9.4
21079,2012,8.5
21081,2012,9.1
21083,2012,8.3
21085,2012,10.3
21087,2012,8.4
21089,2012,10.0
21091,2012,7.2
21093,2012,8.2
21095,2012,14.2
21097,2012,7.9
21099,2012,8.3
21101,2012,7.6
21103,2012,7.3
21105,2012,8.1
21107,2012,7.8
21109,2012,11.8
21111,2012,8.0
21113,2012,6.7
21115,2012,10.2
21117,2012,7.4
21119,2012,13.9
21121,2012,12.9
21123,2012,8.6
21125,2012,10.2
21127,2012,10.6
21129,2012,12.7
21131,2012,14.3
21133,2012,13.5
21135,2012,11.7
21137,2012,10.3
21139,2012,9.8
21141,2012,7.6
21143,2012,9.2
21145,2012,8.0
21147,2012,13.3
21149,2012,7.7
21151,2012,6.8
21153,2012,17.3
21155,2012,8.9
21157,2012,8.1
21159,2012,9.2
21161,2012,9.5
21163,2012,9.8
21165,2012,11.7
21167,2012,8.3
21169,2012,8.0
21171,2012,7.3
21173,2012,8.9
21175,2012,10.7
21177,2012,9.9
21179,2012,8.3
21181,2012,8.3
21183,2012,8.7
21185,2012,5.9
21187,2012,6.6
21189,2012,12.9
21191,2012,8.9
21193,2012,12.6
21195,2012,9.7
21197,2012,11.0
21199,2012,9.5
21201,2012,10.5
21203,2012,10.3
21205,2012,8.4
21207,2012,10.4
21209,2012,6.6
21211,2012,6.3
21213,2012,8.6
21215,2012,7.1
21217,2012,9.6
21219,2012,7.6
21221,2012,9.4
21223,2012,9.1
21225,2012,7.8
21227,2012,7.0
21229,2012,7.5
21231,2012,13.0
21233,2012,7.1
21235,2012,10.7
21237,2012,14.3
21239,2012,5.4
22000,2012,6.7
22001,2012,5.7
22003,2012,7.6
22005,2012,5.8
22007,2012,9.3
22009,2012,7.2
22011,2012,7.2
22013,2012,8.6
22015,2012,5.5
22017,2012,7.4
22019,2012,6.6
22021,2012,8.3
22023,2012,5.0
22025,2012,8.5
22027,2012,7.1
22029,2012,8.4
22031,2012,8.6
22033,2012,6.4
22035,2012,19.3
22037,2012,7.2
22039,2012,7.1
22041,2012,9.9
22043,2012,7.6
22045,2012,6.5
22047,2012,9.0
22049,2012,6.5
22051,2012,6.4
22053,2012,6.2
22055,2012,4.8
22057,2012,5.0
22059,2012,4.8
22061,2012,8.2
22063,2012,6.1
22065,2012,11.5
22067,2012,12.5
22069,2012,8.5
22071,2012,7.5
22073,2012,7.4
22075,2012,5.7
22077,2012,7.8
22079,2012,6.7
22081,2012,7.0
22083,2012,9.3
22085,2012,6.6
22087,2012,7.6
22089,2012,6.3
22091,2012,11.5
22093,2012,9.7
22095,2012,8.8
22097,2012,7.9
22099,2012,5.9
22101,2012,7.1
22103,2012,5.6
22105,2012,8.1
22107,2012,10.3
22109,2012,5.1
22111,2012,7.9
22113,2012,5.5
22115,2012,7.9
22117,2012,8.4
22119,2012,9.2
22121,2012,6.6
22123,2012,13.0
22125,2012,5.8
22127,2012,8.1
23000,2012,7.2
23001,2012,7.5
23003,2012,9.0
23005,2012,5.8
23007,2012,8.3
23009,2012,8.3
23011,2012,6.9
23013,2012,6.6
23015,2012,7.0
23017,2012,9.3
23019,2012,7.5
23021,2012,9.1
23023,2012,6.4
23025,2012,9.6
23027,2012,7.9
23029,2012,9.9
23031,2012,6.7
24000,2012,6.9
24001,2012,8.8
24003,2012,5.9
24005,2012,7.2
24009,2012,6.2
24011,2012,7.6
24013,2012,5.8
24015,2012,8.2
24017,2012,6.6
24019,2012,10.7
24021,2012,6.0
24023,2012,8.2
24025,2012,6.9
24027,2012,4.9
24029,2012,7.5
24031,2012,5.1
24033,2012,7.2
24035,2012,6.2
24037,2012,6.1
24039,2012,11.1
24041,2012,7.1
24043,2012,7.7
24045,2012,9.3
24047,2012,12.8
24510,2012,10.0
25000,2012,6.7
25001,2012,8.5
25003,2012,7.4
25005,2012,8.8
25007,2012,8.9
25009,2012,7.1
25011,2012,6.1
25013,2012,8.6
25015,2012,5.8
25017,2012,5.4
25019,2012,7.8
25021,2012,5.7
25023,2012,7.0
25025,2012,6.2
25027,2012,7.2
26000,2012,9.0
26001,2012,12.5
26003,2012,11.8
26005,2012,7.3
26007,2012,9.6
26009,2012,11.4
26011,2012,12.6
26013,2012,13.9
26015,2012,6.8
26017,2012,8.6
26019,2012,10.3
26021,2012,8.9
26023,2012,8.7
26025,2012,8.2
26027,2012,8.3
26029,2012,10.7
26031,2012,11.7
26033,2012,9.9
26035,2012,11.7
26037,2012,6.0
26039,2012,11.6
26041,2012,9.8
26043,2012,8.3
26045,2012,6.8
26047,2012,11.8
26049,2012,10.0
26051,2012,11.7
26053,2012,11.0
26055,2012,8.2
26057,2012,8.9
26059,2012,9.0
26061,2012,8.8
26063,2012,7.9
26065,2012,7.7
26067,2012,8.4
26069,2012,11.1
26071,2012,9.4
26073,2012,7.3
26075,2012,8.4
26077,2012,7.2
26079,2012,11.2
26081,2012,6.7
26083,2012,12.7
26085,2012,12.9
26087,2012,11.6
26089,2012,7.9
26091,2012,8.3
26093,2012,7.8
26095,2012,10.8
26097,2012,12.0
26099,2012,9.8
26101,2012,10.7
26103,2012,8.0
26105,2012,9.6
26107,2012,10.0
26109,2012,7.9
26111,2012,7.7
26113,2012,9.5
26115,2012,7.6
26117,2012,10.1
26119,2012,16.1
26121,2012,9.9
26123,2012,9.1
26125,2012,8.2
26127,2012,12.5
26129,2012,11.3
26131,2012,13.3
26133,2012,9.8
26135,2012,15.5
26137,2012,10.6
26139,2012,6.5
26141,2012,14.3
26143,2012,13.3
26145,2012,9.1
26147,2012,11.7
26149,2012,8.8
26151,2012,10.4
26153,2012,12.4
26155,2012,9.5
26157,2012,10.4
26159,2012,10.4
26161,2012,5.9
26163,2012,11.7
26165,2012,10.9
27000,2012,5.6
27001,2012,8.1
27003,2012,5.9
27005,2012,5.8
27007,2012,7.0
27009,2012,6.4
27011,2012,5.3
27013,2012,4.8
27015,2012,5.7
27017,2012,6.9
27019,2012,4.9
27021,2012,8.9
27023,2012,5.3
27025,2012,6.6
27027,2012,4.9
27029,2012,10.6
27031,2012,6.3
27033,2012,6.5
27035,2012,7.7
27037,2012,5.3
27039,2012,5.1
27041,2012,5.1
27043,2012,5.9
27045,2012,5.6
27047,2012,5.8
27049,2012,5.2
27051,2012,6.2
27053,2012,5.3
27055,2012,5.8
27057,2012,8.1
27059,2012,7.0
27061,2012,7.9
27063,2012,4.6
27065,2012,9.1
27067,2012,5.3
27069,2012,5.8
27071,2012,8.0
27073,2012,5.1
27075,2012,6.0
27077,2012,6.1
27079,2012,6.5
27081,2012,4.8
27083,2012,4.4
27085,2012,6.8
27087,2012,7.0
27089,2012,7.7
27091,2012,5.6
27093,2012,6.6
27095,2012,8.4
27097,2012,7.1
27099,2012,5.0
27101,2012,5.2
27103,2012,4.6
27105,2012,4.4
27107,2012,6.0
27109,2012,4.5
27111,2012,5.6
27113,2012,6.7
27115,2012,7.6
27117,2012,5.0
27119,2012,6.3
27121,2012,4.7
27123,2012,5.8
27125,2012,7.3
27127,2012,5.6
27129,2012,6.8
27131,2012,5.9
27133,2012,3.7
27135,2012,4.8
27137,2012,6.5
27139,2012,5.0
27141,2012,6.2
27143,2012,6.0
27145,2012,5.4
27147,2012,5.5
27149,2012,4.3
27151,2012,6.2
27153,2012,5.8
27155,2012,5.1
27157,2012,5.2
27159,2012,7.9
27161,2012,5.8
27163,2012,5.2
27165,2012,5.7
27167,2012,4.8
27169,2012,4.9
27171,2012,5.9
27173,2012,5.1
28000,2012,8.8
28001,2012,9.7
28003,2012,8.5
28005,2012,9.9
28007,2012,9.6
28009,2012,10.4
28011,2012,10.4
28013,2012,8.2
28015,2012,10.8
28017,2012,10.0
28019,2012,8.9
28021,2012,15.1
28023,2012,10.5
28025,2012,13.8
28027,2012,12.3
28029,2012,10.8
28031,2012,8.3
28033,2012,6.3
28035,2012,8.8
28037,2012,9.6
28039,2012,10.0
28041,2012,11.0
28043,2012,9.0
28045,2012,8.3
28047,2012,8.0
28049,2012,8.6
28051,2012,16.2
28053,2012,18.7
28055,2012,17.3
28057,2012,8.2
28059,2012,9.3
28061,2012,10.0
28063,2012,17.1
28065,2012,12.7
28067,2012,7.4
28069,2012,12.9
28071,2012,7.6
28073,2012,6.3
28075,2012,8.9
28077,2012,10.1
28079,2012,9.0
28081,2012,8.2
28083,2012,13.8
28085,2012,8.4
28087,2012,9.0
28089,2012,6.1
28091,2012,10.0
28093,2012,10.6
28095,2012,10.8
28097,2012,11.4
28099,2012,8.2
28101,2012,7.8
28103,2012,12.9
28105,2012,8.2
28107,2012,11.9
28109,2012,8.1
28111,2012,11.3
28113,2012,10.3
28115,2012,7.6
28117,2012,8.4
28119,2012,13.7
28121,2012,5.6
28123,2012,7.5
28125,2012,13.3
28127,2012,8.1
28129,2012,7.1
28131,2012,10.1
28133,2012,14.1
28135,2012,11.1
28137,2012,9.1
28139,2012,9.9
28141,2012,10.1
28143,2012,12.1
28145,2012,7.9
28147,2012,11.0
28149,2012,8.8
28151,2012,14.3
28153,2012,10.9
28155,2012,9.0
28157,2012,12.0
28159,2012,11.3
28161,2012,9.9
28163,2012,11.0
29000,2012,7.2
29001,2012,7.3
29003,2012,5.5
29005,2012,6.6
29007,2012,6.7
29009,2012,7.3
29011,2012,7.7
29013,2012,8.5
29015,2012,9.3
29017,2012,7.2
29019,2012,4.7
29021,2012,6.5
29023,2012,8.5
29025,2012,7.2
29027,2012,6.4
29029,2012,9.9
29031,2012,5.7
29033,2012,8.6
29035,2012,9.8
29037,2012,6.9
29039,2012,7.7
29041,2012,6.8
29043,2012,6.0
29045,2012,8.3
29047,2012,6.3
29049,2012,7.2
29051,2012,5.3
29053,2012,7.4
29055,2012,9.1
29057,2012,7.7
29059,2012,9.4
29061,2012,7.2
29063,2012,6.1
29065,2012,8.4
29067,2012,10.1
29069,2012,10.7
29071,2012,8.1
29073,2012,7.3
29075,2012,5.5
29077,2012,6.1
29079,2012,6.7
29081,2012,7.5
29083,2012,8.0
29085,2012,12.4
29087,2012,5.5
29089,2012,7.0
29091,2012,8.4
29093,2012,11.7
29095,2012,8.0
29097,2012,6.1
29099,2012,7.4
29101,2012,7.9
29103,2012,5.8
29105,2012,9.5
29107,2012,7.3
29109,2012,6.7
29111,2012,5.7
29113,2012,8.6
29115,2012,9.6
29117,2012,6.4
29119,2012,6.9
29121,2012,6.9
29123,2012,8.5
29125,2012,7.4
29127,2012,6.3
29129,2012,5.3
29131,2012,9.3
29133,2012,8.2
29135,2012,6.8
29137,2012,7.9
29139,2012,8.1
29141,2012,10.3
29143,2012,8.3
29145,2012,6.4
29147,2012,5.8
29149,2012,8.1
29151,2012,5.2
29153,2012,10.5
29155,2012,9.9
29157,2012,5.3
29159,2012,7.3
29161,2012,7.3
29163,2012,7.1
29165,2012,5.7
29167,2012,8.0
29169,2012,8.4
29171,2012,6.2
29173,2012,6.6
29175,2012,9.0
29177,2012,8.5
29179,2012,11.3
29181,2012,10.8
29183,2012,5.8
29185,2012,8.2
29186,2012,7.5
29187,2012,9.2
29189,2012,6.7
29195,2012,6.8
29197,2012,7.6
29199,2012,5.2
29201,2012,7.2
29203,2012,11.4
29205,2012,6.2
29207,2012,9.0
29209,2012,11.5
29211,2012,7.1
29213,2012,11.6
29215,2012,8.4
29217,2012,6.0
29219,2012,7.7
29221,2012,10.9
29223,2012,9.3
29225,2012,7.3
29227,2012,4.3
29229,2012,8.7
29510,2012,8.8
30000,2012,5.8
30001,2012,5.2
30003,2012,11.7
30005,2012,6.2
30007,2012,7.3
30009,2012,4.5
30011,2012,3.2
30013,2012,5.4
30015,2012,3.8
30017,2012,3.5
30019,2012,3.1
30021,2012,3.2
30023,2012,5.4
30025,2012,2.0
30027,2012,5.2
30029,2012,8.8
30031,2012,5.0
30033,2012,3.0
30035,2012,9.6
30037,2012,4.6
30039,2012,7.9
30041,2012,5.6
30043,2012,5.4
30045,2012,5.0
30047,2012,7.5
30049,2012,4.7
30051,2012,4.0
30053,2012,12.2
30055,2012,2.8
30057,2012,6.1
30059,2012,5.3
30061,2012,10.6
30063,2012,5.7
30065,2012,5.2
30067,2012,6.8
30069,2012,4.3
30071,2012,5.8
30073,2012,4.8
30075,2012,3.6
30077,2012,6.3
30079,2012,4.2
30081,2012,7.4
30083,2012,2.7
30085,2012,6.4
30087,2012,6.6
30089,2012,11.2
30091,2012,2.9
30093,2012,5.9
30095,2012,4.3
30097,2012,3.8
30099,2012,4.7
30101,2012,4.1
30103,2012,4.7
30105,2012,4.0
30107,2012,6.1
30109,2012,3.0
30111,2012,4.5
31000,2012,3.9
31001,2012,3.7
31003,2012,3.2
31005,2012,6.5
31007,2012,4.4
31009,2012,5.3
31011,2012,3.0
31013,2012,3.9
31015,2012,3.8
31017,2012,3.9
31019,2012,3.2
31021,2012,4.6
31023,2012,3.2
31025,2012,4.5
31027,2012,2.8
31029,2012,2.3
31031,2012,2.8
31033,2012,2.7
31035,2012,3.6
31037,2012,3.4
31039,2012,3.0
31041,2012,2.8
31043,2012,5.6
31045,2012,3.6
31047,2012,4.2
31049,2012,3.2
31051,2012,4.0
31053,2012,4.4
31055,2012,4.3
31057,2012,2.8
31059,2012,3.2
31061,2012,3.5
31063,2012,3.1
31065,2012,3.4
31067,2012,4.8
31069,2012,3.1
31071,2012,3.0
31073,2012,2.9
31075,2012,3.4
31077,2012,3.5
31079,2012,3.9
31081,2012,3.2
31083,2012,3.1
31085,2012,2.9
31087,2012,4.0
31089,2012,3.1
31091,2012,4.6
31093,2012,3.5
31095,2012,3.7
31097,2012,4.2
31099,2012,2.8
31101,2012,3.6
31103,2012,3.0
31105,2012,3.2
31107,2012,3.3
31109,2012,3.5
31111,2012,3.8
31113,2012,3.0
31115,2012,3.6
31117,2012,3.3
31119,2012,3.6
31121,2012,3.6
31123,2012,3.1
31125,2012,3.2
31127,2012,4.7
31129,2012,3.4
31131,2012,4.4
31133,2012,3.2
31135,2012,2.6
31137,2012,2.9
31139,2012,3.2
31141,2012,3.6
31143,2012,3.0
31145,2012,3.2
31147,2012,5.0
31149,2012,2.5
31151,2012,4.2
31153,2012,3.8
31155,2012,4.1
31157,2012,4.6
31159,2012,3.4
31161,2012,3.5
31163,2012,3.7
31165,2012,3.5
31167,2012,3.4
31169,2012,3.0
31171,2012,3.8
31173,2012,8.5
31175,2012,3.4
31177,2012,3.7
31179,2012,3.1
31181,2012,3.6
31183,2012,3.3
31185,2012,3.6
32000,2012,11.6
32001,2012,11.4
32003,2012,11.7
32005,2012,11.9
32007,2012,6.6
32009,2012,7.2
32011,2012,6.3
32013,2012,6.8
32015,2012,7.8
32017,2012,10.8
32019,2012,15.3
32021,2012,14.1
32023,2012,14.9
32027,2012,10.0
32029,2012,13.8
32031,2012,11.5
32033,2012,7.9
32510,2012,12.2
33000,2012,5.4
33001,2012,5.4
33003,2012,5.2
33005,2012,5.0
33007,2012,7.3
33009,2012,4.4
33011,2012,5.7
33013,2012,4.9
33015,2012,5.8
33017,2012,5.4
33019,2012,4.4
34000,2012,9.4
34001,2012,12.8
34003,2012,7.7
34005,2012,8.7
34007,2012,10.8
34009,2012,15.5
34011,2012,13.2
34013,2012,10.8
34015,2012,10.2
34017,2012,8.9
34019,2012,6.9
34021,2012,8.3
34023,2012,8.7
34025,2012,8.8
34027,2012,7.1
34029,2012,10.7
34031,2012,11.1
34033,2012,11.9
34035,2012,7.5
34037,2012,9.1
34039,2012,9.5
34041,2012,8.8
35000,2012,7.0
35001,2012,6.6
35003,2012,9.4
35005,2012,6.4
35006,2012,8.4
35007,2012,7.7
35009,2012,4.9
35011,2012,4.2
35013,2012,7.2
35015,2012,4.6
35017,2012,6.5
35019,2012,9.8
35021,2012,6.1
35023,2012,7.2
35025,2012,4.6
35027,2012,6.4
35028,2012,3.8
35029,2012,19.6
35031,2012,9.4
35033,2012,10.8
35035,2012,6.4
35037,2012,8.0
35039,2012,9.1
35041,2012,5.5
35043,2012,7.6
35045,2012,7.0
35047,2012,8.7
35049,2012,5.7
35051,2012,9.6
35053,2012,6.8
35055,2012,10.3
35057,2012,10.4
35059,2012,4.3
35061,2012,8.5
36000,2012,8.6
36001,2012,7.2
36003,2012,8.5
36005,2012,12.5
36007,2012,8.8
36009,2012,9.5
36011,2012,8.4
36013,2012,8.6
36015,2012,8.5
36017,2012,8.8
36019,2012,9.5
36021,2012,7.2
36023,2012,8.8
36025,2012,8.9
36027,2012,7.9
36029,2012,8.4
36031,2012,9.7
36033,2012,9.7
36035,2012,11.2
36037,2012,8.0
36039,2012,10.1
36041,2012,10.9
36043,2012,8.9
36045,2012,10.0
36047,2012,9.9
36049,2012,10.1
36051,2012,7.9
36053,2012,8.6
36055,2012,8.0
36057,2012,10.5
36059,2012,7.1
36061,2012,8.1
36063,2012,9.5
36065,2012,8.4
36067,2012,8.0
36069,2012,7.4
36071,2012,8.0
36073,2012,9.8
36075,2012,11.1
36077,2012,8.0
36079,2012,7.3
36081,2012,8.4
36083,2012,7.9
36085,2012,9.6
36087,2012,7.4
36089,2012,10.3
36091,2012,6.9
36093,2012,7.8
36095,2012,9.3
36097,2012,9.5
36099,2012,8.1
36101,2012,9.5
36103,2012,7.9
36105,2012,9.2
36107,2012,8.0
36109,2012,6.2
36111,2012,8.4
36113,2012,9.3
36115,2012,8.4
36117,2012,8.7
36119,2012,7.4
36121,2012,9.0
36123,2012,7.9
37000,2012,9.5
37001,2012,8.7
37003,2012,9.8
37005,2012,10.7
37007,2012,11.2
37009,2012,10.7
37011,2012,10.9
37013,2012,10.8
37015,2012,11.7
37017,2012,13.0
37019,2012,11.5
37021,2012,7.4
37023,2012,10.1
37025,2012,9.2
37027,2012,11.9
37029,2012,8.0
37031,2012,9.1
37033,2012,10.9
37035,2012,10.4
37037,2012,8.0
37039,2012,11.2
37041,2012,11.1
37043,2012,10.6
37045,2012,11.3
37047,2012,12.5
37049,2012,9.7
37051,2012,10.8
37053,2012,8.8
37055,2012,12.6
37057,2012,9.9
37059,2012,9.3
37061,2012,9.3
37063,2012,7.6
37065,2012,14.6
37067,2012,9.1
37069,2012,9.9
37071,2012,10.7
37073,2012,7.9
37075,2012,18.1
37077,2012,8.2
37079,2012,8.8
37081,2012,9.8
37083,2012,13.9
37085,2012,10.9
37087,2012,9.3
37089,2012,7.7
37091,2012,11.0
37093,2012,10.9
37095,2012,13.8
37097,2012,10.2
37099,2012,10.8
37101,2012,8.6
37103,2012,10.2
37105,2012,11.6
37107,2012,10.0
37109,2012,9.8
37111,2012,11.1
37113,2012,10.9
37115,2012,10.0
37117,2012,12.3
37119,2012,9.0
37121,2012,12.5
37123,2012,10.8
37125,2012,9.0
37127,2012,11.8
37129,2012,8.8
37131,2012,11.8
37133,2012,8.2
37135,2012,6.3
37137,2012,9.2
37139,2012,10.3
37141,2012,10.7
37143,2012,10.7
37145,2012,11.3
37147,2012,9.3
37149,2012,8.7
37151,2012,10.2
37153,2012,13.7
37155,2012,13.6
37157,2012,11.5
37159,2012,11.1
37161,2012,13.5
37163,2012,9.6
37165,2012,17.5
37167,2012,10.2
37169,2012,9.5
37171,2012,9.9
37173,2012,15.0
37175,2012,8.9
37177,2012,13.9
37179,2012,8.0
37181,2012,13.8
37183,2012,7.3
37185,2012,12.7
37187,2012,15.7
37189,2012,7.6
37191,2012,8.7
37193,2012,10.6
37195,2012,13.3
37197,2012,9.4
37199,2012,10.9
38000,2012,2.9
38001,2012,2.7
38003,2012,3.3
38005,2012,6.7
38007,2012,3.2
38009,2012,3.2
38011,2012,1.8
38013,2012,1.9
38015,2012,2.7
38017,2012,2.8
38019,2012,3.0
38021,2012,2.6
38023,2012,1.5
38025,2012,1.5
38027,2012,4.9
38029,2012,5.1
38031,2012,3.0
38033,2012,2.4
38035,2012,3.2
38037,2012,3.0
38039,2012,2.5
38041,2012,2.6
38043,2012,4.9
38045,2012,2.4
38047,2012,2.9
38049,2012,4.1
38051,2012,3.1
38053,2012,1.5
38055,2012,4.2
38057,2012,5.1
38059,2012,3.4
38061,2012,1.6
38063,2012,4.0
38065,2012,6.4
38067,2012,6.1
38069,2012,4.1
38071,2012,4.0
38073,2012,2.9
38075,2012,2.2
38077,2012,3.5
38079,2012,10.1
38081,2012,2.5
38083,2012,3.5
38085,2012,4.9
38087,2012,2.1
38089,2012,1.7
38091,2012,2.6
38093,2012,3.3
38095,2012,3.2
38097,2012,3.0
38099,2012,4.7
38101,2012,2.5
38103,2012,3.8
38105,2012,1.1
39000,2012,7.4
39001,2012,12.5
39003,2012,7.7
39005,2012,8.0
39007,2012,9.4
39009,2012,8.5
39011,2012,6.2
39013,2012,8.2
39015,2012,10.0
39017,2012,7.7
39019,2012,7.9
39021,2012,7.4
39023,2012,7.8
39025,2012,7.4
39027,2012,10.7
39029,2012,8.2
39031,2012,10.0
39033,2012,9.0
39035,2012,6.8
39037,2012,7.2
39039,2012,7.7
39041,2012,5.2
39043,2012,8.0
39045,2012,6.6
39047,2012,8.3
39049,2012,6.4
39051,2012,7.7
39053,2012,9.7
39055,2012,5.4
39057,2012,6.9
39059,2012,9.0
39061,2012,7.4
39063,2012,6.4
39065,2012,7.5
39067,2012,8.5
39069,2012,8.7
39071,2012,10.4
39073,2012,8.3
39075,2012,5.1
39077,2012,9.9
39079,2012,10.3
39081,2012,10.8
39083,2012,6.9
39085,2012,6.0
39087,2012,8.5
39089,2012,6.8
39091,2012,7.1
39093,2012,7.1
39095,2012,8.3
39097,2012,6.4
39099,2012,8.3
39101,2012,7.9
39103,2012,5.5
39105,2012,11.5
39107,2012,5.1
39109,2012,7.3
39111,2012,8.4
39113,2012,8.2
39115,2012,9.9
39117,2012,8.1
39119,2012,9.2
39121,2012,11.0
39123,2012,9.5
39125,2012,7.7
39127,2012,9.8
39129,2012,7.4
39131,2012,13.0
39133,2012,7.3
39135,2012,7.7
39137,2012,5.8
39139,2012,8.7
39141,2012,8.4
39143,2012,7.5
39145,2012,11.3
39147,2012,8.0
39149,2012,7.3
39151,2012,7.5
39153,2012,7.5
39155,2012,9.0
39157,2012,7.4
39159,2012,5.8
39161,2012,7.5
39163,2012,10.8
39165,2012,6.5
39167,2012,8.6
39169,2012,6.1
39171,2012,7.9
39173,2012,6.9
39175,2012,6.8
40000,2012,5.1
40001,2012,8.9
40003,2012,2.8
40005,2012,6.6
40007,2012,2.9
40009,2012,2.9
40011,2012,3.8
40013,2012,5.2
40015,2012,5.8
40017,2012,3.8
40019,2012,5.4
40021,2012,6.8
40023,2012,8.2
40025,2012,3.1
40027,2012,4.0
40029,2012,6.9
40031,2012,5.8
40033,2012,5.5
40035,2012,5.5
40037,2012,5.8
40039,2012,3.5
40041,2012,6.4
40043,2012,3.1
40045,2012,2.8
40047,2012,3.9
40049,2012,4.8
40051,2012,4.6
40053,2012,3.3
40055,2012,5.2
40057,2012,4.5
40059,2012,3.1
40061,2012,8.6
40063,2012,7.8
40065,2012,5.0
40067,2012,4.8
40069,2012,7.6
40071,2012,6.9
40073,2012,3.2
40075,2012,4.6
40077,2012,8.2
40079,2012,8.3
40081,2012,4.8
40083,2012,4.2
40085,2012,4.1
40087,2012,4.1
40089,2012,9.2
40091,2012,9.9
40093,2012,3.4
40095,2012,5.6
40097,2012,5.9
40099,2012,4.5
40101,2012,6.5
40103,2012,4.3
40105,2012,6.6
40107,2012,7.4
40109,2012,4.6
40111,2012,7.7
40113,2012,5.7
40115,2012,7.6
40117,2012,6.4
40119,2012,4.6
40121,2012,6.8
40123,2012,4.9
40125,2012,5.1
40127,2012,7.0
40129,2012,2.8
40131,2012,4.8
40133,2012,7.6
40135,2012,8.1
40137,2012,4.8
40139,2012,4.0
40141,2012,4.7
40143,2012,5.0
40145,2012,5.0
40147,2012,4.7
40149,2012,3.9
40151,2012,2.7
40153,2012,3.4
41000,2012,8.8
41001,2012,10.5
41003,2012,6.0
41005,2012,8.0
41007,2012,8.7
41009,2012,10.7
41011,2012,11.1
41013,2012,13.5
41015,2012,11.8
41017,2012,11.2
41019,2012,11.9
41021,2012,10.1
41023,2012,14.0
41025,2012,11.8
41027,2012,7.2
41029,2012,11.1
41031,2012,11.8
41033,2012,12.1
41035,2012,11.7
41037,2012,12.9
41039,2012,8.9
41041,2012,9.9
41043,2012,10.7
41045,2012,9.4
41047,2012,10.0
41049,2012,8.1
41051,2012,7.6
41053,2012,8.9
41055,2012,10.8
41057,2012,9.7
41059,2012,9.1
41061,2012,9.4
41063,2012,11.5
41065,2012,8.4
41067,2012,7.1
41069,2012,6.9
41071,2012,8.5
42000,2012,7.7
42001,2012,6.3
42003,2012,6.8
42005,2012,7.9
42007,2012,7.4
42009,2012,8.4
42011,2012,7.5
42013,2012,7.3
42015,2012,6.7
42017,2012,7.0
42019,2012,6.3
42021,2012,8.6
42023,2012,10.0
42025,2012,9.8
42027,2012,5.4
42029,2012,5.5
42031,2012,8.8
42033,2012,9.2
42035,2012,8.6
42037,2012,8.2
42039,2012,7.5
42041,2012,6.0
42043,2012,7.3
42045,2012,7.5
42047,2012,6.8
42049,2012,7.6
42051,2012,9.7
42053,2012,9.6
42055,2012,6.9
42057,2012,9.0
42059,2012,7.1
42061,2012,9.7
42063,2012,7.9
42065,2012,8.1
42067,2012,7.1
42069,2012,8.6
42071,2012,6.4
42073,2012,7.7
42075,2012,6.5
42077,2012,8.3
42079,2012,9.6
42081,2012,7.7
42083,2012,8.2
42085,2012,7.4
42087,2012,8.5
42089,2012,9.6
42091,2012,6.2
42093,2012,5.7
42095,2012,7.9
42097,2012,8.9
42099,2012,7.1
42101,2012,10.6
42103,2012,9.9
42105,2012,8.9
42107,2012,9.5
42109,2012,7.4
42111,2012,8.7
42113,2012,7.7
42115,2012,7.4
42117,2012,7.5
42119,2012,6.3
42121,2012,7.5
42123,2012,6.7
42125,2012,7.0
42127,2012,7.9
42129,2012,7.2
42131,2012,8.8
42133,2012,7.3
44000,2012,10.2
44001,2012,8.8
44003,2012,9.8
44005,2012,9.1
44007,2012,10.8
44009,2012,9.5
45000,2012,9.0
45001,2012,10.4
45003,2012,8.4
45005,2012,16.6
45007,2012,8.7
45009,2012,15.6
45011,2012,13.6
45013,2012,7.4
45015,2012,8.2
45017,2012,11.0
45019,2012,7.0
45021,2012,12.6
45023,2012,14.5
45025,2012,11.1
45027,2012,12.6
45029,2012,11.8
45031,2012,10.8
45033,2012,13.8
45035,2012,7.7
45037,2012,9.2
45039,2012,12.8
45041,2012,9.4
45043,2012,11.7
45045,2012,7.3
45047,2012,9.9
45049,2012,10.9
45051,2012,10.1
45053,2012,8.3
45055,2012,9.3
45057,2012,11.0
45059,2012,10.1
45061,2012,13.8
45063,2012,6.8
45065,2012,11.5
45067,2012,15.6
45069,2012,17.2
45071,2012,8.6
45073,2012,8.6
45075,2012,14.0
45077,2012,8.8
45079,2012,8.0
45081,2012,8.3
45083,2012,9.2
45085,2012,10.4
45087,2012,13.4
45089,2012,15.5
45091,2012,9.1
46000,2012,4.1
46003,2012,2.8
46005,2012,3.3
46007,2012,6.4
46009,2012,3.7
46011,2012,3.7
46013,2012,3.4
46015,2012,3.4
46017,2012,9.2
46019,2012,4.4
46021,2012,3.4
46023,2012,4.7
46025,2012,4.1
46027,2012,3.6
46029,2012,3.7
46031,2012,7.6
46033,2012,5.1
46035,2012,3.2
46037,2012,5.5
46039,2012,5.6
46041,2012,15.3
46043,2012,3.2
46045,2012,2.8
46047,2012,5.4
46049,2012,3.8
46051,2012,4.2
46053,2012,4.1
46055,2012,3.0
46057,2012,3.7
46059,2012,2.9
46061,2012,4.4
46063,2012,3.4
46065,2012,3.1
46067,2012,3.3
46069,2012,3.4
46071,2012,6.7
46073,2012,2.9
46075,2012,3.6
46077,2012,3.4
46079,2012,4.0
46081,2012,4.3
46083,2012,3.1
46085,2012,5.6
46087,2012,3.6
46089,2012,4.4
46091,2012,4.5
46093,2012,4.2
46095,2012,7.4
46097,2012,3.4
46099,2012,3.8
46101,2012,5.2
46102,2012,13.5
46103,2012,4.2
46105,2012,3.8
46107,2012,3.8
46109,2012,5.4
46111,2012,3.3
46115,2012,3.9
46117,2012,2.9
46119,2012,2.9
46121,2012,9.2
46123,2012,3.5
46125,2012,3.3
46127,2012,4.5
46129,2012,5.8
46135,2012,3.5
46137,2012,6.6
47000,2012,8.0
47001,2012,8.1
47003,2012,9.9
47005,2012,10.0
47007,2012,10.6
47009,2012,7.2
47011,2012,7.5
47013,2012,11.2
47015,2012,8.6
47017,2012,11.1
47019,2012,9.1
47021,2012,7.3
47023,2012,8.0
47025,2012,10.0
47027,2012,10.2
47029,2012,11.7
47031,2012,8.4
47033,2012,9.3
47035,2012,9.2
47037,2012,6.3
47039,2012,10.5
47041,2012,9.8
47043,2012,8.5
47045,2012,11.2
47047,2012,8.6
47049,2012,9.9
47051,2012,7.9
47053,2012,10.5
47055,2012,8.6
47057,2012,10.5
47059,2012,10.3
47061,2012,10.2
47063,2012,9.6
47065,2012,7.0
47067,2012,12.0
47069,2012,11.1
47071,2012,10.2
47073,2012,9.0
47075,2012,11.7
47077,2012,9.8
47079,2012,9.6
47081,2012,9.0
47083,2012,11.4
47085,2012,9.7
47087,2012,10.6
47089,2012,9.5
47091,2012,9.6
47093,2012,6.2
47095,2012,10.6
47097,2012,11.1
47099,2012,9.7
47101,2012,11.0
47103,2012,6.2
47105,2012,7.7
47107,2012,9.3
47109,2012,10.4
47111,2012,8.5
47113,2012,8.3
47115,2012,9.3
47117,2012,9.5
47119,2012,8.0
47121,2012,10.5
47123,2012,10.1
47125,2012,7.7
47127,2012,5.9
47129,2012,10.4
47131,2012,13.6
47133,2012,9.1
47135,2012,9.9
47137,2012,9.5
47139,2012,10.0
47141,2012,8.2
47143,2012,10.4
47145,2012,8.8
47147,2012,7.2
47149,2012,6.6
47151,2012,15.8
47153,2012,8.5
47155,2012,8.9
47157,2012,8.8
47159,2012,8.3
47161,2012,11.2
47163,2012,7.7
47165,2012,6.6
47167,2012,9.0
47169,2012,8.8
47171,2012,10.5
47173,2012,9.6
47175,2012,11.7
47177,2012,8.9
47179,2012,7.2
47181,2012,9.6
47183,2012,11.1
47185,2012,9.9
47187,2012,5.0
47189,2012,6.5
48000,2012,6.7
48001,2012,6.3
48003,2012,4.0
48005,2012,6.9
48007,2012,6.9
48009,2012,5.5
48011,2012,4.4
48013,2012,6.7
48015,2012,6.4
48017,2012,6.9
48019,2012,6.5
48021,2012,6.6
48023,2012,5.1
48025,2012,7.0
48027,2012,7.4
48029,2012,6.3
48031,2012,5.1
48033,2012,4.1
48035,2012,7.2
48037,2012,7.4
48039,2012,6.6
48041,2012,5.2
48043,2012,5.1
48045,2012,5.5
48047,2012,8.7
48049,2012,6.7
48051,2012,6.3
48053,2012,5.9
48055,2012,7.1
48057,2012,7.3
48059,2012,6.0
48061,2012,10.2
48063,2012,8.0
48065,2012,4.5
48067,2012,9.1
48069,2012,4.3
48071,2012,8.0
48073,2012,7.2
48075,2012,4.4
48077,2012,5.6
48079,2012,7.5
48081,2012,5.0
48083,2012,7.5
48085,2012,5.9
48087,2012,4.9
48089,2012,6.3
48091,2012,6.0
48093,2012,6.3
48095,2012,4.2
48097,2012,5.0
48099,2012,7.3
48101,2012,7.4
48103,2012,4.9
48105,2012,5.0
48107,2012,7.1
48109,2012,6.0
48111,2012,3.7
48113,2012,7.1
48115,2012,6.4
48117,2012,4.7
48119,2012,6.7
48121,2012,5.7
48123,2012,4.8
48125,2012,10.6
48127,2012,5.8
48129,2012,5.9
48131,2012,7.0
48133,2012,6.6
48135,2012,4.6
48137,2012,6.4
48139,2012,6.7
48141,2012,8.5
48143,2012,5.5
48145,2012,7.3
48147,2012,7.0
48149,2012,4.8
48151,2012,5.4
48153,2012,6.4
48155,2012,5.8
48157,2012,5.9
48159,2012,7.4
48161,2012,6.7
48163,2012,5.0
48165,2012,4.2
48167,2012,7.6
48169,2012,4.9
48171,2012,4.7
48173,2012,3.9
48175,2012,5.5
48177,2012,5.0
48179,2012,5.6
48181,2012,6.8
48183,2012,6.2
48185,2012,6.4
48187,2012,5.6
48189,2012,6.9
48191,2012,7.8
48193,2012,5.8
48195,2012,3.4
48197,2012,5.9
48199,2012,8.4
48201,2012,6.6
48203,2012,7.4
48205,2012,3.3
48207,2012,5.3
48209,2012,5.8
48211,2012,2.9
48213,2012,7.5
48215,2012,10.5
48217,2012,6.9
48219,2012,5.3
48221,2012,6.5
48223,2012,6.4
48225,2012,7.0
48227,2012,5.6
48229,2012,7.4
48231,2012,8.2
48233,2012,6.5
48235,2012,4.5
48237,2012,5.7
48239,2012,5.1
48241,2012,10.6
48243,2012,4.9
48245,2012,11.0
48247,2012,6.5
48249,2012,6.1
48251,2012,6.6
48253,2012,7.2
48255,2012,6.0
48257,2012,6.9
48259,2012,5.4
48261,2012,5.1
48263,2012,3.8
48265,2012,5.8
48267,2012,4.9
48269,2012,4.5
48271,2012,8.7
48273,2012,6.9
48275,2012,5.2
48277,2012,9.2
48279,2012,7.9
48281,2012,7.1
48283,2012,4.4
48285,2012,4.8
48287,2012,5.4
48289,2012,7.3
48291,2012,9.5
48293,2012,6.8
48295,2012,3.8
48297,2012,4.6
48299,2012,6.7
48301,2012,6.0
48303,2012,5.3
48305,2012,6.0
48307,2012,5.4
48309,2012,6.6
48311,2012,2.3
48313,2012,7.0
48315,2012,9.1
48317,2012,4.5
48319,2012,5.2
48321,2012,10.1
48323,2012,12.4
48325,2012,6.5
48327,2012,6.3
48329,2012,3.9
48331,2012,8.5
48333,2012,5.4
48335,2012,5.9
48337,2012,5.4
48339,2012,5.9
48341,2012,4.3
48343,2012,9.7
48345,2012,6.0
48347,2012,6.6
48349,2012,7.2
48351,2012,11.0
48353,2012,5.9
48355,2012,6.5
48357,2012,3.8
48359,2012,4.2
48361,2012,10.4
48363,2012,6.7
48365,2012,6.8
48367,2012,5.9
48369,2012,4.1
48371,2012,5.1
48373,2012,8.0
48375,2012,5.3
48377,2012,13.2
48379,2012,6.9
48381,2012,4.4
48383,2012,3.4
48385,2012,9.3
48387,2012,10.6
48389,2012,6.7
48391,2012,6.0
48393,2012,4.9
48395,2012,8.0
48397,2012,6.1
48399,2012,5.5
48401,2012,6.2
48403,2012,14.4
48405,2012,12.0
48407,2012,8.2
48409,2012,7.5
48411,2012,6.2
48413,2012,4.0
48415,2012,4.4
48417,2012,3.5
48419,2012,7.2
48421,2012,4.1
48423,2012,7.0
48425,2012,6.6
48427,2012,14.4
48429,2012,5.9
48431,2012,3.5
48433,2012,4.3
48435,2012,4.8
48437,2012,5.9
48439,2012,6.5
48441,2012,5.6
48443,2012,4.6
48445,2012,6.5
48447,2012,5.3
48449,2012,7.5
48451,2012,5.3
48453,2012,5.5
48455,2012,8.2
48457,2012,10.6
48459,2012,6.7
48461,2012,4.0
48463,2012,7.9
48465,2012,7.6
48467,2012,6.9
48469,2012,5.6
48471,2012,6.9
48473,2012,7.0
48475,2012,4.8
48477,2012,5.6
48479,2012,6.4
48481,2012,6.7
48483,2012,4.3
48485,2012,6.0
48487,2012,6.0
48489,2012,15.7
48491,2012,5.8
48493,2012,5.5
48495,2012,5.6
48497,2012,6.4
48499,2012,7.8
48501,2012,4.0
48503,2012,5.7
48505,2012,6.3
48507,2012,13.4
49000,2012,4.8
49001,2012,5.4
49003,2012,5.1
49005,2012,4.0
49007,2012,6.2
49009,2012,4.4
49011,2012,4.3
49013,2012,4.1
49015,2012,6.3
49017,2012,8.4
49019,2012,7.5
49021,2012,6.0
49023,2012,5.4
49025,2012,5.9
49027,2012,4.1
49029,2012,4.3
49031,2012,7.5
49033,2012,4.7
49035,2012,4.6
49037,2012,7.8
49039,2012,5.7
49041,2012,5.4
49043,2012,4.4
49045,2012,5.3
49047,2012,3.9
49049,2012,4.4
49051,2012,5.1
49053,2012,6.1
49055,2012,9.5
49057,2012,5.6
50000,2012,4.8
50001,2012,4.4
50003,2012,5.7
50005,2012,6.1
50007,2012,3.7
50009,2012,7.8
50011,2012,4.4
50013,2012,5.3
50015,2012,6.2
50017,2012,4.6
50019,2012,7.5
50021,2012,6.1
50023,2012,4.6
50025,2012,5.0
50027,2012,4.5
51000,2012,5.9
51001,2012,7.7
51003,2012,5.1
51005,2012,6.9
51007,2012,6.4
51009,2012,6.6
51011,2012,7.3
51013,2012,3.4
51015,2012,5.7
51017,2012,5.7
51019,2012,5.8
51021,2012,6.9
51023,2012,5.4
51025,2012,9.9
51027,2012,8.9
51029,2012,8.4
51031,2012,6.3
51033,2012,7.6
51035,2012,8.4
51036,2012,7.7
51037,2012,8.5
51041,2012,6.0
51043,2012,5.1
51045,2012,6.9
51047,2012,5.6
51049,2012,7.0
51051,2012,10.5
51053,2012,7.4
51057,2012,7.2
51059,2012,4.4
51061,2012,5.0
51063,2012,5.6
51065,2012,5.1
51067,2012,6.4
51069,2012,5.7
51071,2012,7.1
51073,2012,5.5
51075,2012,5.5
51077,2012,9.4
51079,2012,5.4
51081,2012,8.5
51083,2012,9.3
51085,2012,5.4
51087,2012,5.9
51089,2012,10.4
51091,2012,4.8
51093,2012,6.2
51095,2012,5.6
51097,2012,6.5
51099,2012,6.4
51101,2012,6.2
51103,2012,7.8
51105,2012,8.1
51107,2012,4.4
51109,2012,6.1
51111,2012,7.4
51113,2012,4.7
51115,2012,5.6
51117,2012,9.2
51119,2012,5.9
51121,2012,5.8
51125,2012,5.7
51127,2012,5.5
51131,2012,9.1
51133,2012,8.0
51135,2012,6.2
51137,2012,6.5
51139,2012,10.0
51141,2012,8.9
51143,2012,7.6
51145,2012,5.5
51147,2012,8.3
51149,2012,7.3
51153,2012,5.2
51155,2012,7.3
51157,2012,5.3
51159,2012,6.3
51161,2012,5.1
51163,2012,6.0
51165,2012,5.6
51167,2012,8.5
51169,2012,7.4
51171,2012,6.2
51173,2012,9.4
51175,2012,6.2
51177,2012,6.0
51179,2012,5.7
51181,2012,7.6
51183,2012,9.6
51185,2012,8.1
51187,2012,6.6
51191,2012,6.6
51193,2012,7.1
51195,2012,8.8
51197,2012,7.6
51199,2012,5.7
51510,2012,4.0
51520,2012,7.1
51530,2012,7.7
51540,2012,5.0
51550,2012,6.3
51570,2012,6.8
51580,2012,8.8
51590,2012,10.1
51595,2012,10.3
51600,2012,4.2
51610,2012,3.9
51620,2012,9.8
51630,2012,6.9
51640,2012,8.7
51650,2012,8.1
51660,2012,7.2
51670,2012,9.9
51678,2012,8.6
51680,2012,7.3
51683,2012,5.5
51685,2012,5.2
51690,2012,12.6
51700,2012,7.3
51710,2012,7.5
51720,2012,7.5
51730,2012,11.7
51735,2012,5.3
51740,2012,8.6
51750,2012,7.8
51760,2012,7.3
51770,2012,7.1
51775,2012,5.8
51790,2012,6.3
51800,2012,6.9
51810,2012,5.6
51820,2012,6.9
51830,2012,8.2
51840,2012,6.5
53000,2012,7.7
53001,2012,8.3
53003,2012,7.1
53005,2012,8.5
53007,2012,7.3
53009,2012,9.6
53011,2012,8.6
53013,2012,7.6
53015,2012,9.8
53017,2012,8.3
53019,2012,14.4
53021,2012,8.9
53023,2012,7.0
53025,2012,8.7
53027,2012,11.9
53029,2012,7.5
53031,2012,9.1
53033,2012,6.3
53035,2012,7.2
53037,2012,8.1
53039,2012,9.4
53041,2012,11.0
53043,2012,6.6
53045,2012,10.0
53047,2012,8.7
53049,2012,11.1
53051,2012,11.7
53053,2012,8.5
53055,2012,5.9
53057,2012,8.8
53059,2012,9.7
53061,2012,7.4
53063,2012,8.3
53065,2012,10.8
53067,2012,7.7
53069,2012,11.7
53071,2012,6.8
53073,2012,7.5
53075,2012,6.0
53077,2012,9.7
54000,2012,7.2
54001,2012,8.0
54003,2012,6.4
54005,2012,10.1
54007,2012,10.4
54009,2012,8.4
54011,2012,6.3
54013,2012,10.7
54015,2012,11.7
54017,2012,6.1
54019,2012,8.4
54021,2012,7.5
54023,2012,8.5
54025,2012,7.7
54027,2012,7.7
54029,2012,9.0
54031,2012,10.3
54033,2012,6.3
54035,2012,8.3
54037,2012,5.2
54039,2012,6.4
54041,2012,6.8
54043,2012,10.0
54045,2012,9.4
54047,2012,11.7
54049,2012,6.2
54051,2012,7.8
54053,2012,9.5
54055,2012,8.1
54057,2012,8.2
54059,2012,9.4
54061,2012,5.0
54063,2012,7.0
54065,2012,7.1
54067,2012,9.0
54069,2012,6.1
54071,2012,6.6
54073,2012,8.4
54075,2012,9.8
54077,2012,6.8
54079,2012,6.2
54081,2012,7.0
54083,2012,8.4
54085,2012,7.1
54087,2012,11.0
54089,2012,8.5
54091,2012,6.6
54093,2012,7.8
54095,2012,8.8
54097,2012,7.5
54099,2012,7.3
54101,2012,10.3
54103,2012,9.1
54105,2012,10.6
54107,2012,7.0
54109,2012,8.9
55000,2012,6.9
55001,2012,10.8
55003,2012,9.1
55005,2012,7.8
55007,2012,10.6
55009,2012,6.5
55011,2012,6.2
55013,2012,8.9
55015,2012,5.3
55017,2012,6.7
55019,2012,7.3
55021,2012,7.1
55023,2012,8.3
55025,2012,4.8
55027,2012,7.0
55029,2012,10.1
55031,2012,6.8
55033,2012,6.5
55035,2012,5.7
55037,2012,8.2
55039,2012,6.4
55041,2012,10.8
55043,2012,5.9
55045,2012,6.1
55047,2012,7.4
55049,2012,6.6
55051,2012,10.3
55053,2012,7.2
55055,2012,6.6
55057,2012,8.3
55059,2012,8.0
55061,2012,6.4
55063,2012,5.4
55065,2012,5.5
55067,2012,9.1
55069,2012,9.0
55071,2012,7.6
55073,2012,7.2
55075,2012,8.2
55077,2012,8.6
55078,2012,16.1
55079,2012,8.5
55081,2012,7.2
55083,2012,8.3
55085,2012,8.6
55087,2012,6.3
55089,2012,5.4
55091,2012,5.6
55093,2012,5.4
55095,2012,7.9
55097,2012,7.2
55099,2012,7.4
55101,2012,8.2
55103,2012,6.2
55105,2012,8.2
55107,2012,8.9
55109,2012,5.7
55111,2012,6.8
55113,2012,10.6
55115,2012,7.9
55117,2012,6.7
55119,2012,7.1
55121,2012,5.6
55123,2012,6.3
55125,2012,9.9
55127,2012,7.1
55129,2012,7.8
55131,2012,6.0
55133,2012,5.7
55135,2012,7.5
55137,2012,8.6
55139,2012,6.6
55141,2012,7.4
56000,2012,5.5
56001,2012,4.4
56003,2012,5.8
56005,2012,4.8
56007,2012,5.3
56009,2012,4.4
56011,2012,5.0
56013,2012,6.2
56015,2012,4.8
56017,2012,4.9
56019,2012,5.5
56021,2012,5.9
56023,2012,7.4
56025,2012,5.2
56027,2012,4.0
56029,2012,5.7
56031,2012,5.1
56033,2012,6.4
56035,2012,5.0
56037,2012,4.9
56039,2012,6.9
56041,2012,5.8
56043,2012,5.3
56045,2012,4.2
72000,2012,14.5
72001,2012,21.7
72003,2012,18.3
72005,2012,18.7
72007,2012,18.6
72009,2012,19.0
72011,2012,17.0
72013,2012,15.9
72015,2012,22.6
72017,2012,19.3
72019,2012,16.2
72021,2012,11.0
72023,2012,15.4
72025,2012,13.5
72027,2012,14.3
72029,2012,13.9
72031,2012,10.5
72033,2012,13.5
72035,2012,14.9
72037,2012,19.0
72039,2012,21.7
72041,2012,14.5
72043,2012,21.0
72045,2012,20.4
72047,2012,16.0
72049,2012,5.7
72051,2012,9.1
72053,2012,18.0
72054,2012,19.2
72055,2012,24.8
72057,2012,20.9
72059,2012,21.4
72061,2012,6.6
72063,2012,11.3
72065,2012,16.2
72067,2012,14.9
72069,2012,19.7
72071,2012,18.2
72073,2012,16.9
72075,2012,16.4
72077,2012,16.3
72079,2012,23.1
72081,2012,19.6
72083,2012,16.2
72085,2012,18.8
72087,2012,12.9
72089,2012,19.7
72091,2012,15.0
72093,2012,18.5
72095,2012,22.9
72097,2012,16.7
72099,2012,19.3
72101,2012,18.3
72103,2012,17.1
72105,2012,16.9
72107,2012,19.9
72109,2012,25.1
72111,2012,20.4
72113,2012,15.9
72115,2012,18.5
72117,2012,18.7
72119,2012,12.4
72121,2012,20.9
72123,2012,24.9
72125,2012,18.3
72127,2012,8.8
72129,2012,15.8
72131,2012,22.1
72133,2012,20.0
72135,2012,10.1
72137,2012,10.6
72139,2012,8.4
72141,2012,19.4
72143,2012,14.1
72145,2012,16.0
72147,2012,12.9
72149,2012,20.8
72151,2012,23.3
72153,2012,20.7
